Nº Patrimônio,Produto,Descrição,Valor,Cód. Projeto,Projeto,Gestor,Coordenador,Situação,NF,Data Emissão da Nota,Data do Termo de Doação,Nº Termo de Doação
4064,Cadeira,Mobiliário - Cadeiras para Laboratórios 3 e 4 / Salas 7 e 8,590.0,112.0,ARANOUÁ - ANO 3 (10622-4),Luciana Cecilia Brito de Vasconcelos,Jeconias Ferreira dos Santos,Doado,3241.0,2023-05-19,2025-12-10,022-2025
4065,Cadeira,Mobiliário - Cadeiras para Laboratórios 3 e 4 / Salas 7 e 8,590.0,112.0,ARANOUÁ - ANO 3 (10622-4),Luciana Cecilia Brito de Vasconcelos,Jeconias Ferreira dos Santos,Doado,3241.0,2023-05-19,2025-12-10,022-2025
4066,Cadeira,Mobiliário - Cadeiras para Laboratórios 3 e 4 / Salas 7 e 8,590.0,112.0,ARANOUÁ - ANO 3 (10622-4),Luciana Cecilia Brito de Vasconcelos,Jeconias Ferreira dos Santos,Doado,3241.0,2023-05-19,2025-12-10,022-2025
4067,Cadeira,Mobiliário - Cadeiras para Laboratórios 3 e 4 / Salas 7 e 8,590.0,112.0,ARANOUÁ - ANO 3 (10622-4),Luciana Cecilia Brito de Vasconcelos,Jeconias Ferreira dos Santos,Doado,3241.0,2023-05-19,2025-12-10,022-2025
4068,Cadeira,Mobiliário - Cadeiras para Laboratórios 3 e 4 / Salas 7 e 8,590.0,112.0,ARANOUÁ - ANO 3 (10622-4),Luciana Cecilia Brito de Vasconcelos,Jeconias Ferreira dos Santos,Doado,3241.0,2023-05-19,2025-12-10,022-2025
4069,Cadeira,Mobiliário - Cadeiras para Laboratórios 3 e 4 / Salas 7 e 8,590.0,112.0,ARANOUÁ - ANO 3 (10622-4),Luciana Cecilia Brito de Vasconcelos,Jeconias Ferreira dos Santos,Doado,3241.0,2023-05-19,2025-12-10,022-2025
4070,Cadeira,Mobiliário - Cadeiras para Laboratórios 3 e 4 / Salas 7 e 8,590.0,112.0,ARANOUÁ - ANO 3 (10622-4),Luciana Cecilia Brito de Vasconcelos,Jeconias Ferreira dos Santos,Doado,3241.0,2023-05-19,2025-12-10,022-2025
4071,Cadeira,Mobiliário - Cadeiras para Laboratórios 3 e 4 / Salas 7 e 8,590.0,112.0,ARANOUÁ - ANO 3 (10622-4),Luciana Cecilia Brito de Vasconcelos,Jeconias Ferreira dos Santos,Doado,3241.0,2023-05-19,2025-12-10,022-2025
4072,Cadeira,Mobiliário - Cadeiras para Laboratórios 3 e 4 / Salas 7 e 8,590.0,112.0,ARANOUÁ - ANO 3 (10622-4),Luciana Cecilia Brito de Vasconcelos,Jeconias Ferreira dos Santos,Doado,3241.0,2023-05-19,2025-12-10,022-2025
4073,Cadeira,Mobiliário - Cadeiras para Laboratórios 3 e 4 / Salas 7 e 8,590.0,112.0,ARANOUÁ - ANO 3 (10622-4),Luciana Cecilia Brito de Vasconcelos,Jeconias Ferreira dos Santos,Doado,3241.0,2023-05-19,2025-12-10,022-2025
4074,Cadeira,Mobiliário - Cadeiras para Laboratórios 3 e 4 / Salas 7 e 8,590.0,112.0,ARANOUÁ - ANO 3 (10622-4),Luciana Cecilia Brito de Vasconcelos,Jeconias Ferreira dos Santos,Doado,3241.0,2023-05-19,2025-12-10,022-2025
4075,Cadeira,Mobiliário - Cadeiras para Laboratórios 3 e 4 / Salas 7 e 8,590.0,112.0,ARANOUÁ - ANO 3 (10622-4),Luciana Cecilia Brito de Vasconcelos,Jeconias Ferreira dos Santos,Doado,3241.0,2023-05-19,2025-12-10,022-2025
4076,Cadeira,Mobiliário - Cadeiras para Laboratórios 3 e 4 / Salas 7 e 8,590.0,112.0,ARANOUÁ - ANO 3 (10622-4),Luciana Cecilia Brito de Vasconcelos,Jeconias Ferreira dos Santos,Doado,3241.0,2023-05-19,2025-12-10,022-2025
4077,Cadeira,Mobiliário - Cadeiras para Laboratórios 3 e 4 / Salas 7 e 8,590.0,112.0,ARANOUÁ - ANO 3 (10622-4),Luciana Cecilia Brito de Vasconcelos,Jeconias Ferreira dos Santos,Doado,3241.0,2023-05-19,2025-12-10,022-2025
4078,Cadeira,Mobiliário - Cadeiras para Laboratórios 3 e 4 / Salas 7 e 8,590.0,112.0,ARANOUÁ - ANO 3 (10622-4),Luciana Cecilia Brito de Vasconcelos,Jeconias Ferreira dos Santos,Doado,3241.0,2023-05-19,2025-12-10,022-2025
4079,Cadeira,Mobiliário - Cadeiras para Laboratórios 3 e 4 / Salas 7 e 8,590.0,112.0,ARANOUÁ - ANO 3 (10622-4),Luciana Cecilia Brito de Vasconcelos,Jeconias Ferreira dos Santos,Doado,3241.0,2023-05-19,2025-12-10,022-2025
4080,Cadeira,Poltronas Coloridas Padrões - Auditório ,295.0,112.0,ARANOUÁ - ANO 3 (10622-4),Luciana Cecilia Brito de Vasconcelos,Jeconias Ferreira dos Santos,Doado,2715.0,2023-05-16,2025-12-10,022-2025
4081,Cadeira,Poltronas Coloridas Padrões - Auditório ,295.0,112.0,ARANOUÁ - ANO 3 (10622-4),Luciana Cecilia Brito de Vasconcelos,Jeconias Ferreira dos Santos,Doado,2715.0,2023-05-16,2025-12-10,022-2025
4082,Cadeira,Poltronas Coloridas Padrões - Auditório ,295.0,112.0,ARANOUÁ - ANO 3 (10622-4),Luciana Cecilia Brito de Vasconcelos,Jeconias Ferreira dos Santos,Doado,2715.0,2023-05-16,2025-12-10,022-2025
4083,Cadeira,Poltronas Coloridas Padrões - Auditório ,295.0,112.0,ARANOUÁ - ANO 3 (10622-4),Luciana Cecilia Brito de Vasconcelos,Jeconias Ferreira dos Santos,Doado,2715.0,2023-05-16,2025-12-10,022-2025
4084,Cadeira,Poltronas Coloridas Padrões - Auditório ,295.0,112.0,ARANOUÁ - ANO 3 (10622-4),Luciana Cecilia Brito de Vasconcelos,Jeconias Ferreira dos Santos,Doado,2715.0,2023-05-16,2025-12-10,022-2025
4085,Cadeira,Poltronas Coloridas Padrões - Auditório ,295.0,112.0,ARANOUÁ - ANO 3 (10622-4),Luciana Cecilia Brito de Vasconcelos,Jeconias Ferreira dos Santos,Doado,2715.0,2023-05-16,2025-12-10,022-2025
4086,Cadeira,Poltronas Coloridas Padrões - Auditório ,295.0,112.0,ARANOUÁ - ANO 3 (10622-4),Luciana Cecilia Brito de Vasconcelos,Jeconias Ferreira dos Santos,Doado,2715.0,2023-05-16,2025-12-10,022-2025
4087,Cadeira,Poltronas Coloridas Padrões - Auditório ,295.0,112.0,ARANOUÁ - ANO 3 (10622-4),Luciana Cecilia Brito de Vasconcelos,Jeconias Ferreira dos Santos,Doado,2715.0,2023-05-16,2025-12-10,022-2025
4088,Cadeira,Poltronas Coloridas Padrões - Auditório ,295.0,112.0,ARANOUÁ - ANO 3 (10622-4),Luciana Cecilia Brito de Vasconcelos,Jeconias Ferreira dos Santos,Doado,2715.0,2023-05-16,2025-12-10,022-2025
4089,Cadeira,Poltronas Coloridas Padrões - Auditório ,295.0,112.0,ARANOUÁ - ANO 3 (10622-4),Luciana Cecilia Brito de Vasconcelos,Jeconias Ferreira dos Santos,Doado,2715.0,2023-05-16,2025-12-10,022-2025
4090,Cadeira,Poltronas Coloridas Padrões - Auditório ,295.0,112.0,ARANOUÁ - ANO 3 (10622-4),Luciana Cecilia Brito de Vasconcelos,Jeconias Ferreira dos Santos,Doado,2715.0,2023-05-16,2025-12-10,022-2025
4091,Cadeira,Poltronas Coloridas Padrões - Auditório ,295.0,112.0,ARANOUÁ - ANO 3 (10622-4),Luciana Cecilia Brito de Vasconcelos,Jeconias Ferreira dos Santos,Doado,2715.0,2023-05-16,2025-12-10,022-2025
4092,Cadeira,Poltronas Coloridas Padrões - Auditório ,295.0,112.0,ARANOUÁ - ANO 3 (10622-4),Luciana Cecilia Brito de Vasconcelos,Jeconias Ferreira dos Santos,Doado,2715.0,2023-05-16,2025-12-10,022-2025
4093,Cadeira,Poltronas Coloridas Padrões - Auditório ,295.0,112.0,ARANOUÁ - ANO 3 (10622-4),Luciana Cecilia Brito de Vasconcelos,Jeconias Ferreira dos Santos,Doado,2715.0,2023-05-16,2025-12-10,022-2025
4094,Cadeira,Poltronas Coloridas Padrões - Auditório ,295.0,112.0,ARANOUÁ - ANO 3 (10622-4),Luciana Cecilia Brito de Vasconcelos,Jeconias Ferreira dos Santos,Doado,2715.0,2023-05-16,2025-12-10,022-2025
4095,Cadeira,Poltronas Coloridas Padrões - Auditório ,295.0,112.0,ARANOUÁ - ANO 3 (10622-4),Luciana Cecilia Brito de Vasconcelos,Jeconias Ferreira dos Santos,Doado,2715.0,2023-05-16,2025-12-10,022-2025
4096,Cadeira,Poltronas Coloridas Padrões - Auditório ,295.0,112.0,ARANOUÁ - ANO 3 (10622-4),Luciana Cecilia Brito de Vasconcelos,Jeconias Ferreira dos Santos,Doado,2715.0,2023-05-16,2025-12-10,022-2025
4097,Cadeira,Poltronas Coloridas Padrões - Auditório ,295.0,112.0,ARANOUÁ - ANO 3 (10622-4),Luciana Cecilia Brito de Vasconcelos,Jeconias Ferreira dos Santos,Doado,2715.0,2023-05-16,2025-12-10,022-2025
4098,Cadeira,Poltronas Coloridas Padrões - Auditório ,295.0,112.0,ARANOUÁ - ANO 3 (10622-4),Luciana Cecilia Brito de Vasconcelos,Jeconias Ferreira dos Santos,Doado,2715.0,2023-05-16,2025-12-10,022-2025
4099,Cadeira,Poltronas Coloridas Padrões - Auditório ,295.0,112.0,ARANOUÁ - ANO 3 (10622-4),Luciana Cecilia Brito de Vasconcelos,Jeconias Ferreira dos Santos,Doado,2715.0,2023-05-16,2025-12-10,022-2025
4100,Cadeira,Poltronas Coloridas Padrões - Auditório ,295.0,112.0,ARANOUÁ - ANO 3 (10622-4),Luciana Cecilia Brito de Vasconcelos,Jeconias Ferreira dos Santos,Doado,2715.0,2023-05-16,2025-12-10,022-2025
4101,Cadeira,Poltronas Coloridas Padrões - Auditório ,295.0,112.0,ARANOUÁ - ANO 3 (10622-4),Luciana Cecilia Brito de Vasconcelos,Jeconias Ferreira dos Santos,Doado,2715.0,2023-05-16,2025-12-10,022-2025
4102,Cadeira,Poltronas Coloridas Padrões - Auditório ,295.0,112.0,ARANOUÁ - ANO 3 (10622-4),Luciana Cecilia Brito de Vasconcelos,Jeconias Ferreira dos Santos,Doado,2715.0,2023-05-16,2025-12-10,022-2025
4103,Cadeira,Poltronas Coloridas Padrões - Auditório ,295.0,112.0,ARANOUÁ - ANO 3 (10622-4),Luciana Cecilia Brito de Vasconcelos,Jeconias Ferreira dos Santos,Doado,2715.0,2023-05-16,2025-12-10,022-2025
4104,Cadeira,Poltronas Coloridas Padrões - Auditório ,295.0,112.0,ARANOUÁ - ANO 3 (10622-4),Luciana Cecilia Brito de Vasconcelos,Jeconias Ferreira dos Santos,Doado,2715.0,2023-05-16,2025-12-10,022-2025
4105,Cadeira,Poltronas Coloridas Padrões - Auditório ,295.0,112.0,ARANOUÁ - ANO 3 (10622-4),Luciana Cecilia Brito de Vasconcelos,Jeconias Ferreira dos Santos,Doado,2715.0,2023-05-16,2025-12-10,022-2025
4106,Cadeira,Poltronas Coloridas Padrões - Auditório ,295.0,112.0,ARANOUÁ - ANO 3 (10622-4),Luciana Cecilia Brito de Vasconcelos,Jeconias Ferreira dos Santos,Doado,2715.0,2023-05-16,2025-12-10,022-2025
4107,Cadeira,Poltronas Coloridas Padrões - Auditório ,295.0,112.0,ARANOUÁ - ANO 3 (10622-4),Luciana Cecilia Brito de Vasconcelos,Jeconias Ferreira dos Santos,Doado,2715.0,2023-05-16,2025-12-10,022-2025
4108,Cadeira,Poltronas Coloridas Padrões - Auditório ,295.0,112.0,ARANOUÁ - ANO 3 (10622-4),Luciana Cecilia Brito de Vasconcelos,Jeconias Ferreira dos Santos,Doado,2715.0,2023-05-16,2025-12-10,022-2025
4109,Cadeira,Poltronas Coloridas Padrões - Auditório ,295.0,112.0,ARANOUÁ - ANO 3 (10622-4),Luciana Cecilia Brito de Vasconcelos,Jeconias Ferreira dos Santos,Doado,2715.0,2023-05-16,2025-12-10,022-2025
4110,Cadeira,Poltronas Coloridas Padrões - Auditório ,295.0,112.0,ARANOUÁ - ANO 3 (10622-4),Luciana Cecilia Brito de Vasconcelos,Jeconias Ferreira dos Santos,Doado,2715.0,2023-05-16,2025-12-10,022-2025
4111,Cadeira,Poltronas Coloridas Padrões - Auditório ,295.0,112.0,ARANOUÁ - ANO 3 (10622-4),Luciana Cecilia Brito de Vasconcelos,Jeconias Ferreira dos Santos,Doado,2715.0,2023-05-16,2025-12-10,022-2025
4112,Cadeira,Poltronas Coloridas Padrões - Auditório ,295.0,112.0,ARANOUÁ - ANO 3 (10622-4),Luciana Cecilia Brito de Vasconcelos,Jeconias Ferreira dos Santos,Doado,2715.0,2023-05-16,2025-12-10,022-2025
4113,Cadeira,Poltronas Coloridas Padrões - Auditório ,295.0,112.0,ARANOUÁ - ANO 3 (10622-4),Luciana Cecilia Brito de Vasconcelos,Jeconias Ferreira dos Santos,Doado,2715.0,2023-05-16,2025-12-10,022-2025
4114,Cadeira,Poltronas Coloridas Padrões - Auditório ,295.0,112.0,ARANOUÁ - ANO 3 (10622-4),Luciana Cecilia Brito de Vasconcelos,Jeconias Ferreira dos Santos,Doado,2715.0,2023-05-16,2025-12-10,022-2025
4115,Cadeira,Poltronas Coloridas Padrões - Auditório ,295.0,112.0,ARANOUÁ - ANO 3 (10622-4),Luciana Cecilia Brito de Vasconcelos,Jeconias Ferreira dos Santos,Doado,2715.0,2023-05-16,2025-12-10,022-2025
4116,Cadeira,Poltronas Coloridas Padrões - Auditório ,295.0,112.0,ARANOUÁ - ANO 3 (10622-4),Luciana Cecilia Brito de Vasconcelos,Jeconias Ferreira dos Santos,Doado,2715.0,2023-05-16,2025-12-10,022-2025
4117,Cadeira,Poltronas Coloridas Padrões - Auditório ,295.0,112.0,ARANOUÁ - ANO 3 (10622-4),Luciana Cecilia Brito de Vasconcelos,Jeconias Ferreira dos Santos,Doado,2715.0,2023-05-16,2025-12-10,022-2025
4118,Cadeira,Poltronas Coloridas Padrões - Auditório ,295.0,112.0,ARANOUÁ - ANO 3 (10622-4),Luciana Cecilia Brito de Vasconcelos,Jeconias Ferreira dos Santos,Doado,2715.0,2023-05-16,2025-12-10,022-2025
4119,Cadeira,Poltronas Coloridas Padrões - Auditório ,295.0,112.0,ARANOUÁ - ANO 3 (10622-4),Luciana Cecilia Brito de Vasconcelos,Jeconias Ferreira dos Santos,Doado,2715.0,2023-05-16,2025-12-10,022-2025
4120,Cadeira,Poltronas Coloridas Padrões - Auditório ,295.0,112.0,ARANOUÁ - ANO 3 (10622-4),Luciana Cecilia Brito de Vasconcelos,Jeconias Ferreira dos Santos,Doado,2715.0,2023-05-16,2025-12-10,022-2025
4121,Cadeira,Poltronas Coloridas Padrões - Auditório ,295.0,112.0,ARANOUÁ - ANO 3 (10622-4),Luciana Cecilia Brito de Vasconcelos,Jeconias Ferreira dos Santos,Doado,2715.0,2023-05-16,2025-12-10,022-2025
4122,Cadeira,Poltronas Coloridas Padrões - Auditório ,295.0,112.0,ARANOUÁ - ANO 3 (10622-4),Luciana Cecilia Brito de Vasconcelos,Jeconias Ferreira dos Santos,Doado,2715.0,2023-05-16,2025-12-10,022-2025
4123,Cadeira,Poltronas Coloridas Padrões - Auditório ,295.0,112.0,ARANOUÁ - ANO 3 (10622-4),Luciana Cecilia Brito de Vasconcelos,Jeconias Ferreira dos Santos,Doado,2715.0,2023-05-16,2025-12-10,022-2025
4124,Cadeira,Poltronas Coloridas Padrões - Auditório ,295.0,112.0,ARANOUÁ - ANO 3 (10622-4),Luciana Cecilia Brito de Vasconcelos,Jeconias Ferreira dos Santos,Doado,2715.0,2023-05-16,2025-12-10,022-2025
4125,Cadeira,Poltronas Coloridas Padrões - Auditório ,295.0,112.0,ARANOUÁ - ANO 3 (10622-4),Luciana Cecilia Brito de Vasconcelos,Jeconias Ferreira dos Santos,Doado,2715.0,2023-05-16,2025-12-10,022-2025
4126,Cadeira,Poltronas Coloridas Padrões - Auditório ,295.0,112.0,ARANOUÁ - ANO 3 (10622-4),Luciana Cecilia Brito de Vasconcelos,Jeconias Ferreira dos Santos,Doado,2715.0,2023-05-16,2025-12-10,022-2025
4127,Cadeira,Poltronas Coloridas Padrões - Auditório ,295.0,112.0,ARANOUÁ - ANO 3 (10622-4),Luciana Cecilia Brito de Vasconcelos,Jeconias Ferreira dos Santos,Doado,2715.0,2023-05-16,2025-12-10,022-2025
4128,Cadeira,Poltronas Coloridas Padrões - Auditório ,295.0,112.0,ARANOUÁ - ANO 3 (10622-4),Luciana Cecilia Brito de Vasconcelos,Jeconias Ferreira dos Santos,Doado,2715.0,2023-05-16,2025-12-10,022-2025
4129,Cadeira,Poltronas Coloridas Padrões - Auditório ,295.0,112.0,ARANOUÁ - ANO 3 (10622-4),Luciana Cecilia Brito de Vasconcelos,Jeconias Ferreira dos Santos,Doado,2715.0,2023-05-16,2025-12-10,022-2025
4130,Cadeira,Poltronas Coloridas Padrões - Auditório ,295.0,112.0,ARANOUÁ - ANO 3 (10622-4),Luciana Cecilia Brito de Vasconcelos,Jeconias Ferreira dos Santos,Doado,2715.0,2023-05-16,2025-12-10,022-2025
4131,Cadeira,Poltronas Coloridas Padrões - Auditório ,295.0,112.0,ARANOUÁ - ANO 3 (10622-4),Luciana Cecilia Brito de Vasconcelos,Jeconias Ferreira dos Santos,Doado,2715.0,2023-05-16,2025-12-10,022-2025
4132,Cadeira,Poltronas Coloridas Padrões - Auditório ,295.0,112.0,ARANOUÁ - ANO 3 (10622-4),Luciana Cecilia Brito de Vasconcelos,Jeconias Ferreira dos Santos,Doado,2715.0,2023-05-16,2025-12-10,022-2025
4133,Cadeira,Poltronas Coloridas Padrões - Auditório ,295.0,112.0,ARANOUÁ - ANO 3 (10622-4),Luciana Cecilia Brito de Vasconcelos,Jeconias Ferreira dos Santos,Doado,2715.0,2023-05-16,2025-12-10,022-2025
4134,Cadeira,Poltronas Coloridas Padrões - Auditório ,295.0,112.0,ARANOUÁ - ANO 3 (10622-4),Luciana Cecilia Brito de Vasconcelos,Jeconias Ferreira dos Santos,Doado,2715.0,2023-05-16,2025-12-10,022-2025
4135,Cadeira,Poltronas Coloridas Padrões - Auditório ,295.0,112.0,ARANOUÁ - ANO 3 (10622-4),Luciana Cecilia Brito de Vasconcelos,Jeconias Ferreira dos Santos,Doado,2715.0,2023-05-16,2025-12-10,022-2025
4136,Cadeira,Poltronas Coloridas Padrões - Auditório ,295.0,112.0,ARANOUÁ - ANO 3 (10622-4),Luciana Cecilia Brito de Vasconcelos,Jeconias Ferreira dos Santos,Doado,2715.0,2023-05-16,2025-12-10,022-2025
4137,Cadeira,Poltronas Coloridas Padrões - Auditório ,295.0,112.0,ARANOUÁ - ANO 3 (10622-4),Luciana Cecilia Brito de Vasconcelos,Jeconias Ferreira dos Santos,Doado,2715.0,2023-05-16,2025-12-10,022-2025
4138,Cadeira,Poltronas Coloridas Padrões - Auditório ,295.0,112.0,ARANOUÁ - ANO 3 (10622-4),Luciana Cecilia Brito de Vasconcelos,Jeconias Ferreira dos Santos,Doado,2715.0,2023-05-16,2025-12-10,022-2025
4139,Cadeira,Poltronas Coloridas Padrões - Auditório ,295.0,112.0,ARANOUÁ - ANO 3 (10622-4),Luciana Cecilia Brito de Vasconcelos,Jeconias Ferreira dos Santos,Doado,2715.0,2023-05-16,2025-12-10,022-2025
4140,Cadeira,Poltronas Coloridas Padrões - Auditório ,295.0,112.0,ARANOUÁ - ANO 3 (10622-4),Luciana Cecilia Brito de Vasconcelos,Jeconias Ferreira dos Santos,Doado,2715.0,2023-05-16,2025-12-10,022-2025
4141,Cadeira,Poltronas Coloridas Padrões - Auditório ,295.0,112.0,ARANOUÁ - ANO 3 (10622-4),Luciana Cecilia Brito de Vasconcelos,Jeconias Ferreira dos Santos,Doado,2715.0,2023-05-16,2025-12-10,022-2025
4142,Cadeira,Poltronas Coloridas Padrões - Auditório ,295.0,112.0,ARANOUÁ - ANO 3 (10622-4),Luciana Cecilia Brito de Vasconcelos,Jeconias Ferreira dos Santos,Doado,2715.0,2023-05-16,2025-12-10,022-2025
4143,Cadeira,Poltronas Coloridas Padrões - Auditório ,295.0,112.0,ARANOUÁ - ANO 3 (10622-4),Luciana Cecilia Brito de Vasconcelos,Jeconias Ferreira dos Santos,Doado,2715.0,2023-05-16,2025-12-10,022-2025
4144,Cadeira,Poltronas Coloridas Padrões - Auditório ,295.0,112.0,ARANOUÁ - ANO 3 (10622-4),Luciana Cecilia Brito de Vasconcelos,Jeconias Ferreira dos Santos,Doado,2715.0,2023-05-16,2025-12-10,022-2025
4145,Cadeira,Poltronas Coloridas Padrões - Auditório ,295.0,112.0,ARANOUÁ - ANO 3 (10622-4),Luciana Cecilia Brito de Vasconcelos,Jeconias Ferreira dos Santos,Doado,2715.0,2023-05-16,2025-12-10,022-2025
4146,Cadeira,Poltronas Coloridas Padrões - Auditório ,295.0,112.0,ARANOUÁ - ANO 3 (10622-4),Luciana Cecilia Brito de Vasconcelos,Jeconias Ferreira dos Santos,Doado,2715.0,2023-05-16,2025-12-10,022-2025
4147,Cadeira,Poltronas Coloridas Padrões - Auditório ,295.0,112.0,ARANOUÁ - ANO 3 (10622-4),Luciana Cecilia Brito de Vasconcelos,Jeconias Ferreira dos Santos,Doado,2715.0,2023-05-16,2025-12-10,022-2025
4148,Cadeira,Poltronas Coloridas Padrões - Auditório ,295.0,112.0,ARANOUÁ - ANO 3 (10622-4),Luciana Cecilia Brito de Vasconcelos,Jeconias Ferreira dos Santos,Doado,2715.0,2023-05-16,2025-12-10,022-2025
4149,Cadeira,Poltronas Coloridas Padrões - Auditório ,295.0,112.0,ARANOUÁ - ANO 3 (10622-4),Luciana Cecilia Brito de Vasconcelos,Jeconias Ferreira dos Santos,Doado,2715.0,2023-05-16,2025-12-10,022-2025
4150,Cadeira,Poltronas Coloridas Padrões - Auditório ,295.0,112.0,ARANOUÁ - ANO 3 (10622-4),Luciana Cecilia Brito de Vasconcelos,Jeconias Ferreira dos Santos,Doado,2715.0,2023-05-16,2025-12-10,022-2025
4151,Cadeira,Poltronas Coloridas Padrões - Auditório ,295.0,112.0,ARANOUÁ - ANO 3 (10622-4),Luciana Cecilia Brito de Vasconcelos,Jeconias Ferreira dos Santos,Doado,2715.0,2023-05-16,2025-12-10,022-2025
4152,Cadeira,Poltronas Coloridas Padrões - Auditório ,295.0,112.0,ARANOUÁ - ANO 3 (10622-4),Luciana Cecilia Brito de Vasconcelos,Jeconias Ferreira dos Santos,Doado,2715.0,2023-05-16,2025-12-10,022-2025
4153,Cadeira,Poltronas Coloridas Padrões - Auditório ,295.0,112.0,ARANOUÁ - ANO 3 (10622-4),Luciana Cecilia Brito de Vasconcelos,Jeconias Ferreira dos Santos,Doado,2715.0,2023-05-16,2025-12-10,022-2025
4154,Cadeira,Poltronas Coloridas Padrões - Auditório ,295.0,112.0,ARANOUÁ - ANO 3 (10622-4),Luciana Cecilia Brito de Vasconcelos,Jeconias Ferreira dos Santos,Doado,2715.0,2023-05-16,2025-12-10,022-2025
4155,Cadeira,Poltronas Coloridas Padrões - Auditório ,295.0,112.0,ARANOUÁ - ANO 3 (10622-4),Luciana Cecilia Brito de Vasconcelos,Jeconias Ferreira dos Santos,Doado,2715.0,2023-05-16,2025-12-10,022-2025
4156,Cadeira,Poltronas Coloridas Padrões - Auditório ,295.0,112.0,ARANOUÁ - ANO 3 (10622-4),Luciana Cecilia Brito de Vasconcelos,Jeconias Ferreira dos Santos,Doado,2715.0,2023-05-16,2025-12-10,022-2025
4157,Cadeira,Poltronas Coloridas Padrões - Auditório ,295.0,112.0,ARANOUÁ - ANO 3 (10622-4),Luciana Cecilia Brito de Vasconcelos,Jeconias Ferreira dos Santos,Doado,2715.0,2023-05-16,2025-12-10,022-2025
4158,Cadeira,Poltronas Coloridas Padrões - Auditório ,295.0,112.0,ARANOUÁ - ANO 3 (10622-4),Luciana Cecilia Brito de Vasconcelos,Jeconias Ferreira dos Santos,Doado,2715.0,2023-05-16,2025-12-10,022-2025
4159,Cadeira,Poltronas Coloridas Padrões - Auditório ,295.0,112.0,ARANOUÁ - ANO 3 (10622-4),Luciana Cecilia Brito de Vasconcelos,Jeconias Ferreira dos Santos,Doado,2715.0,2023-05-16,2025-12-10,022-2025
4160,Cadeira,Poltronas Coloridas Padrões - Auditório ,295.0,112.0,ARANOUÁ - ANO 3 (10622-4),Luciana Cecilia Brito de Vasconcelos,Jeconias Ferreira dos Santos,Doado,2715.0,2023-05-16,2025-12-10,022-2025
4161,Cadeira,Poltronas Coloridas Padrões - Auditório ,295.0,112.0,ARANOUÁ - ANO 3 (10622-4),Luciana Cecilia Brito de Vasconcelos,Jeconias Ferreira dos Santos,Doado,2715.0,2023-05-16,2025-12-10,022-2025
4162,Cadeira,Poltronas Coloridas Padrões - Auditório ,295.0,112.0,ARANOUÁ - ANO 3 (10622-4),Luciana Cecilia Brito de Vasconcelos,Jeconias Ferreira dos Santos,Doado,2715.0,2023-05-16,2025-12-10,022-2025
4163,Cadeira,Poltronas Coloridas Padrões - Auditório ,295.0,112.0,ARANOUÁ - ANO 3 (10622-4),Luciana Cecilia Brito de Vasconcelos,Jeconias Ferreira dos Santos,Doado,2715.0,2023-05-16,2025-12-10,022-2025
4164,Cadeira,Poltronas Coloridas Padrões - Auditório ,295.0,112.0,ARANOUÁ - ANO 3 (10622-4),Luciana Cecilia Brito de Vasconcelos,Jeconias Ferreira dos Santos,Doado,2715.0,2023-05-16,2025-12-10,022-2025
4165,Cadeira,Poltronas Coloridas Padrões - Auditório ,295.0,112.0,ARANOUÁ - ANO 3 (10622-4),Luciana Cecilia Brito de Vasconcelos,Jeconias Ferreira dos Santos,Doado,2715.0,2023-05-16,2025-12-10,022-2025
4166,Cadeira,Poltronas Coloridas Padrões - Auditório ,295.0,112.0,ARANOUÁ - ANO 3 (10622-4),Luciana Cecilia Brito de Vasconcelos,Jeconias Ferreira dos Santos,Doado,2715.0,2023-05-16,2025-12-10,022-2025
4167,Cadeira,Poltronas Coloridas Padrões - Auditório ,295.0,112.0,ARANOUÁ - ANO 3 (10622-4),Luciana Cecilia Brito de Vasconcelos,Jeconias Ferreira dos Santos,Doado,2715.0,2023-05-16,2025-12-10,022-2025
4168,Cadeira,Poltronas Coloridas Padrões - Auditório ,295.0,112.0,ARANOUÁ - ANO 3 (10622-4),Luciana Cecilia Brito de Vasconcelos,Jeconias Ferreira dos Santos,Doado,2715.0,2023-05-16,2025-12-10,022-2025
4169,Cadeira,Poltronas Coloridas Padrões - Auditório ,295.0,112.0,ARANOUÁ - ANO 3 (10622-4),Luciana Cecilia Brito de Vasconcelos,Jeconias Ferreira dos Santos,Doado,2715.0,2023-05-16,2025-12-10,022-2025
4170,Cadeira,Poltronas Coloridas Padrões - Auditório ,295.0,112.0,ARANOUÁ - ANO 3 (10622-4),Luciana Cecilia Brito de Vasconcelos,Jeconias Ferreira dos Santos,Doado,2715.0,2023-05-16,2025-12-10,022-2025
4171,Cadeira,Poltronas Coloridas Padrões - Auditório ,295.0,112.0,ARANOUÁ - ANO 3 (10622-4),Luciana Cecilia Brito de Vasconcelos,Jeconias Ferreira dos Santos,Doado,2715.0,2023-05-16,2025-12-10,022-2025
4172,Cadeira,Poltronas Coloridas Padrões - Auditório ,295.0,112.0,ARANOUÁ - ANO 3 (10622-4),Luciana Cecilia Brito de Vasconcelos,Jeconias Ferreira dos Santos,Doado,2715.0,2023-05-16,2025-12-10,022-2025
4173,Cadeira,Poltronas Coloridas Padrões - Auditório ,295.0,112.0,ARANOUÁ - ANO 3 (10622-4),Luciana Cecilia Brito de Vasconcelos,Jeconias Ferreira dos Santos,Doado,2715.0,2023-05-16,2025-12-10,022-2025
4174,Cadeira,Poltronas Coloridas Padrões - Auditório ,295.0,112.0,ARANOUÁ - ANO 3 (10622-4),Luciana Cecilia Brito de Vasconcelos,Jeconias Ferreira dos Santos,Doado,2715.0,2023-05-16,2025-12-10,022-2025
4175,Cadeira,Poltronas Coloridas Padrões - Auditório ,295.0,112.0,ARANOUÁ - ANO 3 (10622-4),Luciana Cecilia Brito de Vasconcelos,Jeconias Ferreira dos Santos,Doado,2715.0,2023-05-16,2025-12-10,022-2025
4176,Cadeira,Poltronas Coloridas Padrões - Auditório ,295.0,112.0,ARANOUÁ - ANO 3 (10622-4),Luciana Cecilia Brito de Vasconcelos,Jeconias Ferreira dos Santos,Doado,2715.0,2023-05-16,2025-12-10,022-2025
4177,Cadeira,Poltronas Coloridas Padrões - Auditório ,295.0,112.0,ARANOUÁ - ANO 3 (10622-4),Luciana Cecilia Brito de Vasconcelos,Jeconias Ferreira dos Santos,Doado,2715.0,2023-05-16,2025-12-10,022-2025
4178,Cadeira,Poltronas Coloridas Padrões - Auditório ,295.0,112.0,ARANOUÁ - ANO 3 (10622-4),Luciana Cecilia Brito de Vasconcelos,Jeconias Ferreira dos Santos,Doado,2715.0,2023-05-16,2025-12-10,022-2025
4179,Cadeira,Poltronas Coloridas Padrões - Auditório ,295.0,112.0,ARANOUÁ - ANO 3 (10622-4),Luciana Cecilia Brito de Vasconcelos,Jeconias Ferreira dos Santos,Doado,2715.0,2023-05-16,2025-12-10,022-2025
4180,Cadeira,Poltronas Coloridas Padrões - Auditório ,295.0,112.0,ARANOUÁ - ANO 3 (10622-4),Luciana Cecilia Brito de Vasconcelos,Jeconias Ferreira dos Santos,Doado,2715.0,2023-05-16,2025-12-10,022-2025
4181,Cadeira,Poltronas Coloridas Padrões - Auditório ,295.0,112.0,ARANOUÁ - ANO 3 (10622-4),Luciana Cecilia Brito de Vasconcelos,Jeconias Ferreira dos Santos,Doado,2715.0,2023-05-16,2025-12-10,022-2025
4182,Cadeira,Poltronas Coloridas Padrões - Auditório ,295.0,112.0,ARANOUÁ - ANO 3 (10622-4),Luciana Cecilia Brito de Vasconcelos,Jeconias Ferreira dos Santos,Doado,2715.0,2023-05-16,2025-12-10,022-2025
4183,Cadeira,Poltronas Coloridas Padrões - Auditório ,295.0,112.0,ARANOUÁ - ANO 3 (10622-4),Luciana Cecilia Brito de Vasconcelos,Jeconias Ferreira dos Santos,Doado,2715.0,2023-05-16,2025-12-10,022-2025
4184,Cadeira,Poltronas Coloridas Padrões - Auditório ,295.0,112.0,ARANOUÁ - ANO 3 (10622-4),Luciana Cecilia Brito de Vasconcelos,Jeconias Ferreira dos Santos,Doado,2715.0,2023-05-16,2025-12-10,022-2025
4185,Cadeira,Poltronas Coloridas Padrões - Auditório ,295.0,112.0,ARANOUÁ - ANO 3 (10622-4),Luciana Cecilia Brito de Vasconcelos,Jeconias Ferreira dos Santos,Doado,2715.0,2023-05-16,2025-12-10,022-2025
4186,Cadeira,Poltronas Coloridas Padrões - Auditório ,295.0,112.0,ARANOUÁ - ANO 3 (10622-4),Luciana Cecilia Brito de Vasconcelos,Jeconias Ferreira dos Santos,Doado,2715.0,2023-05-16,2025-12-10,022-2025
4187,Cadeira,Poltronas Coloridas Padrões - Auditório ,295.0,112.0,ARANOUÁ - ANO 3 (10622-4),Luciana Cecilia Brito de Vasconcelos,Jeconias Ferreira dos Santos,Doado,2715.0,2023-05-16,2025-12-10,022-2025
4188,Cadeira,Poltronas Coloridas Padrões - Auditório ,295.0,112.0,ARANOUÁ - ANO 3 (10622-4),Luciana Cecilia Brito de Vasconcelos,Jeconias Ferreira dos Santos,Doado,2715.0,2023-05-16,2025-12-10,022-2025
4189,Cadeira,Poltronas Coloridas Padrões - Auditório ,295.0,112.0,ARANOUÁ - ANO 3 (10622-4),Luciana Cecilia Brito de Vasconcelos,Jeconias Ferreira dos Santos,Doado,2715.0,2023-05-16,2025-12-10,022-2025
4190,Cadeira,Poltronas Coloridas Padrões - Auditório ,295.0,112.0,ARANOUÁ - ANO 3 (10622-4),Luciana Cecilia Brito de Vasconcelos,Jeconias Ferreira dos Santos,Doado,2715.0,2023-05-16,2025-12-10,022-2025
4191,Cadeira,Poltronas Coloridas Padrões - Auditório ,295.0,112.0,ARANOUÁ - ANO 3 (10622-4),Luciana Cecilia Brito de Vasconcelos,Jeconias Ferreira dos Santos,Doado,2715.0,2023-05-16,2025-12-10,022-2025
4192,Cadeira,Poltronas Coloridas Padrões - Auditório ,295.0,112.0,ARANOUÁ - ANO 3 (10622-4),Luciana Cecilia Brito de Vasconcelos,Jeconias Ferreira dos Santos,Doado,2715.0,2023-05-16,2025-12-10,022-2025
4193,Cadeira,Poltronas Coloridas Padrões - Auditório ,295.0,112.0,ARANOUÁ - ANO 3 (10622-4),Luciana Cecilia Brito de Vasconcelos,Jeconias Ferreira dos Santos,Doado,2715.0,2023-05-16,2025-12-10,022-2025
4194,Cadeira,Poltronas Coloridas Padrões - Auditório ,295.0,112.0,ARANOUÁ - ANO 3 (10622-4),Luciana Cecilia Brito de Vasconcelos,Jeconias Ferreira dos Santos,Doado,2715.0,2023-05-16,2025-12-10,022-2025
4195,Cadeira,Poltronas Coloridas Padrões - Auditório ,295.0,112.0,ARANOUÁ - ANO 3 (10622-4),Luciana Cecilia Brito de Vasconcelos,Jeconias Ferreira dos Santos,Doado,2715.0,2023-05-16,2025-12-10,022-2025
4196,Cadeira,Poltronas Coloridas Padrões - Auditório ,295.0,112.0,ARANOUÁ - ANO 3 (10622-4),Luciana Cecilia Brito de Vasconcelos,Jeconias Ferreira dos Santos,Doado,2715.0,2023-05-16,2025-12-10,022-2025
4197,Cadeira,Poltronas Coloridas Padrões - Auditório ,295.0,112.0,ARANOUÁ - ANO 3 (10622-4),Luciana Cecilia Brito de Vasconcelos,Jeconias Ferreira dos Santos,Doado,2715.0,2023-05-16,2025-12-10,022-2025
4198,Cadeira,Poltronas Coloridas Padrões - Auditório ,295.0,112.0,ARANOUÁ - ANO 3 (10622-4),Luciana Cecilia Brito de Vasconcelos,Jeconias Ferreira dos Santos,Doado,2715.0,2023-05-16,2025-12-10,022-2025
4199,Cadeira,Poltronas Coloridas Padrões - Auditório ,295.0,112.0,ARANOUÁ - ANO 3 (10622-4),Luciana Cecilia Brito de Vasconcelos,Jeconias Ferreira dos Santos,Doado,2715.0,2023-05-16,2025-12-10,022-2025
4200,Cadeira,Poltronas Coloridas Padrões - Auditório ,295.0,112.0,ARANOUÁ - ANO 3 (10622-4),Luciana Cecilia Brito de Vasconcelos,Jeconias Ferreira dos Santos,Doado,2715.0,2023-05-16,2025-12-10,022-2025
4201,Cadeira,Poltronas Coloridas Padrões - Auditório ,295.0,112.0,ARANOUÁ - ANO 3 (10622-4),Luciana Cecilia Brito de Vasconcelos,Jeconias Ferreira dos Santos,Doado,2715.0,2023-05-16,2025-12-10,022-2025
4202,Cadeira,Poltronas Coloridas Padrões - Auditório ,295.0,112.0,ARANOUÁ - ANO 3 (10622-4),Luciana Cecilia Brito de Vasconcelos,Jeconias Ferreira dos Santos,Doado,2715.0,2023-05-16,2025-12-10,022-2025
4203,Cadeira,Poltronas Coloridas Padrões - Auditório ,295.0,112.0,ARANOUÁ - ANO 3 (10622-4),Luciana Cecilia Brito de Vasconcelos,Jeconias Ferreira dos Santos,Doado,2715.0,2023-05-16,2025-12-10,022-2025
4204,Cadeira,Poltronas Coloridas Padrões - Auditório ,295.0,112.0,ARANOUÁ - ANO 3 (10622-4),Luciana Cecilia Brito de Vasconcelos,Jeconias Ferreira dos Santos,Doado,2715.0,2023-05-16,2025-12-10,022-2025
4205,Cadeira,Poltronas Coloridas Padrões - Auditório ,295.0,112.0,ARANOUÁ - ANO 3 (10622-4),Luciana Cecilia Brito de Vasconcelos,Jeconias Ferreira dos Santos,Doado,2715.0,2023-05-16,2025-12-10,022-2025
4206,Cadeira,Mobiliário - Cadeiras para Laboratórios 3 e 4 / Salas 7 e 8,590.0,112.0,ARANOUÁ - ANO 3 (10622-4),Luciana Cecilia Brito de Vasconcelos,Jeconias Ferreira dos Santos,Doado,3241.0,2023-05-19,2025-12-10,022-2025
4207,Cadeira,Mobiliário - Cadeiras para Laboratórios 3 e 4 / Salas 7 e 8,590.0,112.0,ARANOUÁ - ANO 3 (10622-4),Luciana Cecilia Brito de Vasconcelos,Jeconias Ferreira dos Santos,Doado,3241.0,2023-05-19,2025-12-10,022-2025
4208,Cadeira,Mobiliário - Cadeiras para Laboratórios 3 e 4 / Salas 7 e 8,590.0,112.0,ARANOUÁ - ANO 3 (10622-4),Luciana Cecilia Brito de Vasconcelos,Jeconias Ferreira dos Santos,Doado,3241.0,2023-05-19,2025-12-10,022-2025
4209,Cadeira,Mobiliário - Cadeiras para Laboratórios 3 e 4 / Salas 7 e 8,590.0,112.0,ARANOUÁ - ANO 3 (10622-4),Luciana Cecilia Brito de Vasconcelos,Jeconias Ferreira dos Santos,Doado,3241.0,2023-05-19,2025-12-10,022-2025
4210,Cadeira,Mobiliário - Cadeiras para Laboratórios 3 e 4 / Salas 7 e 8,590.0,112.0,ARANOUÁ - ANO 3 (10622-4),Luciana Cecilia Brito de Vasconcelos,Jeconias Ferreira dos Santos,Doado,3241.0,2023-05-19,2025-12-10,022-2025
4211,Cadeira,Mobiliário - Cadeiras para Laboratórios 3 e 4 / Salas 7 e 8,590.0,112.0,ARANOUÁ - ANO 3 (10622-4),Luciana Cecilia Brito de Vasconcelos,Jeconias Ferreira dos Santos,Doado,3241.0,2023-05-19,2025-12-10,022-2025
4212,Cadeira,Mobiliário - Cadeiras para Laboratórios 3 e 4 / Salas 7 e 8,590.0,112.0,ARANOUÁ - ANO 3 (10622-4),Luciana Cecilia Brito de Vasconcelos,Jeconias Ferreira dos Santos,Doado,3241.0,2023-05-19,2025-12-10,022-2025
4213,Cadeira,Mobiliário - Cadeiras para Laboratórios 3 e 4 / Salas 7 e 8,590.0,112.0,ARANOUÁ - ANO 3 (10622-4),Luciana Cecilia Brito de Vasconcelos,Jeconias Ferreira dos Santos,Doado,3241.0,2023-05-19,2025-12-10,022-2025
4214,Cadeira,Mobiliário - Cadeiras para Laboratórios 3 e 4 / Salas 7 e 8,590.0,112.0,ARANOUÁ - ANO 3 (10622-4),Luciana Cecilia Brito de Vasconcelos,Jeconias Ferreira dos Santos,Doado,3241.0,2023-05-19,2025-12-10,022-2025
4215,Cadeira,Mobiliário - Cadeiras para Laboratórios 3 e 4 / Salas 7 e 8,590.0,112.0,ARANOUÁ - ANO 3 (10622-4),Luciana Cecilia Brito de Vasconcelos,Jeconias Ferreira dos Santos,Doado,3241.0,2023-05-19,2025-12-10,022-2025
4216,Cadeira,Mobiliário - Cadeiras para Laboratórios 3 e 4 / Salas 7 e 8,590.0,112.0,ARANOUÁ - ANO 3 (10622-4),Luciana Cecilia Brito de Vasconcelos,Jeconias Ferreira dos Santos,Doado,3241.0,2023-05-19,2025-12-10,022-2025
4217,Cadeira,Mobiliário - Cadeiras para Laboratórios 3 e 4 / Salas 7 e 8,590.0,112.0,ARANOUÁ - ANO 3 (10622-4),Luciana Cecilia Brito de Vasconcelos,Jeconias Ferreira dos Santos,Doado,3241.0,2023-05-19,2025-12-10,022-2025
4218,Cadeira,Mobiliário - Cadeiras para Laboratórios 3 e 4 / Salas 7 e 8,590.0,112.0,ARANOUÁ - ANO 3 (10622-4),Luciana Cecilia Brito de Vasconcelos,Jeconias Ferreira dos Santos,Doado,3241.0,2023-05-19,2025-12-10,022-2025
4219,Cadeira,Mobiliário - Cadeiras para Laboratórios 3 e 4 / Salas 7 e 8,590.0,112.0,ARANOUÁ - ANO 3 (10622-4),Luciana Cecilia Brito de Vasconcelos,Jeconias Ferreira dos Santos,Doado,3241.0,2023-05-19,2025-12-10,022-2025
4220,Cadeira,Mobiliário - Cadeiras para Laboratórios 3 e 4 / Salas 7 e 8,590.0,112.0,ARANOUÁ - ANO 3 (10622-4),Luciana Cecilia Brito de Vasconcelos,Jeconias Ferreira dos Santos,Doado,3241.0,2023-05-19,2025-12-10,022-2025
4221,Cadeira,Mobiliário - Cadeiras para Laboratórios 3 e 4 / Salas 7 e 8,590.0,112.0,ARANOUÁ - ANO 3 (10622-4),Luciana Cecilia Brito de Vasconcelos,Jeconias Ferreira dos Santos,Doado,3241.0,2023-05-19,2025-12-10,022-2025
4228,HD,"HD Externo Portátil 1 TB, USB 3.0. ESPECIFICAÇÕES TÉCNICAS: HD Externo Portátil 1 TB; Interface: USB 3.0 e Compatível com USB 2.0; Não necessita de alimentação externa: direto da porta USB.",429.0,112.0,ARANOUÁ - ANO 3 (10622-4),Luciana Cecilia Brito de Vasconcelos,Jeconias Ferreira dos Santos,Doado,658.0,2023-03-16,2025-12-10,022-2025
4229,HD,"HD Externo Portátil 1 TB, USB 3.0. ESPECIFICAÇÕES TÉCNICAS: HD Externo Portátil 1 TB; Interface: USB 3.0 e Compatível com USB 2.0; Não necessita de alimentação externa: direto da porta USB.",429.0,112.0,ARANOUÁ - ANO 3 (10622-4),Luciana Cecilia Brito de Vasconcelos,Jeconias Ferreira dos Santos,Doado,658.0,2023-03-16,2025-12-10,022-2025
4230,HD,"HD Externo Portátil 1 TB, USB 3.0. ESPECIFICAÇÕES TÉCNICAS: HD Externo Portátil 1 TB; Interface: USB 3.0 e Compatível com USB 2.0; Não necessita de alimentação externa: direto da porta USB.",429.0,112.0,ARANOUÁ - ANO 3 (10622-4),Luciana Cecilia Brito de Vasconcelos,Jeconias Ferreira dos Santos,Doado,658.0,2023-03-16,2025-12-10,022-2025
4231,HD,"HD Externo Portátil 1 TB, USB 3.0.
ESPECIFICAÇÕES TÉCNICAS: HD Externo
Portátil 1 TB; Interface: USB 3.0 e Compatível
com USB 2.0; Não necessita de alimentação
externa: direto da porta USB.",409.9,112.0,ARANOUÁ - ANO 3 (10622-4),Luciana Cecilia Brito de Vasconcelos,Jeconias Ferreira dos Santos,Doado,441.0,2022-07-28,2025-12-10,022-2025
4232,HD,"HD Externo Portátil 1 TB, USB 3.0.
ESPECIFICAÇÕES TÉCNICAS: HD Externo
Portátil 1 TB; Interface: USB 3.0 e Compatível
com USB 2.0; Não necessita de alimentação
externa: direto da porta USB.",409.9,112.0,ARANOUÁ - ANO 3 (10622-4),Luciana Cecilia Brito de Vasconcelos,Jeconias Ferreira dos Santos,Doado,441.0,2022-07-28,2025-12-10,022-2025
4236,Tela para Projeção,"Tela de projeção retrátil 2,40m X 1,80m",1190.0,112.0,ARANOUÁ - ANO 3 (10622-4),Luciana Cecilia Brito de Vasconcelos,Jeconias Ferreira dos Santos,Doado,805.0,2022-08-30,2025-12-10,022-2025
4237,Tela para Projeção,"Tela de projeção retrátil 2,40m X 1,80m",1190.0,112.0,ARANOUÁ - ANO 3 (10622-4),Luciana Cecilia Brito de Vasconcelos,Jeconias Ferreira dos Santos,Doado,805.0,2022-08-30,2025-12-10,022-2025
4238,Tela para Projeção,"Tela de projeção retrátil 2,40m X 1,80m",1190.0,112.0,ARANOUÁ - ANO 3 (10622-4),Luciana Cecilia Brito de Vasconcelos,Jeconias Ferreira dos Santos,Doado,805.0,2022-08-30,2025-12-10,022-2025
4239,Tela para Projeção,"Tela de projeção retrátil 2,40m X 1,80m",1190.0,112.0,ARANOUÁ - ANO 3 (10622-4),Luciana Cecilia Brito de Vasconcelos,Jeconias Ferreira dos Santos,Doado,805.0,2022-08-30,2025-12-10,022-2025
4240,IMPRESSORA 3D,"Impressora 3D - Estrutura de perfil de alumínio 20x20, com dimensões estrutura AxLxC 60cm x 42cm x 46cm, áréa de Impressão 300x300x230, peças em ABS De Altíssima Resistência, 6 Guias Lineares Aço Inox 8mm, Rolamentos lineares curto 8mm e rolamentos lineares longos 8mm, 2 acopladores 5x8, 8 polias lisas GT2, 2 polias dentada 16, dentes GT2,  Correia GT2 6mm de alma de aço, Par Fuso trapezoidal passo 2mm + castanha bronze, Base para ",8970.0,112.0,ARANOUÁ - ANO 3 (10622-4),Luciana Cecilia Brito de Vasconcelos,Jeconias Ferreira dos Santos,Doado,488.0,2022-09-22,2025-12-10,022-2025
4241,IMPRESSORA 3D,"Impressora 3D - Estrutura de perfil de alumínio 20x20, com dimensões estrutura AxLxC 60cm x 42cm x 46cm, áréa de Impressão 300x300x230, peças em ABS De Altíssima Resistência, 6 Guias Lineares Aço Inox 8mm, Rolamentos lineares curto 8mm e rolamentos lineares longos 8mm, 2 acopladores 5x8, 8 polias lisas GT2, 2 polias dentada 16, dentes GT2,  Correia GT2 6mm de alma de aço, Par Fuso trapezoidal passo 2mm + castanha bronze, Base para ",8970.0,112.0,ARANOUÁ - ANO 3 (10622-4),Luciana Cecilia Brito de Vasconcelos,Jeconias Ferreira dos Santos,Doado,488.0,2022-09-22,2025-12-10,022-2025
4242,IMPRESSORA 3D,"Impressora 3D - Estrutura de perfil de alumínio 20x20, com dimensões estrutura AxLxC 60cm x 42cm x 46cm, áréa de Impressão 300x300x230, peças em ABS De Altíssima Resistência, 6 Guias Lineares Aço Inox 8mm, Rolamentos lineares curto 8mm e rolamentos lineares longos 8mm, 2 acopladores 5x8, 8 polias lisas GT2, 2 polias dentada 16, dentes GT2,  Correia GT2 6mm de alma de aço, Par Fuso trapezoidal passo 2mm + castanha bronze, Base para ",8970.0,112.0,ARANOUÁ - ANO 3 (10622-4),Luciana Cecilia Brito de Vasconcelos,Jeconias Ferreira dos Santos,Doado,488.0,2022-09-22,2025-12-10,022-2025
4243,IMPRESSORA 3D,"Impressora 3D - Estrutura de perfil de alumínio 20x20, com dimensões estrutura AxLxC 60cm x 42cm x 46cm, áréa de Impressão 300x300x230, peças em ABS De Altíssima Resistência, 6 Guias Lineares Aço Inox 8mm, Rolamentos lineares curto 8mm e rolamentos lineares longos 8mm, 2 acopladores 5x8, 8 polias lisas GT2, 2 polias dentada 16, dentes GT2,  Correia GT2 6mm de alma de aço, Par Fuso trapezoidal passo 2mm + castanha bronze, Base para ",8970.0,112.0,ARANOUÁ - ANO 3 (10622-4),Luciana Cecilia Brito de Vasconcelos,Jeconias Ferreira dos Santos,Doado,488.0,2022-09-22,2025-12-10,022-2025
4244,Switch,"Switch - número de portas Gigabit Ethernet: 48 x 1G; número de portas de uplink: 4 x 1G SFP;  tipo de gerenciamento: inteligente, Gerenciado pela Web; recursos de rede: VLANs, QoS, VLAN de voz, GVRP, MSTP e IGMP Snooping; segurança: lista de Controle de Acesso, 802.1X / RADIUS, SSH/SSL; economia de energia (EEE): sim; fonte de alimentação: Interna; montagem em rack.",4399.0,112.0,ARANOUÁ - ANO 3 (10622-4),Luciana Cecilia Brito de Vasconcelos,Jeconias Ferreira dos Santos,Doado,1088.0,2023-03-21,2025-12-10,022-2025
4245,Switch,"Switch - número de portas Gigabit Ethernet: 48 x 1G; número de portas de uplink: 4 x 1G SFP;  tipo de gerenciamento: inteligente, Gerenciado pela Web; recursos de rede: VLANs, QoS, VLAN de voz, GVRP, MSTP e IGMP Snooping; segurança: lista de Controle de Acesso, 802.1X / RADIUS, SSH/SSL; economia de energia (EEE): sim; fonte de alimentação: Interna; montagem em rack.",4399.0,112.0,ARANOUÁ - ANO 3 (10622-4),Luciana Cecilia Brito de Vasconcelos,Jeconias Ferreira dos Santos,Doado,1088.0,2023-03-21,2025-12-10,022-2025
4246,Switch,"Switch - número de portas Gigabit Ethernet: 48 x 1G; número de portas de uplink: 4 x 1G SFP;  tipo de gerenciamento: inteligente, Gerenciado pela Web; recursos de rede: VLANs, QoS, VLAN de voz, GVRP, MSTP e IGMP Snooping; segurança: lista de Controle de Acesso, 802.1X / RADIUS, SSH/SSL; economia de energia (EEE): sim; fonte de alimentação: Interna; montagem em rack.",4399.0,112.0,ARANOUÁ - ANO 3 (10622-4),Luciana Cecilia Brito de Vasconcelos,Jeconias Ferreira dos Santos,Doado,1088.0,2023-03-21,2025-12-10,022-2025
4247,Switch,"Switch - número de portas Gigabit Ethernet: 48 x 1G; número de portas de uplink: 4 x 1G SFP;  tipo de gerenciamento: inteligente, Gerenciado pela Web; recursos de rede: VLANs, QoS, VLAN de voz, GVRP, MSTP e IGMP Snooping; segurança: lista de Controle de Acesso, 802.1X / RADIUS, SSH/SSL; economia de energia (EEE): sim; fonte de alimentação: Interna; montagem em rack.",4399.0,112.0,ARANOUÁ - ANO 3 (10622-4),Luciana Cecilia Brito de Vasconcelos,Jeconias Ferreira dos Santos,Doado,1088.0,2023-03-21,2025-12-10,022-2025
4248,Switch,"Switch - número de portas Gigabit Ethernet: 48 x 1G; número de portas de uplink: 4 x 1G SFP;  tipo de gerenciamento: inteligente, Gerenciado pela Web; recursos de rede: VLANs, QoS, VLAN de voz, GVRP, MSTP e IGMP Snooping; segurança: lista de Controle de Acesso, 802.1X / RADIUS, SSH/SSL; economia de energia (EEE): sim; fonte de alimentação: Interna; montagem em rack.",4399.0,112.0,ARANOUÁ - ANO 3 (10622-4),Luciana Cecilia Brito de Vasconcelos,Jeconias Ferreira dos Santos,Doado,1088.0,2023-03-21,2025-12-10,022-2025
4249,Switch,"Switch - número de portas Gigabit Ethernet: 48 x 1G; número de portas de uplink: 4 x 1G SFP;  tipo de gerenciamento: inteligente, Gerenciado pela Web; recursos de rede: VLANs, QoS, VLAN de voz, GVRP, MSTP e IGMP Snooping; segurança: lista de Controle de Acesso, 802.1X / RADIUS, SSH/SSL; economia de energia (EEE): sim; fonte de alimentação: Interna; montagem em rack.",4399.0,112.0,ARANOUÁ - ANO 3 (10622-4),Luciana Cecilia Brito de Vasconcelos,Jeconias Ferreira dos Santos,Doado,1088.0,2023-03-21,2025-12-10,022-2025
4250,Switch,"Switch - número de portas Gigabit Ethernet: 48 x 1G; número de portas de uplink: 4 x 1G SFP;  tipo de gerenciamento: inteligente, Gerenciado pela Web; recursos de rede: VLANs, QoS, VLAN de voz, GVRP, MSTP e IGMP Snooping; segurança: lista de Controle de Acesso, 802.1X / RADIUS, SSH/SSL; economia de energia (EEE): sim; fonte de alimentação: Interna; montagem em rack.",4399.0,112.0,ARANOUÁ - ANO 3 (10622-4),Luciana Cecilia Brito de Vasconcelos,Jeconias Ferreira dos Santos,Doado,1088.0,2023-03-21,2025-12-10,022-2025
4251,Switch,"Switch - número de portas Gigabit Ethernet: 48 x 1G; número de portas de uplink: 4 x 1G SFP;  tipo de gerenciamento: inteligente, Gerenciado pela Web; recursos de rede: VLANs, QoS, VLAN de voz, GVRP, MSTP e IGMP Snooping; segurança: lista de Controle de Acesso, 802.1X / RADIUS, SSH/SSL; economia de energia (EEE): sim; fonte de alimentação: Interna; montagem em rack.",4399.0,112.0,ARANOUÁ - ANO 3 (10622-4),Luciana Cecilia Brito de Vasconcelos,Jeconias Ferreira dos Santos,Doado,1088.0,2023-03-21,2025-12-10,022-2025
4252,Switch,"Switch - número de portas Gigabit Ethernet: 48 x 1G; número de portas de uplink: 4 x 1G SFP;  tipo de gerenciamento: inteligente, Gerenciado pela Web; recursos de rede: VLANs, QoS, VLAN de voz, GVRP, MSTP e IGMP Snooping; segurança: lista de Controle de Acesso, 802.1X / RADIUS, SSH/SSL; economia de energia (EEE): sim; fonte de alimentação: Interna; montagem em rack.",4399.0,112.0,ARANOUÁ - ANO 3 (10622-4),Luciana Cecilia Brito de Vasconcelos,Jeconias Ferreira dos Santos,Doado,1088.0,2023-03-21,2025-12-10,022-2025
4253,Switch,"Switch - número de portas Gigabit Ethernet: 48 x 1G; número de portas de uplink: 4 x 1G SFP;  tipo de gerenciamento: inteligente, Gerenciado pela Web; recursos de rede: VLANs, QoS, VLAN de voz, GVRP, MSTP e IGMP Snooping; segurança: lista de Controle de Acesso, 802.1X / RADIUS, SSH/SSL; economia de energia (EEE): sim; fonte de alimentação: Interna; montagem em rack.",4399.0,112.0,ARANOUÁ - ANO 3 (10622-4),Luciana Cecilia Brito de Vasconcelos,Jeconias Ferreira dos Santos,Doado,1088.0,2023-03-21,2025-12-10,022-2025
4254,Switch,"Switch - número de portas Gigabit Ethernet: 48 x 1G; número de portas de uplink: 4 x 1G SFP;  tipo de gerenciamento: inteligente, Gerenciado pela Web; recursos de rede: VLANs, QoS, VLAN de voz, GVRP, MSTP e IGMP Snooping; segurança: lista de Controle de Acesso, 802.1X / RADIUS, SSH/SSL; economia de energia (EEE): sim; fonte de alimentação: Interna; montagem em rack.",4399.0,112.0,ARANOUÁ - ANO 3 (10622-4),Luciana Cecilia Brito de Vasconcelos,Jeconias Ferreira dos Santos,Doado,1088.0,2023-03-21,2025-12-10,022-2025
4255,Switch,"Switch - número de portas Gigabit Ethernet: 48 x 1G; número de portas de uplink: 4 x 1G SFP;  tipo de gerenciamento: inteligente, Gerenciado pela Web; recursos de rede: VLANs, QoS, VLAN de voz, GVRP, MSTP e IGMP Snooping; segurança: lista de Controle de Acesso, 802.1X / RADIUS, SSH/SSL; economia de energia (EEE): sim; fonte de alimentação: Interna; montagem em rack.",4399.0,112.0,ARANOUÁ - ANO 3 (10622-4),Luciana Cecilia Brito de Vasconcelos,Jeconias Ferreira dos Santos,Doado,1088.0,2023-03-21,2025-12-10,022-2025
4256,Switch,"Switch - número de portas Gigabit Ethernet: 48 x 1G; número de portas de uplink: 4 x 1G SFP;  tipo de gerenciamento: inteligente, Gerenciado pela Web; recursos de rede: VLANs, QoS, VLAN de voz, GVRP, MSTP e IGMP Snooping; segurança: lista de Controle de Acesso, 802.1X / RADIUS, SSH/SSL; economia de energia (EEE): sim; fonte de alimentação: Interna; montagem em rack.",4399.0,112.0,ARANOUÁ - ANO 3 (10622-4),Luciana Cecilia Brito de Vasconcelos,Jeconias Ferreira dos Santos,Doado,1088.0,2023-03-21,2025-12-10,022-2025
4257,Switch,"Switch - número de portas Gigabit Ethernet: 48 x 1G; número de portas de uplink: 4 x 1G SFP;  tipo de gerenciamento: inteligente, Gerenciado pela Web; recursos de rede: VLANs, QoS, VLAN de voz, GVRP, MSTP e IGMP Snooping; segurança: lista de Controle de Acesso, 802.1X / RADIUS, SSH/SSL; economia de energia (EEE): sim; fonte de alimentação: Interna; montagem em rack.",4399.0,112.0,ARANOUÁ - ANO 3 (10622-4),Luciana Cecilia Brito de Vasconcelos,Jeconias Ferreira dos Santos,Doado,1088.0,2023-03-21,2025-12-10,022-2025
4258,Switch,"Switch - número de portas Gigabit Ethernet: 48 x 1G; número de portas de uplink: 4 x 1G SFP;  tipo de gerenciamento: inteligente, Gerenciado pela Web; recursos de rede: VLANs, QoS, VLAN de voz, GVRP, MSTP e IGMP Snooping; segurança: lista de Controle de Acesso, 802.1X / RADIUS, SSH/SSL; economia de energia (EEE): sim; fonte de alimentação: Interna; montagem em rack.",4399.0,112.0,ARANOUÁ - ANO 3 (10622-4),Luciana Cecilia Brito de Vasconcelos,Jeconias Ferreira dos Santos,Doado,1088.0,2023-03-21,2025-12-10,022-2025
4259,Switch,"Switch - número de portas Gigabit Ethernet: 48 x 1G; número de portas de uplink: 4 x 1G SFP;  tipo de gerenciamento: inteligente, Gerenciado pela Web; recursos de rede: VLANs, QoS, VLAN de voz, GVRP, MSTP e IGMP Snooping; segurança: lista de Controle de Acesso, 802.1X / RADIUS, SSH/SSL; economia de energia (EEE): sim; fonte de alimentação: Interna; montagem em rack.",4399.0,112.0,ARANOUÁ - ANO 3 (10622-4),Luciana Cecilia Brito de Vasconcelos,Jeconias Ferreira dos Santos,Doado,1088.0,2023-03-21,2025-12-10,022-2025
4260,Televisão ,"TV 65 "" - LED - UHD 4K - 3X HDMI - 2X USB - WI-FI - HDR ",3990.0,112.0,ARANOUÁ - ANO 3 (10622-4),Luciana Cecilia Brito de Vasconcelos,Jeconias Ferreira dos Santos,Doado,20318.0,2023-05-02,2025-12-10,022-2025
4261,Televisão ,"TV 65 "" - LED - UHD 4K - 3X HDMI - 2X USB - WI-FI - HDR ",3990.0,112.0,ARANOUÁ - ANO 3 (10622-4),Luciana Cecilia Brito de Vasconcelos,Jeconias Ferreira dos Santos,Doado,20318.0,2023-05-02,2025-12-10,022-2025
4262,Televisão ,"TV 65 "" - LED - UHD 4K - 3X HDMI - 2X USB - WI-FI - HDR ",3990.0,112.0,ARANOUÁ - ANO 3 (10622-4),Luciana Cecilia Brito de Vasconcelos,Jeconias Ferreira dos Santos,Doado,20318.0,2023-05-02,2025-12-10,022-2025
4263,Televisão ,"TV 65 "" - LED - UHD 4K - 3X HDMI - 2X USB - WI-FI - HDR ",3990.0,112.0,ARANOUÁ - ANO 3 (10622-4),Luciana Cecilia Brito de Vasconcelos,Jeconias Ferreira dos Santos,Doado,20318.0,2023-05-02,2025-12-10,022-2025
4264,Televisão ,"TV 65 "" - LED - UHD 4K - 3X HDMI - 2X USB - WI-FI - HDR ",3990.0,112.0,ARANOUÁ - ANO 3 (10622-4),Luciana Cecilia Brito de Vasconcelos,Jeconias Ferreira dos Santos,Doado,20318.0,2023-05-02,2025-12-10,022-2025
4274,Projetor Multimídia,"Projetor multimídia (datashow), com suporte a hdmi, CGA, 3d, resolução 1920 x1200, aspect ratio 4-3, correção trapeziodal ",3999.0,112.0,ARANOUÁ - ANO 3 (10622-4),Luciana Cecilia Brito de Vasconcelos,Jeconias Ferreira dos Santos,Doado,12499.0,2022-09-29,2025-12-10,022-2025
4275,Projetor Multimídia,"Projetor multimídia (datashow), com suporte a hdmi, CGA, 3d, resolução 1920 x1200, aspect ratio 4-3, correção trapeziodal ",3999.0,112.0,ARANOUÁ - ANO 3 (10622-4),Luciana Cecilia Brito de Vasconcelos,Jeconias Ferreira dos Santos,Doado,12499.0,2022-09-29,2025-12-10,022-2025
4276,Projetor Multimídia,"Projetor multimídia (datashow), com suporte a hdmi, CGA, 3d, resolução 1920 x1200, aspect ratio 4-3, correção trapeziodal ",3999.0,112.0,ARANOUÁ - ANO 3 (10622-4),Luciana Cecilia Brito de Vasconcelos,Jeconias Ferreira dos Santos,Doado,12499.0,2022-09-29,2025-12-10,022-2025
4277,Projetor Multimídia,"Projetor multimídia (datashow), com suporte a hdmi, CGA, 3d, resolução 1920 x1200, aspect ratio 4-3, correção trapeziodal ",3999.0,112.0,ARANOUÁ - ANO 3 (10622-4),Luciana Cecilia Brito de Vasconcelos,Jeconias Ferreira dos Santos,Doado,12499.0,2022-09-29,2025-12-10,022-2025
4278,Projetor Multimídia,"Projetor multimídia (datashow), com suporte a hdmi, CGA, 3d, resolução 1920 x1200, aspect ratio 4-3, correção trapeziodal ",3999.0,112.0,ARANOUÁ - ANO 3 (10622-4),Luciana Cecilia Brito de Vasconcelos,Jeconias Ferreira dos Santos,Doado,12499.0,2022-09-29,2025-12-10,022-2025
4279,Projetor Multimídia,"Projetor multimídia (datashow), com suporte a hdmi, CGA, 3d, resolução 1920 x1200, aspect ratio 4-3, correção trapeziodal ",3999.0,112.0,ARANOUÁ - ANO 3 (10622-4),Luciana Cecilia Brito de Vasconcelos,Jeconias Ferreira dos Santos,Doado,12499.0,2022-09-29,2025-12-10,022-2025
4280,Projetor Multimídia,"Projetor multimídia (datashow), com suporte a hdmi, CGA, 3d, resolução 1920 x1200, aspect ratio 4-3, correção trapeziodal ",3999.0,112.0,ARANOUÁ - ANO 3 (10622-4),Luciana Cecilia Brito de Vasconcelos,Jeconias Ferreira dos Santos,Doado,12499.0,2022-09-29,2025-12-10,022-2025
4281,Projetor Multimídia,"Projetor multimídia (datashow), com suporte a hdmi, CGA, 3d, resolução 1920 x1200, aspect ratio 4-3, correção trapeziodal ",3999.0,112.0,ARANOUÁ - ANO 3 (10622-4),Luciana Cecilia Brito de Vasconcelos,Jeconias Ferreira dos Santos,Doado,12499.0,2022-09-29,2025-12-10,022-2025
4282,Poltrona ,"Poltronas individuais tipo estúdio de jornalismo, com material resistente para suportar pelo menos 110 kg, com acabamento de qualidade, com design moderno.",1229.0,112.0,ARANOUÁ - ANO 3 (10622-4),Luciana Cecilia Brito de Vasconcelos,Jeconias Ferreira dos Santos,Doado,7012855.0,2023-05-19,2025-12-10,022-2025
4283,Poltrona ,"Poltronas individuais tipo estúdio de jornalismo, com material resistente para suportar pelo menos 110 kg, com acabamento de qualidade, com design moderno.",1229.0,112.0,ARANOUÁ - ANO 3 (10622-4),Luciana Cecilia Brito de Vasconcelos,Jeconias Ferreira dos Santos,Doado,7012855.0,2023-05-19,2025-12-10,022-2025
4284,Poltrona ,"Poltronas individuais tipo estúdio de jornalismo, com material resistente para suportar pelo menos 110 kg, com acabamento de qualidade, com design moderno.",1229.0,112.0,ARANOUÁ - ANO 3 (10622-4),Luciana Cecilia Brito de Vasconcelos,Jeconias Ferreira dos Santos,Doado,7012855.0,2023-05-19,2025-12-10,022-2025
4285,Poltrona ,"Poltronas individuais tipo estúdio de jornalismo, com material resistente para suportar pelo menos 110 kg, com acabamento de qualidade, com design moderno.",1229.0,112.0,ARANOUÁ - ANO 3 (10622-4),Luciana Cecilia Brito de Vasconcelos,Jeconias Ferreira dos Santos,Doado,7012855.0,2023-05-19,2025-12-10,022-2025
4286,Poltrona ,"Poltronas individuais tipo estúdio de jornalismo, com material resistente para suportar pelo menos 110 kg, com acabamento de qualidade, com design moderno.",1229.0,112.0,ARANOUÁ - ANO 3 (10622-4),Luciana Cecilia Brito de Vasconcelos,Jeconias Ferreira dos Santos,Doado,7012855.0,2023-05-19,2025-12-10,022-2025
4287,Poltrona ,"Poltronas individuais tipo estúdio de jornalismo, com material resistente para suportar pelo menos 110 kg, com acabamento de qualidade, com design moderno.",1229.0,112.0,ARANOUÁ - ANO 3 (10622-4),Luciana Cecilia Brito de Vasconcelos,Jeconias Ferreira dos Santos,Doado,7012855.0,2023-05-19,2025-12-10,022-2025
4288,Câmera ,Camera Digital - tipo compacta - resolução de pelo menos 13 MP - zoom de pelo menos 5x - sensor compacto - flash embutido - suporte a cartao sd - bateria com autonomia de pelo menos 1h de gravação. ,4499.0,112.0,ARANOUÁ - ANO 3 (10622-4),Luciana Cecilia Brito de Vasconcelos,Jeconias Ferreira dos Santos,Doado,24341.0,2022-12-01,2025-12-10,022-2025
4289,Quadro branco ,"Quadro branco (500 cm x 120 cm), com moldura de alumínio, laminado melamínico de alta qualidade.",1500.0,112.0,ARANOUÁ - ANO 3 (10622-4),Luciana Cecilia Brito de Vasconcelos,Jeconias Ferreira dos Santos,Doado,2549.0,2023-03-22,2025-12-10,022-2025
4290,Quadro branco ,"Quadro branco (500 cm x 120 cm), com moldura de alumínio, laminado melamínico de alta qualidade.",1500.0,112.0,ARANOUÁ - ANO 3 (10622-4),Luciana Cecilia Brito de Vasconcelos,Jeconias Ferreira dos Santos,Doado,2549.0,2023-03-22,2025-12-10,022-2025
4295,Smart Podium,SMART Podium 624 com display interativo.,23280.0,112.0,ARANOUÁ - ANO 3 (10622-4),Luciana Cecilia Brito de Vasconcelos,Jeconias Ferreira dos Santos,Doado,1639.0,2023-07-26,2025-12-10,022-2025
4296,Smart Podium,SMART Podium 624 com display interativo.,23280.0,112.0,ARANOUÁ - ANO 3 (10622-4),Luciana Cecilia Brito de Vasconcelos,Jeconias Ferreira dos Santos,Doado,1639.0,2023-07-26,2025-12-10,022-2025
4297,Mesa Disco Air Hockey ,Mobiliário - Mesa de Disco mor air hockey power play,4040.0,112.0,ARANOUÁ - ANO 3 (10622-4),Luciana Cecilia Brito de Vasconcelos,Jeconias Ferreira dos Santos,Doado,33334.0,2023-06-27,2025-12-10,022-2025
4298,Mesa Disco Air Hockey ,Mobiliário - Mesa de Disco mor air hockey power play,4040.0,112.0,ARANOUÁ - ANO 3 (10622-4),Luciana Cecilia Brito de Vasconcelos,Jeconias Ferreira dos Santos,Doado,33334.0,2023-06-27,2025-12-10,022-2025
4299,Kit púlpito e mesa de apoio,Kit Púlpito mais Mesa Acrílico para palestras.,3958.0,112.0,ARANOUÁ - ANO 3 (10622-4),Luciana Cecilia Brito de Vasconcelos,Jeconias Ferreira dos Santos,Doado,25.0,2023-05-19,2025-12-10,022-2025
4300,Lousa Digital,Lousa Digital - 60wi -tecnologia smart - 2500 lumens  - DLP - resolução de 1280x800 - suporte a HDMI - VGA - ethertnet e RCA ,6694.67,112.0,ARANOUÁ - ANO 3 (10622-4),Luciana Cecilia Brito de Vasconcelos,Jeconias Ferreira dos Santos,Doado,769.0,2023-06-22,2025-12-10,022-2025
4301,Lousa Digital,Lousa Digital - 60wi -tecnologia smart - 2500 lumens  - DLP - resolução de 1280x800 - suporte a HDMI - VGA - ethertnet e RCA ,6694.67,112.0,ARANOUÁ - ANO 3 (10622-4),Luciana Cecilia Brito de Vasconcelos,Jeconias Ferreira dos Santos,Doado,769.0,2023-06-22,2025-12-10,022-2025
4302,Lousa Digital,Lousa Digital - 60wi -tecnologia smart - 2500 lumens  - DLP - resolução de 1280x800 - suporte a HDMI - VGA - ethertnet e RCA ,6694.67,112.0,ARANOUÁ - ANO 3 (10622-4),Luciana Cecilia Brito de Vasconcelos,Jeconias Ferreira dos Santos,Doado,769.0,2023-06-22,2025-12-10,022-2025
4303,Lousa Digital,Lousa Digital - 60wi -tecnologia smart - 2500 lumens  - DLP - resolução de 1280x800 - suporte a HDMI - VGA - ethertnet e RCA ,6694.67,112.0,ARANOUÁ - ANO 3 (10622-4),Luciana Cecilia Brito de Vasconcelos,Jeconias Ferreira dos Santos,Doado,769.0,2023-06-22,2025-12-10,022-2025
4304,Lousa Digital,Lousa Digital - 60wi -tecnologia smart - 2500 lumens  - DLP - resolução de 1280x800 - suporte a HDMI - VGA - ethertnet e RCA ,6694.67,112.0,ARANOUÁ - ANO 3 (10622-4),Luciana Cecilia Brito de Vasconcelos,Jeconias Ferreira dos Santos,Doado,769.0,2023-06-22,2025-12-10,022-2025
4305,Lousa Digital,Lousa Digital - 60wi -tecnologia smart - 2500 lumens  - DLP - resolução de 1280x800 - suporte a HDMI - VGA - ethertnet e RCA ,6694.67,112.0,ARANOUÁ - ANO 3 (10622-4),Luciana Cecilia Brito de Vasconcelos,Jeconias Ferreira dos Santos,Doado,769.0,2023-06-22,2025-12-10,022-2025
4306,Conjunto sextavado 6 cadeiras e mesa central sextavada,Kit mesas e cadeiras,2942.86,112.0,ARANOUÁ - ANO 3 (10622-4),Luciana Cecilia Brito de Vasconcelos,Jeconias Ferreira dos Santos,Doado,60112.0,2023-07-19,2025-12-10,022-2025
4307,Conjunto sextavado 6 cadeiras e mesa central sextavada,Kit mesas e cadeiras,2942.86,112.0,ARANOUÁ - ANO 3 (10622-4),Luciana Cecilia Brito de Vasconcelos,Jeconias Ferreira dos Santos,Doado,60112.0,2023-07-19,2025-12-10,022-2025
4308,Conjunto sextavado 6 cadeiras e mesa central sextavada,Kit mesas e cadeiras,2942.86,112.0,ARANOUÁ - ANO 3 (10622-4),Luciana Cecilia Brito de Vasconcelos,Jeconias Ferreira dos Santos,Doado,60112.0,2023-07-19,2025-12-10,022-2025
4309,Conjunto sextavado 6 cadeiras e mesa central sextavada,Kit mesas e cadeiras,2942.86,112.0,ARANOUÁ - ANO 3 (10622-4),Luciana Cecilia Brito de Vasconcelos,Jeconias Ferreira dos Santos,Doado,60112.0,2023-07-19,2025-12-10,022-2025
4310,Conjunto sextavado 6 cadeiras e mesa central sextavada,Kit mesas e cadeiras,2942.86,112.0,ARANOUÁ - ANO 3 (10622-4),Luciana Cecilia Brito de Vasconcelos,Jeconias Ferreira dos Santos,Doado,60112.0,2023-07-19,2025-12-10,022-2025
4311,Conjunto sextavado 6 cadeiras e mesa central sextavada,Kit mesas e cadeiras,2942.86,112.0,ARANOUÁ - ANO 3 (10622-4),Luciana Cecilia Brito de Vasconcelos,Jeconias Ferreira dos Santos,Doado,60112.0,2023-07-19,2025-12-10,022-2025
4312,Conjunto sextavado 6 cadeiras e mesa central sextavada,Kit mesas e cadeiras,2942.86,112.0,ARANOUÁ - ANO 3 (10622-4),Luciana Cecilia Brito de Vasconcelos,Jeconias Ferreira dos Santos,Doado,60112.0,2023-07-19,2025-12-10,022-2025
4313,Cadeira,cadeiras escolares,210.0,112.0,ARANOUÁ - ANO 3 (10622-4),Luciana Cecilia Brito de Vasconcelos,Jeconias Ferreira dos Santos,Doado,60112.0,2023-07-19,2025-12-10,022-2025
4314,Cadeira,cadeiras escolares,210.0,112.0,ARANOUÁ - ANO 3 (10622-4),Luciana Cecilia Brito de Vasconcelos,Jeconias Ferreira dos Santos,Doado,60112.0,2023-07-19,2025-12-10,022-2025
4315,Cadeira,cadeiras escolares,210.0,112.0,ARANOUÁ - ANO 3 (10622-4),Luciana Cecilia Brito de Vasconcelos,Jeconias Ferreira dos Santos,Doado,60112.0,2023-07-19,2025-12-10,022-2025
4316,Cadeira,cadeiras escolares,210.0,112.0,ARANOUÁ - ANO 3 (10622-4),Luciana Cecilia Brito de Vasconcelos,Jeconias Ferreira dos Santos,Doado,60112.0,2023-07-19,2025-12-10,022-2025
4317,Cadeira,cadeiras escolares,210.0,112.0,ARANOUÁ - ANO 3 (10622-4),Luciana Cecilia Brito de Vasconcelos,Jeconias Ferreira dos Santos,Doado,60112.0,2023-07-19,2025-12-10,022-2025
4318,Cadeira,cadeiras escolares,210.0,112.0,ARANOUÁ - ANO 3 (10622-4),Luciana Cecilia Brito de Vasconcelos,Jeconias Ferreira dos Santos,Doado,60112.0,2023-07-19,2025-12-10,022-2025
4319,Cadeira,cadeiras escolares,210.0,112.0,ARANOUÁ - ANO 3 (10622-4),Luciana Cecilia Brito de Vasconcelos,Jeconias Ferreira dos Santos,Doado,60112.0,2023-07-19,2025-12-10,022-2025
4320,Cadeira,cadeiras escolares,210.0,112.0,ARANOUÁ - ANO 3 (10622-4),Luciana Cecilia Brito de Vasconcelos,Jeconias Ferreira dos Santos,Doado,60112.0,2023-07-19,2025-12-10,022-2025
4321,Cadeira,cadeiras escolares,210.0,112.0,ARANOUÁ - ANO 3 (10622-4),Luciana Cecilia Brito de Vasconcelos,Jeconias Ferreira dos Santos,Doado,60112.0,2023-07-19,2025-12-10,022-2025
4322,Cadeira,cadeiras escolares,210.0,112.0,ARANOUÁ - ANO 3 (10622-4),Luciana Cecilia Brito de Vasconcelos,Jeconias Ferreira dos Santos,Doado,60112.0,2023-07-19,2025-12-10,022-2025
4323,Cadeira,cadeiras escolares,210.0,112.0,ARANOUÁ - ANO 3 (10622-4),Luciana Cecilia Brito de Vasconcelos,Jeconias Ferreira dos Santos,Doado,60112.0,2023-07-19,2025-12-10,022-2025
4324,Cadeira,cadeiras escolares,210.0,112.0,ARANOUÁ - ANO 3 (10622-4),Luciana Cecilia Brito de Vasconcelos,Jeconias Ferreira dos Santos,Doado,60112.0,2023-07-19,2025-12-10,022-2025
4325,Cadeira,cadeiras escolares,210.0,112.0,ARANOUÁ - ANO 3 (10622-4),Luciana Cecilia Brito de Vasconcelos,Jeconias Ferreira dos Santos,Doado,60112.0,2023-07-19,2025-12-10,022-2025
4326,Cadeira,cadeiras escolares,210.0,112.0,ARANOUÁ - ANO 3 (10622-4),Luciana Cecilia Brito de Vasconcelos,Jeconias Ferreira dos Santos,Doado,60112.0,2023-07-19,2025-12-10,022-2025
4327,Cadeira,cadeiras escolares,210.0,112.0,ARANOUÁ - ANO 3 (10622-4),Luciana Cecilia Brito de Vasconcelos,Jeconias Ferreira dos Santos,Doado,60112.0,2023-07-19,2025-12-10,022-2025
4328,Cadeira,cadeiras escolares,210.0,112.0,ARANOUÁ - ANO 3 (10622-4),Luciana Cecilia Brito de Vasconcelos,Jeconias Ferreira dos Santos,Doado,60112.0,2023-07-19,2025-12-10,022-2025
4329,Cadeira,cadeiras escolares,210.0,112.0,ARANOUÁ - ANO 3 (10622-4),Luciana Cecilia Brito de Vasconcelos,Jeconias Ferreira dos Santos,Doado,60112.0,2023-07-19,2025-12-10,022-2025
4330,Cadeira,cadeiras escolares,210.0,112.0,ARANOUÁ - ANO 3 (10622-4),Luciana Cecilia Brito de Vasconcelos,Jeconias Ferreira dos Santos,Doado,60112.0,2023-07-19,2025-12-10,022-2025
4331,Cadeira,cadeiras escolares,210.0,112.0,ARANOUÁ - ANO 3 (10622-4),Luciana Cecilia Brito de Vasconcelos,Jeconias Ferreira dos Santos,Doado,60112.0,2023-07-19,2025-12-10,022-2025
4332,Cadeira,cadeiras escolares,210.0,112.0,ARANOUÁ - ANO 3 (10622-4),Luciana Cecilia Brito de Vasconcelos,Jeconias Ferreira dos Santos,Doado,60112.0,2023-07-19,2025-12-10,022-2025
4333,Cadeira,cadeiras escolares,210.0,112.0,ARANOUÁ - ANO 3 (10622-4),Luciana Cecilia Brito de Vasconcelos,Jeconias Ferreira dos Santos,Doado,60112.0,2023-07-19,2025-12-10,022-2025
4334,Cadeira,cadeiras escolares,210.0,112.0,ARANOUÁ - ANO 3 (10622-4),Luciana Cecilia Brito de Vasconcelos,Jeconias Ferreira dos Santos,Doado,60112.0,2023-07-19,2025-12-10,022-2025
4335,Cadeira,cadeiras escolares,210.0,112.0,ARANOUÁ - ANO 3 (10622-4),Luciana Cecilia Brito de Vasconcelos,Jeconias Ferreira dos Santos,Doado,60112.0,2023-07-19,2025-12-10,022-2025
4336,Cadeira,cadeiras escolares,210.0,112.0,ARANOUÁ - ANO 3 (10622-4),Luciana Cecilia Brito de Vasconcelos,Jeconias Ferreira dos Santos,Doado,60112.0,2023-07-19,2025-12-10,022-2025
4337,Cadeira,cadeiras escolares,210.0,112.0,ARANOUÁ - ANO 3 (10622-4),Luciana Cecilia Brito de Vasconcelos,Jeconias Ferreira dos Santos,Doado,60112.0,2023-07-19,2025-12-10,022-2025
4338,Cadeira,cadeiras escolares,210.0,112.0,ARANOUÁ - ANO 3 (10622-4),Luciana Cecilia Brito de Vasconcelos,Jeconias Ferreira dos Santos,Doado,60112.0,2023-07-19,2025-12-10,022-2025
4339,Cadeira,cadeiras escolares,210.0,112.0,ARANOUÁ - ANO 3 (10622-4),Luciana Cecilia Brito de Vasconcelos,Jeconias Ferreira dos Santos,Doado,60112.0,2023-07-19,2025-12-10,022-2025
4340,Cadeira,cadeiras escolares,210.0,112.0,ARANOUÁ - ANO 3 (10622-4),Luciana Cecilia Brito de Vasconcelos,Jeconias Ferreira dos Santos,Doado,60112.0,2023-07-19,2025-12-10,022-2025
4341,Cadeira,cadeiras escolares,210.0,112.0,ARANOUÁ - ANO 3 (10622-4),Luciana Cecilia Brito de Vasconcelos,Jeconias Ferreira dos Santos,Doado,60112.0,2023-07-19,2025-12-10,022-2025
4342,Cadeira,cadeiras escolares,210.0,112.0,ARANOUÁ - ANO 3 (10622-4),Luciana Cecilia Brito de Vasconcelos,Jeconias Ferreira dos Santos,Doado,60112.0,2023-07-19,2025-12-10,022-2025
4343,Cadeira,cadeiras escolares,210.0,112.0,ARANOUÁ - ANO 3 (10622-4),Luciana Cecilia Brito de Vasconcelos,Jeconias Ferreira dos Santos,Doado,60112.0,2023-07-19,2025-12-10,022-2025
4344,Cadeira,cadeiras escolares,210.0,112.0,ARANOUÁ - ANO 3 (10622-4),Luciana Cecilia Brito de Vasconcelos,Jeconias Ferreira dos Santos,Doado,60112.0,2023-07-19,2025-12-10,022-2025
4345,Cadeira,cadeiras escolares,210.0,112.0,ARANOUÁ - ANO 3 (10622-4),Luciana Cecilia Brito de Vasconcelos,Jeconias Ferreira dos Santos,Doado,60112.0,2023-07-19,2025-12-10,022-2025
4346,Cadeira,cadeiras escolares,210.0,112.0,ARANOUÁ - ANO 3 (10622-4),Luciana Cecilia Brito de Vasconcelos,Jeconias Ferreira dos Santos,Doado,60112.0,2023-07-19,2025-12-10,022-2025
4347,Cadeira,cadeiras escolares,210.0,112.0,ARANOUÁ - ANO 3 (10622-4),Luciana Cecilia Brito de Vasconcelos,Jeconias Ferreira dos Santos,Doado,60112.0,2023-07-19,2025-12-10,022-2025
4348,Cadeira,cadeiras escolares,210.0,112.0,ARANOUÁ - ANO 3 (10622-4),Luciana Cecilia Brito de Vasconcelos,Jeconias Ferreira dos Santos,Doado,60112.0,2023-07-19,2025-12-10,022-2025
4349,Cadeira,cadeiras escolares,210.0,112.0,ARANOUÁ - ANO 3 (10622-4),Luciana Cecilia Brito de Vasconcelos,Jeconias Ferreira dos Santos,Doado,60112.0,2023-07-19,2025-12-10,022-2025
4350,Cadeira,cadeiras escolares,210.0,112.0,ARANOUÁ - ANO 3 (10622-4),Luciana Cecilia Brito de Vasconcelos,Jeconias Ferreira dos Santos,Doado,60112.0,2023-07-19,2025-12-10,022-2025
4351,Cadeira,cadeiras escolares,210.0,112.0,ARANOUÁ - ANO 3 (10622-4),Luciana Cecilia Brito de Vasconcelos,Jeconias Ferreira dos Santos,Doado,60112.0,2023-07-19,2025-12-10,022-2025
4352,Cadeira,cadeiras escolares,210.0,112.0,ARANOUÁ - ANO 3 (10622-4),Luciana Cecilia Brito de Vasconcelos,Jeconias Ferreira dos Santos,Doado,60112.0,2023-07-19,2025-12-10,022-2025
4353,Cadeira,cadeiras escolares,210.0,112.0,ARANOUÁ - ANO 3 (10622-4),Luciana Cecilia Brito de Vasconcelos,Jeconias Ferreira dos Santos,Doado,60112.0,2023-07-19,2025-12-10,022-2025
4354,Cadeira,cadeiras escolares,210.0,112.0,ARANOUÁ - ANO 3 (10622-4),Luciana Cecilia Brito de Vasconcelos,Jeconias Ferreira dos Santos,Doado,60112.0,2023-07-19,2025-12-10,022-2025
4355,Cadeira,cadeiras escolares,210.0,112.0,ARANOUÁ - ANO 3 (10622-4),Luciana Cecilia Brito de Vasconcelos,Jeconias Ferreira dos Santos,Doado,60112.0,2023-07-19,2025-12-10,022-2025
4356,Cadeira,cadeiras escolares,210.0,112.0,ARANOUÁ - ANO 3 (10622-4),Luciana Cecilia Brito de Vasconcelos,Jeconias Ferreira dos Santos,Doado,60112.0,2023-07-19,2025-12-10,022-2025
4357,Cadeira,cadeiras escolares,210.0,112.0,ARANOUÁ - ANO 3 (10622-4),Luciana Cecilia Brito de Vasconcelos,Jeconias Ferreira dos Santos,Doado,60112.0,2023-07-19,2025-12-10,022-2025
4358,Cadeira,cadeiras escolares,210.0,112.0,ARANOUÁ - ANO 3 (10622-4),Luciana Cecilia Brito de Vasconcelos,Jeconias Ferreira dos Santos,Doado,60112.0,2023-07-19,2025-12-10,022-2025
4359,Cadeira,cadeiras escolares,210.0,112.0,ARANOUÁ - ANO 3 (10622-4),Luciana Cecilia Brito de Vasconcelos,Jeconias Ferreira dos Santos,Doado,60112.0,2023-07-19,2025-12-10,022-2025
4360,Cadeira,cadeiras escolares,210.0,112.0,ARANOUÁ - ANO 3 (10622-4),Luciana Cecilia Brito de Vasconcelos,Jeconias Ferreira dos Santos,Doado,60112.0,2023-07-19,2025-12-10,022-2025
4361,Cadeira,cadeiras escolares,210.0,112.0,ARANOUÁ - ANO 3 (10622-4),Luciana Cecilia Brito de Vasconcelos,Jeconias Ferreira dos Santos,Doado,60112.0,2023-07-19,2025-12-10,022-2025
4362,Cadeira,cadeiras escolares,210.0,112.0,ARANOUÁ - ANO 3 (10622-4),Luciana Cecilia Brito de Vasconcelos,Jeconias Ferreira dos Santos,Doado,60112.0,2023-07-19,2025-12-10,022-2025
4363,Cadeira,cadeiras escolares,210.0,112.0,ARANOUÁ - ANO 3 (10622-4),Luciana Cecilia Brito de Vasconcelos,Jeconias Ferreira dos Santos,Doado,60112.0,2023-07-19,2025-12-10,022-2025
4364,Cadeira,cadeiras escolares,210.0,112.0,ARANOUÁ - ANO 3 (10622-4),Luciana Cecilia Brito de Vasconcelos,Jeconias Ferreira dos Santos,Doado,60112.0,2023-07-19,2025-12-10,022-2025
4365,Cadeira,cadeiras escolares,210.0,112.0,ARANOUÁ - ANO 3 (10622-4),Luciana Cecilia Brito de Vasconcelos,Jeconias Ferreira dos Santos,Doado,60112.0,2023-07-19,2025-12-10,022-2025
4366,Cadeira,cadeiras escolares,210.0,112.0,ARANOUÁ - ANO 3 (10622-4),Luciana Cecilia Brito de Vasconcelos,Jeconias Ferreira dos Santos,Doado,60112.0,2023-07-19,2025-12-10,022-2025
4367,Cadeira,cadeiras escolares,210.0,112.0,ARANOUÁ - ANO 3 (10622-4),Luciana Cecilia Brito de Vasconcelos,Jeconias Ferreira dos Santos,Doado,60112.0,2023-07-19,2025-12-10,022-2025
4368,Cadeira,cadeiras escolares,210.0,112.0,ARANOUÁ - ANO 3 (10622-4),Luciana Cecilia Brito de Vasconcelos,Jeconias Ferreira dos Santos,Doado,60112.0,2023-07-19,2025-12-10,022-2025
4369,Cadeira,cadeiras escolares,210.0,112.0,ARANOUÁ - ANO 3 (10622-4),Luciana Cecilia Brito de Vasconcelos,Jeconias Ferreira dos Santos,Doado,60112.0,2023-07-19,2025-12-10,022-2025
4370,Cadeira,cadeiras escolares,210.0,112.0,ARANOUÁ - ANO 3 (10622-4),Luciana Cecilia Brito de Vasconcelos,Jeconias Ferreira dos Santos,Doado,60112.0,2023-07-19,2025-12-10,022-2025
4371,Cadeira,cadeiras escolares,210.0,112.0,ARANOUÁ - ANO 3 (10622-4),Luciana Cecilia Brito de Vasconcelos,Jeconias Ferreira dos Santos,Doado,60112.0,2023-07-19,2025-12-10,022-2025
4372,Cadeira,cadeiras escolares,210.0,112.0,ARANOUÁ - ANO 3 (10622-4),Luciana Cecilia Brito de Vasconcelos,Jeconias Ferreira dos Santos,Doado,60112.0,2023-07-19,2025-12-10,022-2025
4373,Cadeira,cadeiras escolares,210.0,112.0,ARANOUÁ - ANO 3 (10622-4),Luciana Cecilia Brito de Vasconcelos,Jeconias Ferreira dos Santos,Doado,60112.0,2023-07-19,2025-12-10,022-2025
4374,Cadeira,cadeiras escolares,210.0,112.0,ARANOUÁ - ANO 3 (10622-4),Luciana Cecilia Brito de Vasconcelos,Jeconias Ferreira dos Santos,Doado,60112.0,2023-07-19,2025-12-10,022-2025
4375,Cadeira,cadeiras escolares,210.0,112.0,ARANOUÁ - ANO 3 (10622-4),Luciana Cecilia Brito de Vasconcelos,Jeconias Ferreira dos Santos,Doado,60112.0,2023-07-19,2025-12-10,022-2025
4376,Cadeira,cadeiras escolares,210.0,112.0,ARANOUÁ - ANO 3 (10622-4),Luciana Cecilia Brito de Vasconcelos,Jeconias Ferreira dos Santos,Doado,60112.0,2023-07-19,2025-12-10,022-2025
4377,Cadeira,cadeiras escolares,210.0,112.0,ARANOUÁ - ANO 3 (10622-4),Luciana Cecilia Brito de Vasconcelos,Jeconias Ferreira dos Santos,Doado,60112.0,2023-07-19,2025-12-10,022-2025
4378,Cadeira,cadeiras escolares,210.0,112.0,ARANOUÁ - ANO 3 (10622-4),Luciana Cecilia Brito de Vasconcelos,Jeconias Ferreira dos Santos,Doado,60112.0,2023-07-19,2025-12-10,022-2025
4379,Cadeira,cadeiras escolares,210.0,112.0,ARANOUÁ - ANO 3 (10622-4),Luciana Cecilia Brito de Vasconcelos,Jeconias Ferreira dos Santos,Doado,60112.0,2023-07-19,2025-12-10,022-2025
4380,Cadeira,cadeiras escolares,210.0,112.0,ARANOUÁ - ANO 3 (10622-4),Luciana Cecilia Brito de Vasconcelos,Jeconias Ferreira dos Santos,Doado,60112.0,2023-07-19,2025-12-10,022-2025
4381,Cadeira,cadeiras escolares,210.0,112.0,ARANOUÁ - ANO 3 (10622-4),Luciana Cecilia Brito de Vasconcelos,Jeconias Ferreira dos Santos,Doado,60112.0,2023-07-19,2025-12-10,022-2025
4382,Cadeira,cadeiras escolares,210.0,112.0,ARANOUÁ - ANO 3 (10622-4),Luciana Cecilia Brito de Vasconcelos,Jeconias Ferreira dos Santos,Doado,60112.0,2023-07-19,2025-12-10,022-2025
4383,Cadeira,cadeiras escolares,210.0,112.0,ARANOUÁ - ANO 3 (10622-4),Luciana Cecilia Brito de Vasconcelos,Jeconias Ferreira dos Santos,Doado,60112.0,2023-07-19,2025-12-10,022-2025
4384,Cadeira,cadeiras escolares,210.0,112.0,ARANOUÁ - ANO 3 (10622-4),Luciana Cecilia Brito de Vasconcelos,Jeconias Ferreira dos Santos,Doado,60112.0,2023-07-19,2025-12-10,022-2025
4385,Cadeira,cadeiras escolares,210.0,112.0,ARANOUÁ - ANO 3 (10622-4),Luciana Cecilia Brito de Vasconcelos,Jeconias Ferreira dos Santos,Doado,60112.0,2023-07-19,2025-12-10,022-2025
4386,Cadeira,cadeiras escolares,210.0,112.0,ARANOUÁ - ANO 3 (10622-4),Luciana Cecilia Brito de Vasconcelos,Jeconias Ferreira dos Santos,Doado,60112.0,2023-07-19,2025-12-10,022-2025
4387,Cadeira,cadeiras escolares,210.0,112.0,ARANOUÁ - ANO 3 (10622-4),Luciana Cecilia Brito de Vasconcelos,Jeconias Ferreira dos Santos,Doado,60112.0,2023-07-19,2025-12-10,022-2025
4388,Cadeira,cadeiras escolares,210.0,112.0,ARANOUÁ - ANO 3 (10622-4),Luciana Cecilia Brito de Vasconcelos,Jeconias Ferreira dos Santos,Doado,60112.0,2023-07-19,2025-12-10,022-2025
4389,Cadeira,cadeiras escolares,210.0,112.0,ARANOUÁ - ANO 3 (10622-4),Luciana Cecilia Brito de Vasconcelos,Jeconias Ferreira dos Santos,Doado,60112.0,2023-07-19,2025-12-10,022-2025
4390,Cadeira,cadeiras escolares,210.0,112.0,ARANOUÁ - ANO 3 (10622-4),Luciana Cecilia Brito de Vasconcelos,Jeconias Ferreira dos Santos,Doado,60112.0,2023-07-19,2025-12-10,022-2025
4391,Cadeira,cadeiras escolares,210.0,112.0,ARANOUÁ - ANO 3 (10622-4),Luciana Cecilia Brito de Vasconcelos,Jeconias Ferreira dos Santos,Doado,60112.0,2023-07-19,2025-12-10,022-2025
4392,Cadeira,cadeiras escolares,210.0,112.0,ARANOUÁ - ANO 3 (10622-4),Luciana Cecilia Brito de Vasconcelos,Jeconias Ferreira dos Santos,Doado,60112.0,2023-07-19,2025-12-10,022-2025
4393,Cadeira,cadeiras escolares,210.0,112.0,ARANOUÁ - ANO 3 (10622-4),Luciana Cecilia Brito de Vasconcelos,Jeconias Ferreira dos Santos,Doado,60112.0,2023-07-19,2025-12-10,022-2025
4394,Cadeira,cadeiras escolares,210.0,112.0,ARANOUÁ - ANO 3 (10622-4),Luciana Cecilia Brito de Vasconcelos,Jeconias Ferreira dos Santos,Doado,60112.0,2023-07-19,2025-12-10,022-2025
4395,Cadeira,cadeiras escolares,210.0,112.0,ARANOUÁ - ANO 3 (10622-4),Luciana Cecilia Brito de Vasconcelos,Jeconias Ferreira dos Santos,Doado,60112.0,2023-07-19,2025-12-10,022-2025
4396,Cadeira,cadeiras escolares,210.0,112.0,ARANOUÁ - ANO 3 (10622-4),Luciana Cecilia Brito de Vasconcelos,Jeconias Ferreira dos Santos,Doado,60112.0,2023-07-19,2025-12-10,022-2025
4397,Cadeira,cadeiras escolares,210.0,112.0,ARANOUÁ - ANO 3 (10622-4),Luciana Cecilia Brito de Vasconcelos,Jeconias Ferreira dos Santos,Doado,60112.0,2023-07-19,2025-12-10,022-2025
4398,Cadeira,cadeiras escolares,210.0,112.0,ARANOUÁ - ANO 3 (10622-4),Luciana Cecilia Brito de Vasconcelos,Jeconias Ferreira dos Santos,Doado,60112.0,2023-07-19,2025-12-10,022-2025
4399,Cadeira,cadeiras escolares,210.0,112.0,ARANOUÁ - ANO 3 (10622-4),Luciana Cecilia Brito de Vasconcelos,Jeconias Ferreira dos Santos,Doado,60112.0,2023-07-19,2025-12-10,022-2025
4400,Cadeira,cadeiras escolares,210.0,112.0,ARANOUÁ - ANO 3 (10622-4),Luciana Cecilia Brito de Vasconcelos,Jeconias Ferreira dos Santos,Doado,60112.0,2023-07-19,2025-12-10,022-2025
4401,Cadeira,cadeiras escolares,210.0,112.0,ARANOUÁ - ANO 3 (10622-4),Luciana Cecilia Brito de Vasconcelos,Jeconias Ferreira dos Santos,Doado,60112.0,2023-07-19,2025-12-10,022-2025
4402,Cadeira,cadeiras escolares,210.0,112.0,ARANOUÁ - ANO 3 (10622-4),Luciana Cecilia Brito de Vasconcelos,Jeconias Ferreira dos Santos,Doado,60112.0,2023-07-19,2025-12-10,022-2025
4403,Cadeira,cadeiras escolares,210.0,112.0,ARANOUÁ - ANO 3 (10622-4),Luciana Cecilia Brito de Vasconcelos,Jeconias Ferreira dos Santos,Doado,60112.0,2023-07-19,2025-12-10,022-2025
4404,Cadeira,cadeiras escolares,210.0,112.0,ARANOUÁ - ANO 3 (10622-4),Luciana Cecilia Brito de Vasconcelos,Jeconias Ferreira dos Santos,Doado,60112.0,2023-07-19,2025-12-10,022-2025
4405,Cadeira,cadeiras escolares,210.0,112.0,ARANOUÁ - ANO 3 (10622-4),Luciana Cecilia Brito de Vasconcelos,Jeconias Ferreira dos Santos,Doado,60112.0,2023-07-19,2025-12-10,022-2025
4406,Cadeira,cadeiras escolares,210.0,112.0,ARANOUÁ - ANO 3 (10622-4),Luciana Cecilia Brito de Vasconcelos,Jeconias Ferreira dos Santos,Doado,60112.0,2023-07-19,2025-12-10,022-2025
4407,Cadeira,cadeiras escolares,210.0,112.0,ARANOUÁ - ANO 3 (10622-4),Luciana Cecilia Brito de Vasconcelos,Jeconias Ferreira dos Santos,Doado,60112.0,2023-07-19,2025-12-10,022-2025
4408,Cadeira,cadeiras escolares,210.0,112.0,ARANOUÁ - ANO 3 (10622-4),Luciana Cecilia Brito de Vasconcelos,Jeconias Ferreira dos Santos,Doado,60112.0,2023-07-19,2025-12-10,022-2025
4409,Cadeira,cadeiras escolares,210.0,112.0,ARANOUÁ - ANO 3 (10622-4),Luciana Cecilia Brito de Vasconcelos,Jeconias Ferreira dos Santos,Doado,60112.0,2023-07-19,2025-12-10,022-2025
4410,Cadeira,cadeiras escolares,210.0,112.0,ARANOUÁ - ANO 3 (10622-4),Luciana Cecilia Brito de Vasconcelos,Jeconias Ferreira dos Santos,Doado,60112.0,2023-07-19,2025-12-10,022-2025
4411,Cadeira,cadeiras escolares,210.0,112.0,ARANOUÁ - ANO 3 (10622-4),Luciana Cecilia Brito de Vasconcelos,Jeconias Ferreira dos Santos,Doado,60112.0,2023-07-19,2025-12-10,022-2025
4412,Cadeira,cadeiras escolares,210.0,112.0,ARANOUÁ - ANO 3 (10622-4),Luciana Cecilia Brito de Vasconcelos,Jeconias Ferreira dos Santos,Doado,60112.0,2023-07-19,2025-12-10,022-2025
4413,Cadeira,cadeiras escolares,210.0,112.0,ARANOUÁ - ANO 3 (10622-4),Luciana Cecilia Brito de Vasconcelos,Jeconias Ferreira dos Santos,Doado,60112.0,2023-07-19,2025-12-10,022-2025
4414,Cadeira,cadeiras escolares,210.0,112.0,ARANOUÁ - ANO 3 (10622-4),Luciana Cecilia Brito de Vasconcelos,Jeconias Ferreira dos Santos,Doado,60112.0,2023-07-19,2025-12-10,022-2025
4415,Cadeira,cadeiras escolares,210.0,112.0,ARANOUÁ - ANO 3 (10622-4),Luciana Cecilia Brito de Vasconcelos,Jeconias Ferreira dos Santos,Doado,60112.0,2023-07-19,2025-12-10,022-2025
4416,Cadeira,cadeiras escolares,210.0,112.0,ARANOUÁ - ANO 3 (10622-4),Luciana Cecilia Brito de Vasconcelos,Jeconias Ferreira dos Santos,Doado,60112.0,2023-07-19,2025-12-10,022-2025
4417,Cadeira,cadeiras escolares,210.0,112.0,ARANOUÁ - ANO 3 (10622-4),Luciana Cecilia Brito de Vasconcelos,Jeconias Ferreira dos Santos,Doado,60112.0,2023-07-19,2025-12-10,022-2025
4418,Cadeira,cadeiras escolares,210.0,112.0,ARANOUÁ - ANO 3 (10622-4),Luciana Cecilia Brito de Vasconcelos,Jeconias Ferreira dos Santos,Doado,60112.0,2023-07-19,2025-12-10,022-2025
4419,Cadeira,cadeiras escolares,210.0,112.0,ARANOUÁ - ANO 3 (10622-4),Luciana Cecilia Brito de Vasconcelos,Jeconias Ferreira dos Santos,Doado,60112.0,2023-07-19,2025-12-10,022-2025
4420,Cadeira,cadeiras escolares,210.0,112.0,ARANOUÁ - ANO 3 (10622-4),Luciana Cecilia Brito de Vasconcelos,Jeconias Ferreira dos Santos,Doado,60112.0,2023-07-19,2025-12-10,022-2025
4421,Cadeira,cadeiras escolares,210.0,112.0,ARANOUÁ - ANO 3 (10622-4),Luciana Cecilia Brito de Vasconcelos,Jeconias Ferreira dos Santos,Doado,60112.0,2023-07-19,2025-12-10,022-2025
4422,Cadeira,cadeiras escolares,210.0,112.0,ARANOUÁ - ANO 3 (10622-4),Luciana Cecilia Brito de Vasconcelos,Jeconias Ferreira dos Santos,Doado,60112.0,2023-07-19,2025-12-10,022-2025
4423,Cadeira,cadeiras escolares,210.0,112.0,ARANOUÁ - ANO 3 (10622-4),Luciana Cecilia Brito de Vasconcelos,Jeconias Ferreira dos Santos,Doado,60112.0,2023-07-19,2025-12-10,022-2025
4424,Cadeira,cadeiras escolares,210.0,112.0,ARANOUÁ - ANO 3 (10622-4),Luciana Cecilia Brito de Vasconcelos,Jeconias Ferreira dos Santos,Doado,60112.0,2023-07-19,2025-12-10,022-2025
4425,Cadeira,cadeiras escolares,210.0,112.0,ARANOUÁ - ANO 3 (10622-4),Luciana Cecilia Brito de Vasconcelos,Jeconias Ferreira dos Santos,Doado,60112.0,2023-07-19,2025-12-10,022-2025
4426,Cadeira,cadeiras escolares,210.0,112.0,ARANOUÁ - ANO 3 (10622-4),Luciana Cecilia Brito de Vasconcelos,Jeconias Ferreira dos Santos,Doado,60112.0,2023-07-19,2025-12-10,022-2025
4427,Cadeira,cadeiras escolares,210.0,112.0,ARANOUÁ - ANO 3 (10622-4),Luciana Cecilia Brito de Vasconcelos,Jeconias Ferreira dos Santos,Doado,60112.0,2023-07-19,2025-12-10,022-2025
4428,Cadeira,cadeiras escolares,210.0,112.0,ARANOUÁ - ANO 3 (10622-4),Luciana Cecilia Brito de Vasconcelos,Jeconias Ferreira dos Santos,Doado,60112.0,2023-07-19,2025-12-10,022-2025
4429,Cadeira,cadeiras escolares,210.0,112.0,ARANOUÁ - ANO 3 (10622-4),Luciana Cecilia Brito de Vasconcelos,Jeconias Ferreira dos Santos,Doado,60112.0,2023-07-19,2025-12-10,022-2025
4430,Cadeira,cadeiras escolares,210.0,112.0,ARANOUÁ - ANO 3 (10622-4),Luciana Cecilia Brito de Vasconcelos,Jeconias Ferreira dos Santos,Doado,60112.0,2023-07-19,2025-12-10,022-2025
4431,Cadeira,cadeiras escolares,210.0,112.0,ARANOUÁ - ANO 3 (10622-4),Luciana Cecilia Brito de Vasconcelos,Jeconias Ferreira dos Santos,Doado,60112.0,2023-07-19,2025-12-10,022-2025
4432,Cadeira,cadeiras escolares,210.0,112.0,ARANOUÁ - ANO 3 (10622-4),Luciana Cecilia Brito de Vasconcelos,Jeconias Ferreira dos Santos,Doado,60112.0,2023-07-19,2025-12-10,022-2025
4433,Cadeira,cadeiras escolares,210.0,112.0,ARANOUÁ - ANO 3 (10622-4),Luciana Cecilia Brito de Vasconcelos,Jeconias Ferreira dos Santos,Doado,60112.0,2023-07-19,2025-12-10,022-2025
4434,Cadeira,cadeiras escolares,210.0,112.0,ARANOUÁ - ANO 3 (10622-4),Luciana Cecilia Brito de Vasconcelos,Jeconias Ferreira dos Santos,Doado,60112.0,2023-07-19,2025-12-10,022-2025
4435,Cadeira,cadeiras escolares,210.0,112.0,ARANOUÁ - ANO 3 (10622-4),Luciana Cecilia Brito de Vasconcelos,Jeconias Ferreira dos Santos,Doado,60112.0,2023-07-19,2025-12-10,022-2025
4436,Cadeira,cadeiras escolares,210.0,112.0,ARANOUÁ - ANO 3 (10622-4),Luciana Cecilia Brito de Vasconcelos,Jeconias Ferreira dos Santos,Doado,60112.0,2023-07-19,2025-12-10,022-2025
4437,Cadeira,cadeiras escolares,210.0,112.0,ARANOUÁ - ANO 3 (10622-4),Luciana Cecilia Brito de Vasconcelos,Jeconias Ferreira dos Santos,Doado,60112.0,2023-07-19,2025-12-10,022-2025
4438,Cadeira,cadeiras escolares,210.0,112.0,ARANOUÁ - ANO 3 (10622-4),Luciana Cecilia Brito de Vasconcelos,Jeconias Ferreira dos Santos,Doado,60112.0,2023-07-19,2025-12-10,022-2025
4439,Cadeira,cadeiras escolares,210.0,112.0,ARANOUÁ - ANO 3 (10622-4),Luciana Cecilia Brito de Vasconcelos,Jeconias Ferreira dos Santos,Doado,60112.0,2023-07-19,2025-12-10,022-2025
4440,Cadeira,cadeiras escolares,210.0,112.0,ARANOUÁ - ANO 3 (10622-4),Luciana Cecilia Brito de Vasconcelos,Jeconias Ferreira dos Santos,Doado,60112.0,2023-07-19,2025-12-10,022-2025
4441,Cadeira,cadeiras escolares,210.0,112.0,ARANOUÁ - ANO 3 (10622-4),Luciana Cecilia Brito de Vasconcelos,Jeconias Ferreira dos Santos,Doado,60112.0,2023-07-19,2025-12-10,022-2025
4442,Cadeira,cadeiras escolares,210.0,112.0,ARANOUÁ - ANO 3 (10622-4),Luciana Cecilia Brito de Vasconcelos,Jeconias Ferreira dos Santos,Doado,60112.0,2023-07-19,2025-12-10,022-2025
4443,Cadeira,cadeiras escolares,210.0,112.0,ARANOUÁ - ANO 3 (10622-4),Luciana Cecilia Brito de Vasconcelos,Jeconias Ferreira dos Santos,Doado,60112.0,2023-07-19,2025-12-10,022-2025
4444,Cadeira,cadeiras escolares,210.0,112.0,ARANOUÁ - ANO 3 (10622-4),Luciana Cecilia Brito de Vasconcelos,Jeconias Ferreira dos Santos,Doado,60112.0,2023-07-19,2025-12-10,022-2025
4445,Cadeira,cadeiras escolares,210.0,112.0,ARANOUÁ - ANO 3 (10622-4),Luciana Cecilia Brito de Vasconcelos,Jeconias Ferreira dos Santos,Doado,60112.0,2023-07-19,2025-12-10,022-2025
4446,Cadeira,cadeiras escolares,210.0,112.0,ARANOUÁ - ANO 3 (10622-4),Luciana Cecilia Brito de Vasconcelos,Jeconias Ferreira dos Santos,Doado,60112.0,2023-07-19,2025-12-10,022-2025
4447,Cadeira,cadeiras escolares,210.0,112.0,ARANOUÁ - ANO 3 (10622-4),Luciana Cecilia Brito de Vasconcelos,Jeconias Ferreira dos Santos,Doado,60112.0,2023-07-19,2025-12-10,022-2025
4448,Cadeira,cadeiras escolares,210.0,112.0,ARANOUÁ - ANO 3 (10622-4),Luciana Cecilia Brito de Vasconcelos,Jeconias Ferreira dos Santos,Doado,60112.0,2023-07-19,2025-12-10,022-2025
4449,Cadeira,cadeiras escolares,210.0,112.0,ARANOUÁ - ANO 3 (10622-4),Luciana Cecilia Brito de Vasconcelos,Jeconias Ferreira dos Santos,Doado,60112.0,2023-07-19,2025-12-10,022-2025
4450,Cadeira,cadeiras escolares,210.0,112.0,ARANOUÁ - ANO 3 (10622-4),Luciana Cecilia Brito de Vasconcelos,Jeconias Ferreira dos Santos,Doado,60112.0,2023-07-19,2025-12-10,022-2025
4451,Cadeira,cadeiras escolares,210.0,112.0,ARANOUÁ - ANO 3 (10622-4),Luciana Cecilia Brito de Vasconcelos,Jeconias Ferreira dos Santos,Doado,60112.0,2023-07-19,2025-12-10,022-2025
4452,Cadeira,cadeiras escolares,210.0,112.0,ARANOUÁ - ANO 3 (10622-4),Luciana Cecilia Brito de Vasconcelos,Jeconias Ferreira dos Santos,Doado,60112.0,2023-07-19,2025-12-10,022-2025
4453,Cadeira,cadeiras escolares,210.0,112.0,ARANOUÁ - ANO 3 (10622-4),Luciana Cecilia Brito de Vasconcelos,Jeconias Ferreira dos Santos,Doado,60112.0,2023-07-19,2025-12-10,022-2025
4454,Cadeira,cadeiras escolares,210.0,112.0,ARANOUÁ - ANO 3 (10622-4),Luciana Cecilia Brito de Vasconcelos,Jeconias Ferreira dos Santos,Doado,60112.0,2023-07-19,2025-12-10,022-2025
4455,Cadeira,cadeiras escolares,210.0,112.0,ARANOUÁ - ANO 3 (10622-4),Luciana Cecilia Brito de Vasconcelos,Jeconias Ferreira dos Santos,Doado,60112.0,2023-07-19,2025-12-10,022-2025
4456,Cadeira,cadeiras escolares,210.0,112.0,ARANOUÁ - ANO 3 (10622-4),Luciana Cecilia Brito de Vasconcelos,Jeconias Ferreira dos Santos,Doado,60112.0,2023-07-19,2025-12-10,022-2025
4457,Cadeira,cadeiras escolares,210.0,112.0,ARANOUÁ - ANO 3 (10622-4),Luciana Cecilia Brito de Vasconcelos,Jeconias Ferreira dos Santos,Doado,60112.0,2023-07-19,2025-12-10,022-2025
4458,Cadeira,cadeiras escolares,210.0,112.0,ARANOUÁ - ANO 3 (10622-4),Luciana Cecilia Brito de Vasconcelos,Jeconias Ferreira dos Santos,Doado,60112.0,2023-07-19,2025-12-10,022-2025
4459,Cadeira,cadeiras escolares,210.0,112.0,ARANOUÁ - ANO 3 (10622-4),Luciana Cecilia Brito de Vasconcelos,Jeconias Ferreira dos Santos,Doado,60112.0,2023-07-19,2025-12-10,022-2025
4460,Cadeira,cadeiras escolares,210.0,112.0,ARANOUÁ - ANO 3 (10622-4),Luciana Cecilia Brito de Vasconcelos,Jeconias Ferreira dos Santos,Doado,60112.0,2023-07-19,2025-12-10,022-2025
4461,Cadeira,cadeiras escolares,210.0,112.0,ARANOUÁ - ANO 3 (10622-4),Luciana Cecilia Brito de Vasconcelos,Jeconias Ferreira dos Santos,Doado,60112.0,2023-07-19,2025-12-10,022-2025
4462,Cadeira,cadeiras escolares,210.0,112.0,ARANOUÁ - ANO 3 (10622-4),Luciana Cecilia Brito de Vasconcelos,Jeconias Ferreira dos Santos,Doado,60112.0,2023-07-19,2025-12-10,022-2025
4463,Cadeira,cadeiras escolares,210.0,112.0,ARANOUÁ - ANO 3 (10622-4),Luciana Cecilia Brito de Vasconcelos,Jeconias Ferreira dos Santos,Doado,60112.0,2023-07-19,2025-12-10,022-2025
4464,Cadeira,cadeiras escolares,210.0,112.0,ARANOUÁ - ANO 3 (10622-4),Luciana Cecilia Brito de Vasconcelos,Jeconias Ferreira dos Santos,Doado,60112.0,2023-07-19,2025-12-10,022-2025
4465,Cadeira,cadeiras escolares,210.0,112.0,ARANOUÁ - ANO 3 (10622-4),Luciana Cecilia Brito de Vasconcelos,Jeconias Ferreira dos Santos,Doado,60112.0,2023-07-19,2025-12-10,022-2025
4466,Cadeira,cadeiras escolares,210.0,112.0,ARANOUÁ - ANO 3 (10622-4),Luciana Cecilia Brito de Vasconcelos,Jeconias Ferreira dos Santos,Doado,60112.0,2023-07-19,2025-12-10,022-2025
4467,Cadeira,cadeiras escolares,210.0,112.0,ARANOUÁ - ANO 3 (10622-4),Luciana Cecilia Brito de Vasconcelos,Jeconias Ferreira dos Santos,Doado,60112.0,2023-07-19,2025-12-10,022-2025
4468,Cadeira,cadeiras escolares,210.0,112.0,ARANOUÁ - ANO 3 (10622-4),Luciana Cecilia Brito de Vasconcelos,Jeconias Ferreira dos Santos,Doado,60112.0,2023-07-19,2025-12-10,022-2025
4469,Cadeira,cadeiras escolares,210.0,112.0,ARANOUÁ - ANO 3 (10622-4),Luciana Cecilia Brito de Vasconcelos,Jeconias Ferreira dos Santos,Doado,60112.0,2023-07-19,2025-12-10,022-2025
4470,Cadeira,cadeiras escolares,210.0,112.0,ARANOUÁ - ANO 3 (10622-4),Luciana Cecilia Brito de Vasconcelos,Jeconias Ferreira dos Santos,Doado,60112.0,2023-07-19,2025-12-10,022-2025
4471,Cadeira,cadeiras escolares,210.0,112.0,ARANOUÁ - ANO 3 (10622-4),Luciana Cecilia Brito de Vasconcelos,Jeconias Ferreira dos Santos,Doado,60112.0,2023-07-19,2025-12-10,022-2025
4472,Cadeira,cadeiras escolares,210.0,112.0,ARANOUÁ - ANO 3 (10622-4),Luciana Cecilia Brito de Vasconcelos,Jeconias Ferreira dos Santos,Doado,60112.0,2023-07-19,2025-12-10,022-2025
4473,Cadeira,cadeiras escolares,210.0,112.0,ARANOUÁ - ANO 3 (10622-4),Luciana Cecilia Brito de Vasconcelos,Jeconias Ferreira dos Santos,Doado,60112.0,2023-07-19,2025-12-10,022-2025
4474,Cadeira,cadeiras escolares,210.0,112.0,ARANOUÁ - ANO 3 (10622-4),Luciana Cecilia Brito de Vasconcelos,Jeconias Ferreira dos Santos,Doado,60112.0,2023-07-19,2025-12-10,022-2025
4475,Cadeira,cadeiras escolares,210.0,112.0,ARANOUÁ - ANO 3 (10622-4),Luciana Cecilia Brito de Vasconcelos,Jeconias Ferreira dos Santos,Doado,60112.0,2023-07-19,2025-12-10,022-2025
4476,Cadeira,cadeiras escolares,210.0,112.0,ARANOUÁ - ANO 3 (10622-4),Luciana Cecilia Brito de Vasconcelos,Jeconias Ferreira dos Santos,Doado,60112.0,2023-07-19,2025-12-10,022-2025
4477,Cadeira,cadeiras escolares,210.0,112.0,ARANOUÁ - ANO 3 (10622-4),Luciana Cecilia Brito de Vasconcelos,Jeconias Ferreira dos Santos,Doado,60112.0,2023-07-19,2025-12-10,022-2025
4478,Cadeira,cadeiras escolares,210.0,112.0,ARANOUÁ - ANO 3 (10622-4),Luciana Cecilia Brito de Vasconcelos,Jeconias Ferreira dos Santos,Doado,60112.0,2023-07-19,2025-12-10,022-2025
4479,Cadeira,cadeiras escolares,210.0,112.0,ARANOUÁ - ANO 3 (10622-4),Luciana Cecilia Brito de Vasconcelos,Jeconias Ferreira dos Santos,Doado,60112.0,2023-07-19,2025-12-10,022-2025
4480,Cadeira,cadeiras escolares,210.0,112.0,ARANOUÁ - ANO 3 (10622-4),Luciana Cecilia Brito de Vasconcelos,Jeconias Ferreira dos Santos,Doado,60112.0,2023-07-19,2025-12-10,022-2025
4481,Cadeira,cadeiras escolares,210.0,112.0,ARANOUÁ - ANO 3 (10622-4),Luciana Cecilia Brito de Vasconcelos,Jeconias Ferreira dos Santos,Doado,60112.0,2023-07-19,2025-12-10,022-2025
4482,Cadeira,cadeiras escolares,210.0,112.0,ARANOUÁ - ANO 3 (10622-4),Luciana Cecilia Brito de Vasconcelos,Jeconias Ferreira dos Santos,Doado,60112.0,2023-07-19,2025-12-10,022-2025
4483,Cadeira,cadeiras escolares,210.0,112.0,ARANOUÁ - ANO 3 (10622-4),Luciana Cecilia Brito de Vasconcelos,Jeconias Ferreira dos Santos,Doado,60112.0,2023-07-19,2025-12-10,022-2025
4484,Cadeira,cadeiras escolares,210.0,112.0,ARANOUÁ - ANO 3 (10622-4),Luciana Cecilia Brito de Vasconcelos,Jeconias Ferreira dos Santos,Doado,60112.0,2023-07-19,2025-12-10,022-2025
4485,Cadeira,cadeiras escolares,210.0,112.0,ARANOUÁ - ANO 3 (10622-4),Luciana Cecilia Brito de Vasconcelos,Jeconias Ferreira dos Santos,Doado,60112.0,2023-07-19,2025-12-10,022-2025
4486,Cadeira,cadeiras escolares,210.0,112.0,ARANOUÁ - ANO 3 (10622-4),Luciana Cecilia Brito de Vasconcelos,Jeconias Ferreira dos Santos,Doado,60112.0,2023-07-19,2025-12-10,022-2025
4487,Cadeira,cadeiras escolares,210.0,112.0,ARANOUÁ - ANO 3 (10622-4),Luciana Cecilia Brito de Vasconcelos,Jeconias Ferreira dos Santos,Doado,60112.0,2023-07-19,2025-12-10,022-2025
4488,Cadeira,cadeiras escolares,210.0,112.0,ARANOUÁ - ANO 3 (10622-4),Luciana Cecilia Brito de Vasconcelos,Jeconias Ferreira dos Santos,Doado,60112.0,2023-07-19,2025-12-10,022-2025
4489,Cadeira,cadeiras escolares,210.0,112.0,ARANOUÁ - ANO 3 (10622-4),Luciana Cecilia Brito de Vasconcelos,Jeconias Ferreira dos Santos,Doado,60112.0,2023-07-19,2025-12-10,022-2025
4490,Cadeira,cadeiras escolares,210.0,112.0,ARANOUÁ - ANO 3 (10622-4),Luciana Cecilia Brito de Vasconcelos,Jeconias Ferreira dos Santos,Doado,60112.0,2023-07-19,2025-12-10,022-2025
4491,Cadeira,cadeiras escolares,210.0,112.0,ARANOUÁ - ANO 3 (10622-4),Luciana Cecilia Brito de Vasconcelos,Jeconias Ferreira dos Santos,Doado,60112.0,2023-07-19,2025-12-10,022-2025
4492,Cadeira,cadeiras escolares,210.0,112.0,ARANOUÁ - ANO 3 (10622-4),Luciana Cecilia Brito de Vasconcelos,Jeconias Ferreira dos Santos,Doado,60112.0,2023-07-19,2025-12-10,022-2025
4493,Cadeira,cadeiras escolares,210.0,112.0,ARANOUÁ - ANO 3 (10622-4),Luciana Cecilia Brito de Vasconcelos,Jeconias Ferreira dos Santos,Doado,60112.0,2023-07-19,2025-12-10,022-2025
4494,Cadeira,cadeiras escolares,210.0,112.0,ARANOUÁ - ANO 3 (10622-4),Luciana Cecilia Brito de Vasconcelos,Jeconias Ferreira dos Santos,Doado,60112.0,2023-07-19,2025-12-10,022-2025
4495,Cadeira,cadeiras escolares,210.0,112.0,ARANOUÁ - ANO 3 (10622-4),Luciana Cecilia Brito de Vasconcelos,Jeconias Ferreira dos Santos,Doado,60112.0,2023-07-19,2025-12-10,022-2025
4496,Cadeira,cadeiras escolares,210.0,112.0,ARANOUÁ - ANO 3 (10622-4),Luciana Cecilia Brito de Vasconcelos,Jeconias Ferreira dos Santos,Doado,60112.0,2023-07-19,2025-12-10,022-2025
4497,Cadeira,cadeiras escolares,210.0,112.0,ARANOUÁ - ANO 3 (10622-4),Luciana Cecilia Brito de Vasconcelos,Jeconias Ferreira dos Santos,Doado,60112.0,2023-07-19,2025-12-10,022-2025
4498,Cadeira,cadeiras escolares,210.0,112.0,ARANOUÁ - ANO 3 (10622-4),Luciana Cecilia Brito de Vasconcelos,Jeconias Ferreira dos Santos,Doado,60112.0,2023-07-19,2025-12-10,022-2025
4499,Cadeira,cadeiras escolares,210.0,112.0,ARANOUÁ - ANO 3 (10622-4),Luciana Cecilia Brito de Vasconcelos,Jeconias Ferreira dos Santos,Doado,60112.0,2023-07-19,2025-12-10,022-2025
4500,Cadeira,cadeiras escolares,210.0,112.0,ARANOUÁ - ANO 3 (10622-4),Luciana Cecilia Brito de Vasconcelos,Jeconias Ferreira dos Santos,Doado,60112.0,2023-07-19,2025-12-10,022-2025
4501,Cadeira,cadeiras escolares,210.0,112.0,ARANOUÁ - ANO 3 (10622-4),Luciana Cecilia Brito de Vasconcelos,Jeconias Ferreira dos Santos,Doado,60112.0,2023-07-19,2025-12-10,022-2025
4502,Cadeira,cadeiras escolares,210.0,112.0,ARANOUÁ - ANO 3 (10622-4),Luciana Cecilia Brito de Vasconcelos,Jeconias Ferreira dos Santos,Doado,60112.0,2023-07-19,2025-12-10,022-2025
4503,Cadeira,cadeiras escolares,210.0,112.0,ARANOUÁ - ANO 3 (10622-4),Luciana Cecilia Brito de Vasconcelos,Jeconias Ferreira dos Santos,Doado,60112.0,2023-07-19,2025-12-10,022-2025
4504,Cadeira,cadeiras escolares,210.0,112.0,ARANOUÁ - ANO 3 (10622-4),Luciana Cecilia Brito de Vasconcelos,Jeconias Ferreira dos Santos,Doado,60112.0,2023-07-19,2025-12-10,022-2025
4505,Cadeira,cadeiras escolares,210.0,112.0,ARANOUÁ - ANO 3 (10622-4),Luciana Cecilia Brito de Vasconcelos,Jeconias Ferreira dos Santos,Doado,60112.0,2023-07-19,2025-12-10,022-2025
4506,Cadeira,cadeiras escolares,210.0,112.0,ARANOUÁ - ANO 3 (10622-4),Luciana Cecilia Brito de Vasconcelos,Jeconias Ferreira dos Santos,Doado,60112.0,2023-07-19,2025-12-10,022-2025
4507,Cadeira,cadeiras escolares,210.0,112.0,ARANOUÁ - ANO 3 (10622-4),Luciana Cecilia Brito de Vasconcelos,Jeconias Ferreira dos Santos,Doado,60112.0,2023-07-19,2025-12-10,022-2025
4508,Cadeira,cadeiras escolares,210.0,112.0,ARANOUÁ - ANO 3 (10622-4),Luciana Cecilia Brito de Vasconcelos,Jeconias Ferreira dos Santos,Doado,60112.0,2023-07-19,2025-12-10,022-2025
4509,Cadeira,cadeiras escolares,210.0,112.0,ARANOUÁ - ANO 3 (10622-4),Luciana Cecilia Brito de Vasconcelos,Jeconias Ferreira dos Santos,Doado,60112.0,2023-07-19,2025-12-10,022-2025
4510,Cadeira,cadeiras escolares,210.0,112.0,ARANOUÁ - ANO 3 (10622-4),Luciana Cecilia Brito de Vasconcelos,Jeconias Ferreira dos Santos,Doado,60112.0,2023-07-19,2025-12-10,022-2025
4511,Cadeira,cadeiras escolares,210.0,112.0,ARANOUÁ - ANO 3 (10622-4),Luciana Cecilia Brito de Vasconcelos,Jeconias Ferreira dos Santos,Doado,60112.0,2023-07-19,2025-12-10,022-2025
4512,Cadeira,cadeiras escolares,210.0,112.0,ARANOUÁ - ANO 3 (10622-4),Luciana Cecilia Brito de Vasconcelos,Jeconias Ferreira dos Santos,Doado,60112.0,2023-07-19,2025-12-10,022-2025
4513,Cadeira,cadeiras escolares,210.0,112.0,ARANOUÁ - ANO 3 (10622-4),Luciana Cecilia Brito de Vasconcelos,Jeconias Ferreira dos Santos,Doado,60112.0,2023-07-19,2025-12-10,022-2025
4514,Cadeira,cadeiras escolares,210.0,112.0,ARANOUÁ - ANO 3 (10622-4),Luciana Cecilia Brito de Vasconcelos,Jeconias Ferreira dos Santos,Doado,60112.0,2023-07-19,2025-12-10,022-2025
4515,Cadeira,cadeiras escolares,210.0,112.0,ARANOUÁ - ANO 3 (10622-4),Luciana Cecilia Brito de Vasconcelos,Jeconias Ferreira dos Santos,Doado,60112.0,2023-07-19,2025-12-10,022-2025
4516,Cadeira,cadeiras escolares,210.0,112.0,ARANOUÁ - ANO 3 (10622-4),Luciana Cecilia Brito de Vasconcelos,Jeconias Ferreira dos Santos,Doado,60112.0,2023-07-19,2025-12-10,022-2025
4517,Cadeira,cadeiras escolares,210.0,112.0,ARANOUÁ - ANO 3 (10622-4),Luciana Cecilia Brito de Vasconcelos,Jeconias Ferreira dos Santos,Doado,60112.0,2023-07-19,2025-12-10,022-2025
4518,Cadeira,cadeiras escolares,210.0,112.0,ARANOUÁ - ANO 3 (10622-4),Luciana Cecilia Brito de Vasconcelos,Jeconias Ferreira dos Santos,Doado,60112.0,2023-07-19,2025-12-10,022-2025
4519,Cadeira,cadeiras escolares,210.0,112.0,ARANOUÁ - ANO 3 (10622-4),Luciana Cecilia Brito de Vasconcelos,Jeconias Ferreira dos Santos,Doado,60112.0,2023-07-19,2025-12-10,022-2025
4520,Cadeira,cadeiras escolares,210.0,112.0,ARANOUÁ - ANO 3 (10622-4),Luciana Cecilia Brito de Vasconcelos,Jeconias Ferreira dos Santos,Doado,60112.0,2023-07-19,2025-12-10,022-2025
4521,Cadeira,cadeiras escolares,210.0,112.0,ARANOUÁ - ANO 3 (10622-4),Luciana Cecilia Brito de Vasconcelos,Jeconias Ferreira dos Santos,Doado,60112.0,2023-07-19,2025-12-10,022-2025
4522,Cadeira,cadeiras escolares,210.0,112.0,ARANOUÁ - ANO 3 (10622-4),Luciana Cecilia Brito de Vasconcelos,Jeconias Ferreira dos Santos,Doado,60112.0,2023-07-19,2025-12-10,022-2025
4523,Cadeira,cadeiras escolares,210.0,112.0,ARANOUÁ - ANO 3 (10622-4),Luciana Cecilia Brito de Vasconcelos,Jeconias Ferreira dos Santos,Doado,60112.0,2023-07-19,2025-12-10,022-2025
4524,Cadeira,cadeiras escolares,210.0,112.0,ARANOUÁ - ANO 3 (10622-4),Luciana Cecilia Brito de Vasconcelos,Jeconias Ferreira dos Santos,Doado,60112.0,2023-07-19,2025-12-10,022-2025
4525,Cadeira,cadeiras escolares,210.0,112.0,ARANOUÁ - ANO 3 (10622-4),Luciana Cecilia Brito de Vasconcelos,Jeconias Ferreira dos Santos,Doado,60112.0,2023-07-19,2025-12-10,022-2025
4526,Cadeira,cadeiras escolares,210.0,112.0,ARANOUÁ - ANO 3 (10622-4),Luciana Cecilia Brito de Vasconcelos,Jeconias Ferreira dos Santos,Doado,60112.0,2023-07-19,2025-12-10,022-2025
4527,Cadeira,cadeiras escolares,210.0,112.0,ARANOUÁ - ANO 3 (10622-4),Luciana Cecilia Brito de Vasconcelos,Jeconias Ferreira dos Santos,Doado,60112.0,2023-07-19,2025-12-10,022-2025
4528,Cadeira,cadeiras escolares,210.0,112.0,ARANOUÁ - ANO 3 (10622-4),Luciana Cecilia Brito de Vasconcelos,Jeconias Ferreira dos Santos,Doado,60112.0,2023-07-19,2025-12-10,022-2025
4529,Cadeira,cadeiras escolares,210.0,112.0,ARANOUÁ - ANO 3 (10622-4),Luciana Cecilia Brito de Vasconcelos,Jeconias Ferreira dos Santos,Doado,60112.0,2023-07-19,2025-12-10,022-2025
4530,Cadeira,cadeiras escolares,210.0,112.0,ARANOUÁ - ANO 3 (10622-4),Luciana Cecilia Brito de Vasconcelos,Jeconias Ferreira dos Santos,Doado,60112.0,2023-07-19,2025-12-10,022-2025
4531,Cadeira,cadeiras escolares,210.0,112.0,ARANOUÁ - ANO 3 (10622-4),Luciana Cecilia Brito de Vasconcelos,Jeconias Ferreira dos Santos,Doado,60112.0,2023-07-19,2025-12-10,022-2025
4532,Cadeira,cadeiras escolares,210.0,112.0,ARANOUÁ - ANO 3 (10622-4),Luciana Cecilia Brito de Vasconcelos,Jeconias Ferreira dos Santos,Doado,60112.0,2023-07-19,2025-12-10,022-2025
4533,Cadeira,cadeiras escolares,210.0,112.0,ARANOUÁ - ANO 3 (10622-4),Luciana Cecilia Brito de Vasconcelos,Jeconias Ferreira dos Santos,Doado,60112.0,2023-07-19,2025-12-10,022-2025
4534,Cadeira,cadeiras escolares,210.0,112.0,ARANOUÁ - ANO 3 (10622-4),Luciana Cecilia Brito de Vasconcelos,Jeconias Ferreira dos Santos,Doado,60112.0,2023-07-19,2025-12-10,022-2025
4535,Cadeira,cadeiras escolares,210.0,112.0,ARANOUÁ - ANO 3 (10622-4),Luciana Cecilia Brito de Vasconcelos,Jeconias Ferreira dos Santos,Doado,60112.0,2023-07-19,2025-12-10,022-2025
4536,Cadeira,cadeiras escolares,210.0,112.0,ARANOUÁ - ANO 3 (10622-4),Luciana Cecilia Brito de Vasconcelos,Jeconias Ferreira dos Santos,Doado,60112.0,2023-07-19,2025-12-10,022-2025
4537,Cadeira,cadeiras escolares,210.0,112.0,ARANOUÁ - ANO 3 (10622-4),Luciana Cecilia Brito de Vasconcelos,Jeconias Ferreira dos Santos,Doado,60112.0,2023-07-19,2025-12-10,022-2025
4538,Cadeira,cadeiras escolares,210.0,112.0,ARANOUÁ - ANO 3 (10622-4),Luciana Cecilia Brito de Vasconcelos,Jeconias Ferreira dos Santos,Doado,60112.0,2023-07-19,2025-12-10,022-2025
4539,Cadeira,cadeiras escolares,210.0,112.0,ARANOUÁ - ANO 3 (10622-4),Luciana Cecilia Brito de Vasconcelos,Jeconias Ferreira dos Santos,Doado,60112.0,2023-07-19,2025-12-10,022-2025
4540,Cadeira,cadeiras escolares,210.0,112.0,ARANOUÁ - ANO 3 (10622-4),Luciana Cecilia Brito de Vasconcelos,Jeconias Ferreira dos Santos,Doado,60112.0,2023-07-19,2025-12-10,022-2025
4541,Cadeira,cadeiras escolares,210.0,112.0,ARANOUÁ - ANO 3 (10622-4),Luciana Cecilia Brito de Vasconcelos,Jeconias Ferreira dos Santos,Doado,60112.0,2023-07-19,2025-12-10,022-2025
4542,Cadeira,cadeiras escolares,210.0,112.0,ARANOUÁ - ANO 3 (10622-4),Luciana Cecilia Brito de Vasconcelos,Jeconias Ferreira dos Santos,Doado,60112.0,2023-07-19,2025-12-10,022-2025
4543,Cadeira,cadeiras escolares,210.0,112.0,ARANOUÁ - ANO 3 (10622-4),Luciana Cecilia Brito de Vasconcelos,Jeconias Ferreira dos Santos,Doado,60112.0,2023-07-19,2025-12-10,022-2025
4544,Cadeira,cadeiras escolares,210.0,112.0,ARANOUÁ - ANO 3 (10622-4),Luciana Cecilia Brito de Vasconcelos,Jeconias Ferreira dos Santos,Doado,60112.0,2023-07-19,2025-12-10,022-2025
4545,Cadeira,cadeiras escolares,210.0,112.0,ARANOUÁ - ANO 3 (10622-4),Luciana Cecilia Brito de Vasconcelos,Jeconias Ferreira dos Santos,Doado,60112.0,2023-07-19,2025-12-10,022-2025
4546,Cadeira,cadeiras escolares,210.0,112.0,ARANOUÁ - ANO 3 (10622-4),Luciana Cecilia Brito de Vasconcelos,Jeconias Ferreira dos Santos,Doado,60112.0,2023-07-19,2025-12-10,022-2025
4547,Cadeira,cadeiras escolares,210.0,112.0,ARANOUÁ - ANO 3 (10622-4),Luciana Cecilia Brito de Vasconcelos,Jeconias Ferreira dos Santos,Doado,60112.0,2023-07-19,2025-12-10,022-2025
4548,Cadeira,cadeiras escolares,210.0,112.0,ARANOUÁ - ANO 3 (10622-4),Luciana Cecilia Brito de Vasconcelos,Jeconias Ferreira dos Santos,Doado,60112.0,2023-07-19,2025-12-10,022-2025
4549,Cadeira,cadeiras escolares,210.0,112.0,ARANOUÁ - ANO 3 (10622-4),Luciana Cecilia Brito de Vasconcelos,Jeconias Ferreira dos Santos,Doado,60112.0,2023-07-19,2025-12-10,022-2025
4550,Cadeira,cadeiras escolares,210.0,112.0,ARANOUÁ - ANO 3 (10622-4),Luciana Cecilia Brito de Vasconcelos,Jeconias Ferreira dos Santos,Doado,60112.0,2023-07-19,2025-12-10,022-2025
4551,Cadeira,cadeiras escolares,210.0,112.0,ARANOUÁ - ANO 3 (10622-4),Luciana Cecilia Brito de Vasconcelos,Jeconias Ferreira dos Santos,Doado,60112.0,2023-07-19,2025-12-10,022-2025
4552,Cadeira,cadeiras escolares,210.0,112.0,ARANOUÁ - ANO 3 (10622-4),Luciana Cecilia Brito de Vasconcelos,Jeconias Ferreira dos Santos,Doado,60112.0,2023-07-19,2025-12-10,022-2025
4553,Quadro branco ,"Quadro branco (400 cm x 120 cm), com moldura de alumínio, laminado melamínico de alta qualidade.",1100.0,112.0,ARANOUÁ - ANO 3 (10622-4),Luciana Cecilia Brito de Vasconcelos,Jeconias Ferreira dos Santos,Doado,2643.0,2023-04-26,2025-12-10,022-2025
4554,Quadro branco ,"Quadro branco (400 cm x 120 cm), com moldura de alumínio, laminado melamínico de alta qualidade.",1100.0,112.0,ARANOUÁ - ANO 3 (10622-4),Luciana Cecilia Brito de Vasconcelos,Jeconias Ferreira dos Santos,Doado,2643.0,2023-04-26,2025-12-10,022-2025
4555,Quadro branco ,"Quadro branco (400 cm x 120 cm), com moldura de alumínio, laminado melamínico de alta qualidade.",1100.0,112.0,ARANOUÁ - ANO 3 (10622-4),Luciana Cecilia Brito de Vasconcelos,Jeconias Ferreira dos Santos,Doado,2643.0,2023-04-26,2025-12-10,022-2025
4556,Quadro branco ,"Quadro branco (400 cm x 120 cm), com moldura de alumínio, laminado melamínico de alta qualidade.",1100.0,112.0,ARANOUÁ - ANO 3 (10622-4),Luciana Cecilia Brito de Vasconcelos,Jeconias Ferreira dos Santos,Doado,2643.0,2023-04-26,2025-12-10,022-2025
4557,Quadro branco ,"Quadro branco (400 cm x 120 cm), com moldura de alumínio, laminado melamínico de alta qualidade.",1100.0,112.0,ARANOUÁ - ANO 3 (10622-4),Luciana Cecilia Brito de Vasconcelos,Jeconias Ferreira dos Santos,Doado,2643.0,2023-04-26,2025-12-10,022-2025
4558,Quadro branco ,"Quadro branco (400 cm x 120 cm), com moldura de alumínio, laminado melamínico de alta qualidade.",1100.0,112.0,ARANOUÁ - ANO 3 (10622-4),Luciana Cecilia Brito de Vasconcelos,Jeconias Ferreira dos Santos,Doado,2643.0,2023-04-26,2025-12-10,022-2025
4559,Quadro branco ,"Quadro branco (400 cm x 120 cm), com moldura de alumínio, laminado melamínico de alta qualidade.",1100.0,112.0,ARANOUÁ - ANO 3 (10622-4),Luciana Cecilia Brito de Vasconcelos,Jeconias Ferreira dos Santos,Doado,2643.0,2023-04-26,2025-12-10,022-2025
4560,Quadro branco ,"Quadro branco (400 cm x 120 cm), com moldura de alumínio, laminado melamínico de alta qualidade.",1100.0,112.0,ARANOUÁ - ANO 3 (10622-4),Luciana Cecilia Brito de Vasconcelos,Jeconias Ferreira dos Santos,Doado,2643.0,2023-04-26,2025-12-10,022-2025
4561,Quadro branco ,"Quadro branco (400 cm x 120 cm), com moldura de alumínio, laminado melamínico de alta qualidade.",1100.0,112.0,ARANOUÁ - ANO 3 (10622-4),Luciana Cecilia Brito de Vasconcelos,Jeconias Ferreira dos Santos,Doado,2643.0,2023-04-26,2025-12-10,022-2025
4562,Quadro branco ,"Quadro branco (400 cm x 120 cm), com moldura de alumínio, laminado melamínico de alta qualidade.",1100.0,112.0,ARANOUÁ - ANO 3 (10622-4),Luciana Cecilia Brito de Vasconcelos,Jeconias Ferreira dos Santos,Doado,2643.0,2023-04-26,2025-12-10,022-2025
4563,Armário,"Armário roupeiro de aço de 8 portas, 6 prateleiras, 2 travas, 30 de kg de peso suportado por compartimento, cores variadas.",1600.0,112.0,ARANOUÁ - ANO 3 (10622-4),Luciana Cecilia Brito de Vasconcelos,Jeconias Ferreira dos Santos,Doado,2754.0,2023-05-31,2025-12-10,022-2025
4564,Armário,"Armário roupeiro de aço de 8 portas, 6 prateleiras, 2 travas, 30 de kg de peso suportado por compartimento, cores variadas.",1600.0,112.0,ARANOUÁ - ANO 3 (10622-4),Luciana Cecilia Brito de Vasconcelos,Jeconias Ferreira dos Santos,Doado,2754.0,2023-05-31,2025-12-10,022-2025
4565,Armário,"Armário roupeiro de aço de 8 portas, 6 prateleiras, 2 travas, 30 de kg de peso suportado por compartimento, cores variadas.",1600.0,112.0,ARANOUÁ - ANO 3 (10622-4),Luciana Cecilia Brito de Vasconcelos,Jeconias Ferreira dos Santos,Doado,2754.0,2023-05-31,2025-12-10,022-2025
4566,Armário,"Armário roupeiro de aço de 8 portas, 6 prateleiras, 2 travas, 30 de kg de peso suportado por compartimento, cores variadas.",1600.0,112.0,ARANOUÁ - ANO 3 (10622-4),Luciana Cecilia Brito de Vasconcelos,Jeconias Ferreira dos Santos,Doado,2754.0,2023-05-31,2025-12-10,022-2025
4567,Armário,"Armário roupeiro de aço de 8 portas, 6 prateleiras, 2 travas, 30 de kg de peso suportado por compartimento, cores variadas.",1600.0,112.0,ARANOUÁ - ANO 3 (10622-4),Luciana Cecilia Brito de Vasconcelos,Jeconias Ferreira dos Santos,Doado,2754.0,2023-05-31,2025-12-10,022-2025
4568,Armário,"Armário roupeiro de aço de 8 portas, 6 prateleiras, 2 travas, 30 de kg de peso suportado por compartimento, cores variadas.",1600.0,112.0,ARANOUÁ - ANO 3 (10622-4),Luciana Cecilia Brito de Vasconcelos,Jeconias Ferreira dos Santos,Doado,2754.0,2023-05-31,2025-12-10,022-2025
4569,Armário,"Armário roupeiro de aço de 8 portas, 6 prateleiras, 2 travas, 30 de kg de peso suportado por compartimento, cores variadas.",1600.0,112.0,ARANOUÁ - ANO 3 (10622-4),Luciana Cecilia Brito de Vasconcelos,Jeconias Ferreira dos Santos,Doado,2754.0,2023-05-31,2025-12-10,022-2025
4570,Armário,"Armário roupeiro de aço de 8 portas, 6 prateleiras, 2 travas, 30 de kg de peso suportado por compartimento, cores variadas.",1600.0,112.0,ARANOUÁ - ANO 3 (10622-4),Luciana Cecilia Brito de Vasconcelos,Jeconias Ferreira dos Santos,Doado,2754.0,2023-05-31,2025-12-10,022-2025
4571,Armário,"Armário roupeiro de aço de 8 portas, 6 prateleiras, 2 travas, 30 de kg de peso suportado por compartimento, cores variadas.",1600.0,112.0,ARANOUÁ - ANO 3 (10622-4),Luciana Cecilia Brito de Vasconcelos,Jeconias Ferreira dos Santos,Doado,2754.0,2023-05-31,2025-12-10,022-2025
4572,Armário,"Armário roupeiro de aço de 8 portas, 6 prateleiras, 2 travas, 30 de kg de peso suportado por compartimento, cores variadas.",1600.0,112.0,ARANOUÁ - ANO 3 (10622-4),Luciana Cecilia Brito de Vasconcelos,Jeconias Ferreira dos Santos,Doado,2754.0,2023-05-31,2025-12-10,022-2025
4573,Armário,"Armário roupeiro de aço de 8 portas, 6 prateleiras, 2 travas, 30 de kg de peso suportado por compartimento, cores variadas.",1600.0,112.0,ARANOUÁ - ANO 3 (10622-4),Luciana Cecilia Brito de Vasconcelos,Jeconias Ferreira dos Santos,Doado,2754.0,2023-05-31,2025-12-10,022-2025
4574,Armário,"Armário roupeiro de aço de 8 portas, 6 prateleiras, 2 travas, 30 de kg de peso suportado por compartimento, cores variadas.",1600.0,112.0,ARANOUÁ - ANO 3 (10622-4),Luciana Cecilia Brito de Vasconcelos,Jeconias Ferreira dos Santos,Doado,2754.0,2023-05-31,2025-12-10,022-2025
4575,"Móveis e estrutura: Armários, cadeiras, bancadas, mesas, estantes, caixas metálicas, gaveteiros, suportes, sofá, poltrona, geladeira, fogão frigobar",FECHADURA DIGITAL FD 3000 - 4670300,1639.9,112.0,ARANOUÁ - ANO 3 (10622-4),Luciana Cecilia Brito de Vasconcelos,Jeconias Ferreira dos Santos,Doado,81343.0,2023-03-27,2025-12-10,022-2025
4576,"Móveis e estrutura: Armários, cadeiras, bancadas, mesas, estantes, caixas metálicas, gaveteiros, suportes, sofá, poltrona, geladeira, fogão frigobar",FECHADURA DIGITAL FD 3000 - 4670300,1639.9,112.0,ARANOUÁ - ANO 3 (10622-4),Luciana Cecilia Brito de Vasconcelos,Jeconias Ferreira dos Santos,Doado,81343.0,2023-03-27,2025-12-10,022-2025
4577,"Móveis e estrutura: Armários, cadeiras, bancadas, mesas, estantes, caixas metálicas, gaveteiros, suportes, sofá, poltrona, geladeira, fogão frigobar",FECHADURA DIGITAL FD 3000 - 4670300,1639.9,112.0,ARANOUÁ - ANO 3 (10622-4),Luciana Cecilia Brito de Vasconcelos,Jeconias Ferreira dos Santos,Doado,81343.0,2023-03-27,2025-12-10,022-2025
4578,"Móveis e estrutura: Armários, cadeiras, bancadas, mesas, estantes, caixas metálicas, gaveteiros, suportes, sofá, poltrona, geladeira, fogão frigobar",FECHADURA DIGITAL FD 3000 - 4670300,1639.9,112.0,ARANOUÁ - ANO 3 (10622-4),Luciana Cecilia Brito de Vasconcelos,Jeconias Ferreira dos Santos,Doado,81343.0,2023-03-27,2025-12-10,022-2025
4579,"Móveis e estrutura: Armários, cadeiras, bancadas, mesas, estantes, caixas metálicas, gaveteiros, suportes, sofá, poltrona, geladeira, fogão frigobar",FECHADURA DIGITAL FD 3000 - 4670300,1639.9,112.0,ARANOUÁ - ANO 3 (10622-4),Luciana Cecilia Brito de Vasconcelos,Jeconias Ferreira dos Santos,Doado,81343.0,2023-03-27,2025-12-10,022-2025
4580,"Móveis e estrutura: Armários, cadeiras, bancadas, mesas, estantes, caixas metálicas, gaveteiros, suportes, sofá, poltrona, geladeira, fogão frigobar",FECHADURA DIGITAL FD 3000 - 4670300,1639.9,112.0,ARANOUÁ - ANO 3 (10622-4),Luciana Cecilia Brito de Vasconcelos,Jeconias Ferreira dos Santos,Doado,81343.0,2023-03-27,2025-12-10,022-2025
4581,"Móveis e estrutura: Armários, cadeiras, bancadas, mesas, estantes, caixas metálicas, gaveteiros, suportes, sofá, poltrona, geladeira, fogão frigobar",FECHADURA DIGITAL FD 3000 - 4670300,1639.9,112.0,ARANOUÁ - ANO 3 (10622-4),Luciana Cecilia Brito de Vasconcelos,Jeconias Ferreira dos Santos,Doado,81343.0,2023-03-27,2025-12-10,022-2025
4582,"Móveis e estrutura: Armários, cadeiras, bancadas, mesas, estantes, caixas metálicas, gaveteiros, suportes, sofá, poltrona, geladeira, fogão frigobar",FECHADURA DIGITAL FD 3000 - 4670300,1639.9,112.0,ARANOUÁ - ANO 3 (10622-4),Luciana Cecilia Brito de Vasconcelos,Jeconias Ferreira dos Santos,Doado,81343.0,2023-03-27,2025-12-10,022-2025
4583,"Móveis e estrutura: Armários, cadeiras, bancadas, mesas, estantes, caixas metálicas, gaveteiros, suportes, sofá, poltrona, geladeira, fogão frigobar",FECHADURA DIGITAL FD 3000 - 4670300,1639.9,112.0,ARANOUÁ - ANO 3 (10622-4),Luciana Cecilia Brito de Vasconcelos,Jeconias Ferreira dos Santos,Doado,81343.0,2023-03-27,2025-12-10,022-2025
4584,"Móveis e estrutura: Armários, cadeiras, bancadas, mesas, estantes, caixas metálicas, gaveteiros, suportes, sofá, poltrona, geladeira, fogão frigobar",FECHADURA DIGITAL FD 3000 - 4670300,1639.9,112.0,ARANOUÁ - ANO 3 (10622-4),Luciana Cecilia Brito de Vasconcelos,Jeconias Ferreira dos Santos,Doado,81343.0,2023-03-27,2025-12-10,022-2025
4585,"Móveis e estrutura: Armários, cadeiras, bancadas, mesas, estantes, caixas metálicas, gaveteiros, suportes, sofá, poltrona, geladeira, fogão frigobar",FECHADURA DIGITAL FD 3000 - 4670300,1639.9,112.0,ARANOUÁ - ANO 3 (10622-4),Luciana Cecilia Brito de Vasconcelos,Jeconias Ferreira dos Santos,Doado,81343.0,2023-03-27,2025-12-10,022-2025
4586,"Móveis e estrutura: Armários, cadeiras, bancadas, mesas, estantes, caixas metálicas, gaveteiros, suportes, sofá, poltrona, geladeira, fogão frigobar",FECHADURA DIGITAL FD 3000 - 4670300,1639.9,112.0,ARANOUÁ - ANO 3 (10622-4),Luciana Cecilia Brito de Vasconcelos,Jeconias Ferreira dos Santos,Doado,81343.0,2023-03-27,2025-12-10,022-2025
4587,"Móveis e estrutura: Armários, cadeiras, bancadas, mesas, estantes, caixas metálicas, gaveteiros, suportes, sofá, poltrona, geladeira, fogão frigobar",FECHADURA DIGITAL FD 3000 - 4670300,1639.9,112.0,ARANOUÁ - ANO 3 (10622-4),Luciana Cecilia Brito de Vasconcelos,Jeconias Ferreira dos Santos,Doado,81343.0,2023-03-27,2025-12-10,022-2025
4588,"Móveis e estrutura: Armários, cadeiras, bancadas, mesas, estantes, caixas metálicas, gaveteiros, suportes, sofá, poltrona, geladeira, fogão frigobar",FECHADURA DIGITAL FD 3000 - 4670300,1639.9,112.0,ARANOUÁ - ANO 3 (10622-4),Luciana Cecilia Brito de Vasconcelos,Jeconias Ferreira dos Santos,Doado,81343.0,2023-03-27,2025-12-10,022-2025
4589,"Móveis e estrutura: Armários, cadeiras, bancadas, mesas, estantes, caixas metálicas, gaveteiros, suportes, sofá, poltrona, geladeira, fogão frigobar",FECHADURA DIGITAL FD 3000 - 4670300,1639.9,112.0,ARANOUÁ - ANO 3 (10622-4),Luciana Cecilia Brito de Vasconcelos,Jeconias Ferreira dos Santos,Doado,81343.0,2023-03-27,2025-12-10,022-2025
4590,"Móveis e estrutura: Armários, cadeiras, bancadas, mesas, estantes, caixas metálicas, gaveteiros, suportes, sofá, poltrona, geladeira, fogão frigobar",FECHADURA DIGITAL FD 3000 - 4670300,1639.9,112.0,ARANOUÁ - ANO 3 (10622-4),Luciana Cecilia Brito de Vasconcelos,Jeconias Ferreira dos Santos,Doado,81343.0,2023-03-27,2025-12-10,022-2025
4591,"Móveis e estrutura: Armários, cadeiras, bancadas, mesas, estantes, caixas metálicas, gaveteiros, suportes, sofá, poltrona, geladeira, fogão frigobar",BANQUETA S/ ENCOSTO NOGAL SERVIL EP,260.0,112.0,ARANOUÁ - ANO 3 (10622-4),Luciana Cecilia Brito de Vasconcelos,Jeconias Ferreira dos Santos,Doado,59614.0,2023-06-20,2025-12-10,022-2025
4592,"Móveis e estrutura: Armários, cadeiras, bancadas, mesas, estantes, caixas metálicas, gaveteiros, suportes, sofá, poltrona, geladeira, fogão frigobar",BANQUETA S/ ENCOSTO NOGAL SERVIL EP,260.0,112.0,ARANOUÁ - ANO 3 (10622-4),Luciana Cecilia Brito de Vasconcelos,Jeconias Ferreira dos Santos,Doado,59614.0,2023-06-20,2025-12-10,022-2025
4593,"Móveis e estrutura: Armários, cadeiras, bancadas, mesas, estantes, caixas metálicas, gaveteiros, suportes, sofá, poltrona, geladeira, fogão frigobar",BANQUETA S/ ENCOSTO NOGAL SERVIL EP,260.0,112.0,ARANOUÁ - ANO 3 (10622-4),Luciana Cecilia Brito de Vasconcelos,Jeconias Ferreira dos Santos,Doado,59614.0,2023-06-20,2025-12-10,022-2025
4594,"Móveis e estrutura: Armários, cadeiras, bancadas, mesas, estantes, caixas metálicas, gaveteiros, suportes, sofá, poltrona, geladeira, fogão frigobar",BANQUETA S/ ENCOSTO NOGAL SERVIL EP,260.0,112.0,ARANOUÁ - ANO 3 (10622-4),Luciana Cecilia Brito de Vasconcelos,Jeconias Ferreira dos Santos,Doado,59614.0,2023-06-20,2025-12-10,022-2025
4595,"Móveis e estrutura: Armários, cadeiras, bancadas, mesas, estantes, caixas metálicas, gaveteiros, suportes, sofá, poltrona, geladeira, fogão frigobar",BANQUETA S/ ENCOSTO NOGAL SERVIL EP,260.0,112.0,ARANOUÁ - ANO 3 (10622-4),Luciana Cecilia Brito de Vasconcelos,Jeconias Ferreira dos Santos,Doado,59614.0,2023-06-20,2025-12-10,022-2025
4596,"Móveis e estrutura: Armários, cadeiras, bancadas, mesas, estantes, caixas metálicas, gaveteiros, suportes, sofá, poltrona, geladeira, fogão frigobar",BANQUETA S/ ENCOSTO NOGAL SERVIL EP 252629,260.0,112.0,ARANOUÁ - ANO 3 (10622-4),Luciana Cecilia Brito de Vasconcelos,Jeconias Ferreira dos Santos,Doado,59614.0,2023-06-20,2025-12-10,022-2025
4597,"Móveis e estrutura: Armários, cadeiras, bancadas, mesas, estantes, caixas metálicas, gaveteiros, suportes, sofá, poltrona, geladeira, fogão frigobar",BANQUETA S/ ENCOSTO NOGAL SERVIL EP 252629,260.0,112.0,ARANOUÁ - ANO 3 (10622-4),Luciana Cecilia Brito de Vasconcelos,Jeconias Ferreira dos Santos,Doado,59614.0,2023-06-20,2025-12-10,022-2025
4598,"Móveis e estrutura: Armários, cadeiras, bancadas, mesas, estantes, caixas metálicas, gaveteiros, suportes, sofá, poltrona, geladeira, fogão frigobar",BANQUETA S/ ENCOSTO NOGAL SERVIL EP 252629,260.0,112.0,ARANOUÁ - ANO 3 (10622-4),Luciana Cecilia Brito de Vasconcelos,Jeconias Ferreira dos Santos,Doado,59614.0,2023-06-20,2025-12-10,022-2025
4599,"Móveis e estrutura: Armários, cadeiras, bancadas, mesas, estantes, caixas metálicas, gaveteiros, suportes, sofá, poltrona, geladeira, fogão frigobar","Móveis e estrutura: Armários, cadeiras, bancadas, mesas, estantes, caixas metálicas, gaveteiros, suportes, sofá, poltrona, geladeira, fogão frigobar
",260.0,112.0,ARANOUÁ - ANO 3 (10622-4),Luciana Cecilia Brito de Vasconcelos,Jeconias Ferreira dos Santos,Doado,59614.0,2023-06-20,2025-12-10,022-2025
4600,"Móveis e estrutura: Armários, cadeiras, bancadas, mesas, estantes, caixas metálicas, gaveteiros, suportes, sofá, poltrona, geladeira, fogão frigobar","Móveis e estrutura: Armários, cadeiras, bancadas, mesas, estantes, caixas metálicas, gaveteiros, suportes, sofá, poltrona, geladeira, fogão frigobar
",260.0,112.0,ARANOUÁ - ANO 3 (10622-4),Luciana Cecilia Brito de Vasconcelos,Jeconias Ferreira dos Santos,Doado,59614.0,2023-06-20,2025-12-10,022-2025
4601,"Móveis e estrutura: Armários, cadeiras, bancadas, mesas, estantes, caixas metálicas, gaveteiros, suportes, sofá, poltrona, geladeira, fogão frigobar","Móveis e estrutura: Armários, cadeiras, bancadas, mesas, estantes, caixas metálicas, gaveteiros, suportes, sofá, poltrona, geladeira, fogão frigobar
",260.0,112.0,ARANOUÁ - ANO 3 (10622-4),Luciana Cecilia Brito de Vasconcelos,Jeconias Ferreira dos Santos,Doado,59614.0,2023-06-20,2025-12-10,022-2025
4602,"Móveis e estrutura: Armários, cadeiras, bancadas, mesas, estantes, caixas metálicas, gaveteiros, suportes, sofá, poltrona, geladeira, fogão frigobar",BANQUETA S/ ENCOSTO NOGAL SERVIL EP 252629,260.0,112.0,ARANOUÁ - ANO 3 (10622-4),Luciana Cecilia Brito de Vasconcelos,Jeconias Ferreira dos Santos,Doado,59614.0,2023-06-20,2025-12-10,022-2025
4603,"Móveis e estrutura: Armários, cadeiras, bancadas, mesas, estantes, caixas metálicas, gaveteiros, suportes, sofá, poltrona, geladeira, fogão frigobar",BANQUETA S/ ENCOSTO NOGAL SERVIL EP 252629,260.0,112.0,ARANOUÁ - ANO 3 (10622-4),Luciana Cecilia Brito de Vasconcelos,Jeconias Ferreira dos Santos,Doado,59614.0,2023-06-20,2025-12-10,022-2025
4604,"Móveis e estrutura: Armários, cadeiras, bancadas, mesas, estantes, caixas metálicas, gaveteiros, suportes, sofá, poltrona, geladeira, fogão frigobar",BANQUETA S/ ENCOSTO NOGAL SERVIL EP 252629,260.0,112.0,ARANOUÁ - ANO 3 (10622-4),Luciana Cecilia Brito de Vasconcelos,Jeconias Ferreira dos Santos,Doado,59614.0,2023-06-20,2025-12-10,022-2025
4605,"Móveis e estrutura: Armários, cadeiras, bancadas, mesas, estantes, caixas metálicas, gaveteiros, suportes, sofá, poltrona, geladeira, fogão frigobar",BANQUETA S/ ENCOSTO NOGAL SERVIL EP 252629,260.0,112.0,ARANOUÁ - ANO 3 (10622-4),Luciana Cecilia Brito de Vasconcelos,Jeconias Ferreira dos Santos,Doado,59614.0,2023-06-20,2025-12-10,022-2025
4606,"Móveis e estrutura: Armários, cadeiras, bancadas, mesas, estantes, caixas metálicas, gaveteiros, suportes, sofá, poltrona, geladeira, fogão frigobar",BANQUETA S/ ENCOSTO NOGAL SERVIL EP 252629,260.0,112.0,ARANOUÁ - ANO 3 (10622-4),Luciana Cecilia Brito de Vasconcelos,Jeconias Ferreira dos Santos,Doado,59614.0,2023-06-20,2025-12-10,022-2025
4607,"Móveis e estrutura: Armários, cadeiras, bancadas, mesas, estantes, caixas metálicas, gaveteiros, suportes, sofá, poltrona, geladeira, fogão frigobar",BANQUETA S/ ENCOSTO NOGAL SERVIL EP 252629,260.0,112.0,ARANOUÁ - ANO 3 (10622-4),Luciana Cecilia Brito de Vasconcelos,Jeconias Ferreira dos Santos,Doado,59614.0,2023-06-20,2025-12-10,022-2025
4608,"Móveis e estrutura: Armários, cadeiras, bancadas, mesas, estantes, caixas metálicas, gaveteiros, suportes, sofá, poltrona, geladeira, fogão frigobar",BANQUETA S/ ENCOSTO NOGAL SERVIL EP 252629,260.0,112.0,ARANOUÁ - ANO 3 (10622-4),Luciana Cecilia Brito de Vasconcelos,Jeconias Ferreira dos Santos,Doado,59614.0,2023-06-20,2025-12-10,022-2025
4609,"Móveis e estrutura: Armários, cadeiras, bancadas, mesas, estantes, caixas metálicas, gaveteiros, suportes, sofá, poltrona, geladeira, fogão frigobar",BANQUETA S/ ENCOSTO NOGAL SERVIL EP 252629,260.0,112.0,ARANOUÁ - ANO 3 (10622-4),Luciana Cecilia Brito de Vasconcelos,Jeconias Ferreira dos Santos,Doado,59614.0,2023-06-20,2025-12-10,022-2025
4610,"Móveis e estrutura: Armários, cadeiras, bancadas, mesas, estantes, caixas metálicas, gaveteiros, suportes, sofá, poltrona, geladeira, fogão frigobar",BANQUETA S/ ENCOSTO NOGAL SERVIL EP 252629,260.0,112.0,ARANOUÁ - ANO 3 (10622-4),Luciana Cecilia Brito de Vasconcelos,Jeconias Ferreira dos Santos,Doado,59614.0,2023-06-20,2025-12-10,022-2025
4611,"Móveis e estrutura: Armários, cadeiras, bancadas, mesas, estantes, caixas metálicas, gaveteiros, suportes, sofá, poltrona, geladeira, fogão frigobar",BANQUETA S/ ENCOSTO NOGAL SERVIL EP 252629,260.0,112.0,ARANOUÁ - ANO 3 (10622-4),Luciana Cecilia Brito de Vasconcelos,Jeconias Ferreira dos Santos,Doado,59614.0,2023-06-20,2025-12-10,022-2025
4612,"Móveis e estrutura: Armários, cadeiras, bancadas, mesas, estantes, caixas metálicas, gaveteiros, suportes, sofá, poltrona, geladeira, fogão frigobar",BANQUETA S/ ENCOSTO NOGAL SERVIL EP 252629,260.0,112.0,ARANOUÁ - ANO 3 (10622-4),Luciana Cecilia Brito de Vasconcelos,Jeconias Ferreira dos Santos,Doado,59614.0,2023-06-20,2025-12-10,022-2025
4613,"Móveis e estrutura: Armários, cadeiras, bancadas, mesas, estantes, caixas metálicas, gaveteiros, suportes, sofá, poltrona, geladeira, fogão frigobar",BANQUETA S/ ENCOSTO NOGAL SERVIL EP 252629,260.0,112.0,ARANOUÁ - ANO 3 (10622-4),Luciana Cecilia Brito de Vasconcelos,Jeconias Ferreira dos Santos,Doado,59614.0,2023-06-20,2025-12-10,022-2025
4614,"Móveis e estrutura: Armários, cadeiras, bancadas, mesas, estantes, caixas metálicas, gaveteiros, suportes, sofá, poltrona, geladeira, fogão frigobar",BANQUETA S/ ENCOSTO NOGAL SERVIL EP 252629,260.0,112.0,ARANOUÁ - ANO 3 (10622-4),Luciana Cecilia Brito de Vasconcelos,Jeconias Ferreira dos Santos,Doado,59614.0,2023-06-20,2025-12-10,022-2025
4615,"Móveis e estrutura: Armários, cadeiras, bancadas, mesas, estantes, caixas metálicas, gaveteiros, suportes, sofá, poltrona, geladeira, fogão frigobar","MESA APOIO C/ RODIZIO 2200X800X920 EP
NOGAL SERVIL
",1100.0,112.0,ARANOUÁ - ANO 3 (10622-4),Luciana Cecilia Brito de Vasconcelos,Jeconias Ferreira dos Santos,Doado,2643.0,2023-04-26,2025-12-10,022-2025
4616,"Móveis e estrutura: Armários, cadeiras, bancadas, mesas, estantes, caixas metálicas, gaveteiros, suportes, sofá, poltrona, geladeira, fogão frigobar","MESA APOIO C/ RODIZIO 2200X800X920 EP
NOGAL SERVIL
",1100.0,112.0,ARANOUÁ - ANO 3 (10622-4),Luciana Cecilia Brito de Vasconcelos,Jeconias Ferreira dos Santos,Doado,59614.0,2023-06-20,2025-12-10,022-2025
4617,"Móveis e estrutura: Armários, cadeiras, bancadas, mesas, estantes, caixas metálicas, gaveteiros, suportes, sofá, poltrona, geladeira, fogão frigobar","MESA APOIO C/ RODIZIO 2200X800X920 EP
NOGAL SERVIL
",1100.0,112.0,ARANOUÁ - ANO 3 (10622-4),Luciana Cecilia Brito de Vasconcelos,Jeconias Ferreira dos Santos,Doado,59614.0,2023-06-20,2025-12-10,022-2025
4618,"Móveis e estrutura: Armários, cadeiras, bancadas, mesas, estantes, caixas metálicas, gaveteiros, suportes, sofá, poltrona, geladeira, fogão frigobar","MESA APOIO C/ RODIZIO 2200X800X920 EP
NOGAL SERVIL
",1100.0,112.0,ARANOUÁ - ANO 3 (10622-4),Luciana Cecilia Brito de Vasconcelos,Jeconias Ferreira dos Santos,Doado,59614.0,2023-06-20,2025-12-10,022-2025
4619,Máquina ou Equipamento,Lego Mindstorms - Robo Inventor 5 em 1 # 51515 (949 pcs),8540.0,112.0,ARANOUÁ - ANO 3 (10622-4),Luciana Cecilia Brito de Vasconcelos,Jeconias Ferreira dos Santos,Doado,848.0,2022-10-06,2025-12-10,022-2025
4620,Máquina ou Equipamento,Lego Mindstorms - Robo Inventor 5 em 1 # 51515 (949 pcs),8540.0,112.0,ARANOUÁ - ANO 3 (10622-4),Luciana Cecilia Brito de Vasconcelos,Jeconias Ferreira dos Santos,Doado,848.0,2022-10-06,2025-12-10,022-2025
4621,Máquina ou Equipamento,Lego Mindstorms - Robo Inventor 5 em 1 # 51515 (949 pcs),8540.0,112.0,ARANOUÁ - ANO 3 (10622-4),Luciana Cecilia Brito de Vasconcelos,Jeconias Ferreira dos Santos,Doado,848.0,2022-10-06,2025-12-10,022-2025
4622,Máquina ou Equipamento,Lego Mindstorms - Robo Inventor 5 em 1 # 51515 (949 pcs),8540.0,112.0,ARANOUÁ - ANO 3 (10622-4),Luciana Cecilia Brito de Vasconcelos,Jeconias Ferreira dos Santos,Doado,848.0,2022-10-06,2025-12-10,022-2025
4623,Máquina ou Equipamento,Lego Mindstorms - Robo Inventor 5 em 1 # 51515 (949 pcs),8540.0,112.0,ARANOUÁ - ANO 3 (10622-4),Luciana Cecilia Brito de Vasconcelos,Jeconias Ferreira dos Santos,Doado,848.0,2022-10-06,2025-12-10,022-2025
4624,Máquina ou Equipamento,Lego Mindstorms - Robo Inventor 5 em 1 # 51515 (949 pcs),8540.0,112.0,ARANOUÁ - ANO 3 (10622-4),Luciana Cecilia Brito de Vasconcelos,Jeconias Ferreira dos Santos,Doado,848.0,2022-10-06,2025-12-10,022-2025
4625,Máquina ou Equipamento,Lego Mindstorms - Robo Inventor 5 em 1 # 51515 (949 pcs),8540.0,112.0,ARANOUÁ - ANO 3 (10622-4),Luciana Cecilia Brito de Vasconcelos,Jeconias Ferreira dos Santos,Doado,848.0,2022-10-06,2025-12-10,022-2025
4626,Máquina ou Equipamento,Lego Mindstorms - Robo Inventor 5 em 1 # 51515 (949 pcs),8540.0,112.0,ARANOUÁ - ANO 3 (10622-4),Luciana Cecilia Brito de Vasconcelos,Jeconias Ferreira dos Santos,Doado,848.0,2022-10-06,2025-12-10,022-2025
4627,Máquina ou Equipamento,Lego Mindstorms - Robo Inventor 5 em 1 # 51515 (949 pcs),8540.0,112.0,ARANOUÁ - ANO 3 (10622-4),Luciana Cecilia Brito de Vasconcelos,Jeconias Ferreira dos Santos,Doado,848.0,2022-10-06,2025-12-10,022-2025
4628,Máquina ou Equipamento,Lego Mindstorms - Robo Inventor 5 em 1 # 51515 (949 pcs),8540.0,112.0,ARANOUÁ - ANO 3 (10622-4),Luciana Cecilia Brito de Vasconcelos,Jeconias Ferreira dos Santos,Doado,848.0,2022-10-06,2025-12-10,022-2025
4629,Máquina ou Equipamento,Lego Mindstorms - Robo Inventor 5 em 1 # 51515 (949 pcs),8540.0,112.0,ARANOUÁ - ANO 3 (10622-4),Luciana Cecilia Brito de Vasconcelos,Jeconias Ferreira dos Santos,Doado,848.0,2022-10-06,2025-12-10,022-2025
4630,Máquina ou Equipamento,Lego Mindstorms - Robo Inventor 5 em 1 # 51515 (949 pcs),8540.0,112.0,ARANOUÁ - ANO 3 (10622-4),Luciana Cecilia Brito de Vasconcelos,Jeconias Ferreira dos Santos,Doado,848.0,2022-10-06,2025-12-10,022-2025
4631,Máquina ou Equipamento,"Access Point ubiquiti Wi-fi 6 Lr Ubnt U6-lr Unifi 4x4 Wifi6
2.4/5ghz mimo",2998.0,112.0,ARANOUÁ - ANO 3 (10622-4),Luciana Cecilia Brito de Vasconcelos,Jeconias Ferreira dos Santos,Doado,329.0,2023-03-22,2025-12-10,022-2025
4632,Máquina ou Equipamento,"Access Point ubiquiti Wi-fi 6 Lr Ubnt U6-lr Unifi 4x4 Wifi6
2.4/5ghz mimo",2998.0,112.0,ARANOUÁ - ANO 3 (10622-4),Luciana Cecilia Brito de Vasconcelos,Jeconias Ferreira dos Santos,Doado,329.0,2023-03-22,2025-12-10,022-2025
4633,Máquina ou Equipamento,"Access Point ubiquiti Wi-fi 6 Lr Ubnt U6-lr Unifi 4x4 Wifi6
2.4/5ghz mimo",2998.0,112.0,ARANOUÁ - ANO 3 (10622-4),Luciana Cecilia Brito de Vasconcelos,Jeconias Ferreira dos Santos,Doado,329.0,2023-03-22,2025-12-10,022-2025
4634,Máquina ou Equipamento,"Access Point ubiquiti Wi-fi 6 Lr Ubnt U6-lr Unifi 4x4 Wifi6
2.4/5ghz mimo",2998.0,112.0,ARANOUÁ - ANO 3 (10622-4),Luciana Cecilia Brito de Vasconcelos,Jeconias Ferreira dos Santos,Doado,329.0,2023-03-22,2025-12-10,022-2025
Valor total permanentes,,,587312.2400000002,,,,,,,,,
