Nº Patrimônio,Produto,Descrição,Valor,Cód. Projeto,Projeto,Gestor,Coordenador,Situação,NF,Data Emissão da Nota,Data do Termo de Doação,Nº Termo de Doação
3783,"Livros, Coleções e Materiais Bibliográficos","Livro:
Título: Programação do Raspberry Pi com
Python: Aprenda a Programar no Pequeno
Computador Mais Popular do Mundo
Autor: Wolfram Donat
Ano: 2018
Edição: 1ª edição
Editora: Novatec
IBSN-10: 8575227203",575.0,251.0,ARANOUÁ - ANO 5 (10622-4),Luciana Cecilia Brito de Vasconcelos,Jeconias Ferreira dos Santos,Doado,603.0,2025-02-20,2025-12-10,022-2025
3784,"Livros, Coleções e Materiais Bibliográficos","Livro:
Título: Programação do Raspberry Pi com
Python: Aprenda a Programar no Pequeno
Computador Mais Popular do Mundo
Autor: Wolfram Donat
Ano: 2018
Edição: 1ª edição
Editora: Novatec
IBSN-10: 8575227203",575.0,251.0,ARANOUÁ - ANO 5 (10622-4),Luciana Cecilia Brito de Vasconcelos,Jeconias Ferreira dos Santos,Doado,603.0,2025-02-20,2025-12-10,022-2025
3785,"Livros, Coleções e Materiais Bibliográficos","Livro:
Título: Programação do Raspberry Pi com
Python: Aprenda a Programar no Pequeno
Computador Mais Popular do Mundo
Autor: Wolfram Donat
Ano: 2018
Edição: 1ª edição
Editora: Novatec
IBSN-10: 8575227203",575.0,251.0,ARANOUÁ - ANO 5 (10622-4),Luciana Cecilia Brito de Vasconcelos,Jeconias Ferreira dos Santos,Doado,603.0,2025-02-20,2025-12-10,022-2025
3786,"Livros, Coleções e Materiais Bibliográficos","Livro:
Título: Programação do Raspberry Pi com
Python: Aprenda a Programar no Pequeno
Computador Mais Popular do Mundo
Autor: Wolfram Donat
Ano: 2018
Edição: 1ª edição
Editora: Novatec
IBSN-10: 8575227203",575.0,251.0,ARANOUÁ - ANO 5 (10622-4),Luciana Cecilia Brito de Vasconcelos,Jeconias Ferreira dos Santos,Doado,603.0,2025-02-20,2025-12-10,022-2025
3787,"Livros, Coleções e Materiais Bibliográficos","Livro:
Título: Programação do Raspberry Pi com
Python: Aprenda a Programar no Pequeno
Computador Mais Popular do Mundo
Autor: Wolfram Donat
Ano: 2018
Edição: 1ª edição
Editora: Novatec
IBSN-10: 8575227203",575.0,251.0,ARANOUÁ - ANO 5 (10622-4),Luciana Cecilia Brito de Vasconcelos,Jeconias Ferreira dos Santos,Doado,603.0,2025-02-20,2025-12-10,022-2025
3788,"Livros, Coleções e Materiais Bibliográficos","Livro:
Título: Inteligência artificial: uma abordagem
de aprendizado de máquina
Autor: FACELI, Katti et al.
Ano: 2021
Edição: 2ª edição
Editora: LTC
IBSN-10: 8521637349",162.74,251.0,ARANOUÁ - ANO 5 (10622-4),Luciana Cecilia Brito de Vasconcelos,Jeconias Ferreira dos Santos,Doado,2344691.0,2025-02-18,2025-12-10,022-2025
3789,"Livros, Coleções e Materiais Bibliográficos","Livro:
Título: Inteligência artificial: uma abordagem
de aprendizado de máquina
Autor: FACELI, Katti et al.
Ano: 2021
Edição: 2ª edição
Editora: LTC
IBSN-10: 8521637349",162.74,251.0,ARANOUÁ - ANO 5 (10622-4),Luciana Cecilia Brito de Vasconcelos,Jeconias Ferreira dos Santos,Doado,2344691.0,2025-02-18,2025-12-10,022-2025
3790,"Livros, Coleções e Materiais Bibliográficos","Livro:
Título: Inteligência artificial: uma abordagem
de aprendizado de máquina
Autor: FACELI, Katti et al.
Ano: 2021
Edição: 2ª edição
Editora: LTC
IBSN-10: 8521637349",162.74,251.0,ARANOUÁ - ANO 5 (10622-4),Luciana Cecilia Brito de Vasconcelos,Jeconias Ferreira dos Santos,Doado,2344691.0,2025-02-18,2025-12-10,022-2025
3791,"Livros, Coleções e Materiais Bibliográficos","Livro:
Título: Inteligência artificial: uma abordagem
de aprendizado de máquina
Autor: FACELI, Katti et al.
Ano: 2021
Edição: 2ª edição
Editora: LTC
IBSN-10: 8521637349",162.74,251.0,ARANOUÁ - ANO 5 (10622-4),Luciana Cecilia Brito de Vasconcelos,Jeconias Ferreira dos Santos,Doado,2344691.0,2025-02-18,2025-12-10,022-2025
3792,"Livros, Coleções e Materiais Bibliográficos","Livro:
Título: Inteligência artificial: uma abordagem
de aprendizado de máquina
Autor: FACELI, Katti et al.
Ano: 2021
Edição: 2ª edição
Editora: LTC
IBSN-10: 8521637349",162.74,251.0,ARANOUÁ - ANO 5 (10622-4),Luciana Cecilia Brito de Vasconcelos,Jeconias Ferreira dos Santos,Doado,2344691.0,2025-02-18,2025-12-10,022-2025
3793,"Livros, Coleções e Materiais Bibliográficos","Livro:
Título: Inteligência artificial: uma abordagem
de aprendizado de máquina
Autor: FACELI, Katti et al.
Ano: 2021
Edição: 2ª edição
Editora: LTC
IBSN-10: 8521637349",162.74,251.0,ARANOUÁ - ANO 5 (10622-4),Luciana Cecilia Brito de Vasconcelos,Jeconias Ferreira dos Santos,Doado,2344691.0,2025-02-18,2025-12-10,022-2025
3794,"Livros, Coleções e Materiais Bibliográficos","Livro:
Título: Inteligência artificial: uma abordagem
de aprendizado de máquina
Autor: FACELI, Katti et al.
Ano: 2021
Edição: 2ª edição
Editora: LTC
IBSN-10: 8521637349",162.74,251.0,ARANOUÁ - ANO 5 (10622-4),Luciana Cecilia Brito de Vasconcelos,Jeconias Ferreira dos Santos,Doado,2344691.0,2025-02-18,2025-12-10,022-2025
3795,"Livros, Coleções e Materiais Bibliográficos","Livro:
Título: Inteligência artificial: uma abordagem
de aprendizado de máquina
Autor: FACELI, Katti et al.
Ano: 2021
Edição: 2ª edição
Editora: LTC
IBSN-10: 8521637349",162.74,251.0,ARANOUÁ - ANO 5 (10622-4),Luciana Cecilia Brito de Vasconcelos,Jeconias Ferreira dos Santos,Doado,2344691.0,2025-02-18,2025-12-10,022-2025
3796,"Livros, Coleções e Materiais Bibliográficos","Livro:
Título: Inteligência artificial: uma abordagem
de aprendizado de máquina
Autor: FACELI, Katti et al.
Ano: 2021
Edição: 2ª edição
Editora: LTC
IBSN-10: 8521637349",162.74,251.0,ARANOUÁ - ANO 5 (10622-4),Luciana Cecilia Brito de Vasconcelos,Jeconias Ferreira dos Santos,Doado,2344691.0,2025-02-18,2025-12-10,022-2025
3797,"Livros, Coleções e Materiais Bibliográficos","Livro:
Título: Inteligência artificial: uma abordagem
de aprendizado de máquina
Autor: FACELI, Katti et al.
Ano: 2021
Edição: 2ª edição
Editora: LTC
IBSN-10: 8521637349",162.74,251.0,ARANOUÁ - ANO 5 (10622-4),Luciana Cecilia Brito de Vasconcelos,Jeconias Ferreira dos Santos,Doado,2344691.0,2025-02-18,2025-12-10,022-2025
3798,"Livros, Coleções e Materiais Bibliográficos","Livro:
Título: Engenharia de Controle Moderno
Autor: KATSUHIKO, Ogata.
Ano: 2011
Edição: 5ª edição
Editora: Pearson
IBSN-10: 8576058103",345.0,251.0,ARANOUÁ - ANO 5 (10622-4),Luciana Cecilia Brito de Vasconcelos,Jeconias Ferreira dos Santos,Doado,2344691.0,2025-02-18,2025-12-10,022-2025
3799,"Livros, Coleções e Materiais Bibliográficos","Livro:
Título: Engenharia de Controle Moderno
Autor: KATSUHIKO, Ogata.
Ano: 2011
Edição: 5ª edição
Editora: Pearson
IBSN-10: 8576058103",345.0,251.0,ARANOUÁ - ANO 5 (10622-4),Luciana Cecilia Brito de Vasconcelos,Jeconias Ferreira dos Santos,Doado,2344691.0,2025-02-18,2025-12-10,022-2025
3800,"Livros, Coleções e Materiais Bibliográficos","Livro:
Título: Engenharia de Controle Moderno
Autor: KATSUHIKO, Ogata.
Ano: 2011
Edição: 5ª edição
Editora: Pearson
IBSN-10: 8576058103",345.0,251.0,ARANOUÁ - ANO 5 (10622-4),Luciana Cecilia Brito de Vasconcelos,Jeconias Ferreira dos Santos,Doado,2344691.0,2025-02-18,2025-12-10,022-2025
3801,"Livros, Coleções e Materiais Bibliográficos","Livro:
Título: Engenharia de Controle Moderno
Autor: KATSUHIKO, Ogata.
Ano: 2011
Edição: 5ª edição
Editora: Pearson
IBSN-10: 8576058103",345.0,251.0,ARANOUÁ - ANO 5 (10622-4),Luciana Cecilia Brito de Vasconcelos,Jeconias Ferreira dos Santos,Doado,2344691.0,2025-02-18,2025-12-10,022-2025
3802,"Livros, Coleções e Materiais Bibliográficos","Livro:
Título: Engenharia de Controle Moderno
Autor: KATSUHIKO, Ogata.
Ano: 2011
Edição: 5ª edição
Editora: Pearson
IBSN-10: 8576058103",345.0,251.0,ARANOUÁ - ANO 5 (10622-4),Luciana Cecilia Brito de Vasconcelos,Jeconias Ferreira dos Santos,Doado,2344691.0,2025-02-18,2025-12-10,022-2025
3803,"Livros, Coleções e Materiais Bibliográficos","Livro:
Título: Projetos com Python e Arduino:
Como Desenvolver Projetos Práticos de
Eletrônica,
Autor: HUMBERTO AUGUSTO PIOVESANA
ZANETTI, CLAUDIO LUIS VIEIRA OLIVEIRA
Ano: 2020
Edição: 1ª edição
Editora: Érica
IBSN-10: 8536533560",51.6,251.0,ARANOUÁ - ANO 5 (10622-4),Luciana Cecilia Brito de Vasconcelos,Jeconias Ferreira dos Santos,Doado,2344691.0,2025-02-18,2025-12-10,022-2025
3804,"Livros, Coleções e Materiais Bibliográficos","Livro:
Título: Projetos com Python e Arduino:
Como Desenvolver Projetos Práticos de
Eletrônica,
Autor: HUMBERTO AUGUSTO PIOVESANA
ZANETTI, CLAUDIO LUIS VIEIRA OLIVEIRA
Ano: 2020
Edição: 1ª edição
Editora: Érica
IBSN-10: 8536533560",51.6,251.0,ARANOUÁ - ANO 5 (10622-4),Luciana Cecilia Brito de Vasconcelos,Jeconias Ferreira dos Santos,Doado,2344691.0,2025-02-18,2025-12-10,022-2025
3805,"Livros, Coleções e Materiais Bibliográficos","Livro:
Título: Projetos com Python e Arduino:
Como Desenvolver Projetos Práticos de
Eletrônica,
Autor: HUMBERTO AUGUSTO PIOVESANA
ZANETTI, CLAUDIO LUIS VIEIRA OLIVEIRA
Ano: 2020
Edição: 1ª edição
Editora: Érica
IBSN-10: 8536533560",51.6,251.0,ARANOUÁ - ANO 5 (10622-4),Luciana Cecilia Brito de Vasconcelos,Jeconias Ferreira dos Santos,Doado,2344691.0,2025-02-18,2025-12-10,022-2025
3806,"Livros, Coleções e Materiais Bibliográficos","Livro:
Título: Projetos com Python e Arduino:
Como Desenvolver Projetos Práticos de
Eletrônica,
Autor: HUMBERTO AUGUSTO PIOVESANA
ZANETTI, CLAUDIO LUIS VIEIRA OLIVEIRA
Ano: 2020
Edição: 1ª edição
Editora: Érica
IBSN-10: 8536533560",51.6,251.0,ARANOUÁ - ANO 5 (10622-4),Luciana Cecilia Brito de Vasconcelos,Jeconias Ferreira dos Santos,Doado,2344691.0,2025-02-18,2025-12-10,022-2025
3807,"Livros, Coleções e Materiais Bibliográficos","Livro:
Título: Projetos com Python e Arduino:
Como Desenvolver Projetos Práticos de
Eletrônica,
Autor: HUMBERTO AUGUSTO PIOVESANA
ZANETTI, CLAUDIO LUIS VIEIRA OLIVEIRA
Ano: 2020
Edição: 1ª edição
Editora: Érica
IBSN-10: 8536533560",51.6,251.0,ARANOUÁ - ANO 5 (10622-4),Luciana Cecilia Brito de Vasconcelos,Jeconias Ferreira dos Santos,Doado,2344691.0,2025-02-18,2025-12-10,022-2025
3808,"Livros, Coleções e Materiais Bibliográficos","Livro:
Título: Projetos com Python e Arduino:
Como Desenvolver Projetos Práticos de
Eletrônica,
Autor: HUMBERTO AUGUSTO PIOVESANA
ZANETTI, CLAUDIO LUIS VIEIRA OLIVEIRA
Ano: 2020
Edição: 1ª edição
Editora: Érica
IBSN-10: 8536533560",51.6,251.0,ARANOUÁ - ANO 5 (10622-4),Luciana Cecilia Brito de Vasconcelos,Jeconias Ferreira dos Santos,Doado,2344691.0,2025-02-18,2025-12-10,022-2025
3809,"Livros, Coleções e Materiais Bibliográficos","Livro:
Título: Projetos com Python e Arduino:
Como Desenvolver Projetos Práticos de
Eletrônica,
Autor: HUMBERTO AUGUSTO PIOVESANA
ZANETTI, CLAUDIO LUIS VIEIRA OLIVEIRA
Ano: 2020
Edição: 1ª edição
Editora: Érica
IBSN-10: 8536533560",51.6,251.0,ARANOUÁ - ANO 5 (10622-4),Luciana Cecilia Brito de Vasconcelos,Jeconias Ferreira dos Santos,Doado,2344691.0,2025-02-18,2025-12-10,022-2025
3810,"Livros, Coleções e Materiais Bibliográficos","Livro:
Título: Projetos com Python e Arduino:
Como Desenvolver Projetos Práticos de
Eletrônica,
Autor: HUMBERTO AUGUSTO PIOVESANA
ZANETTI, CLAUDIO LUIS VIEIRA OLIVEIRA
Ano: 2020
Edição: 1ª edição
Editora: Érica
IBSN-10: 8536533560",51.6,251.0,ARANOUÁ - ANO 5 (10622-4),Luciana Cecilia Brito de Vasconcelos,Jeconias Ferreira dos Santos,Doado,2344691.0,2025-02-18,2025-12-10,022-2025
3811,"Livros, Coleções e Materiais Bibliográficos","Livro:
Título: Projetos com Python e Arduino:
Como Desenvolver Projetos Práticos de
Eletrônica,
Autor: HUMBERTO AUGUSTO PIOVESANA
ZANETTI, CLAUDIO LUIS VIEIRA OLIVEIRA
Ano: 2020
Edição: 1ª edição
Editora: Érica
IBSN-10: 8536533560",51.6,251.0,ARANOUÁ - ANO 5 (10622-4),Luciana Cecilia Brito de Vasconcelos,Jeconias Ferreira dos Santos,Doado,2344691.0,2025-02-18,2025-12-10,022-2025
3812,"Livros, Coleções e Materiais Bibliográficos","Livro:
Título: Projetos com Python e Arduino:
Como Desenvolver Projetos Práticos de
Eletrônica,
Autor: HUMBERTO AUGUSTO PIOVESANA
ZANETTI, CLAUDIO LUIS VIEIRA OLIVEIRA
Ano: 2020
Edição: 1ª edição
Editora: Érica
IBSN-10: 8536533560",51.6,251.0,ARANOUÁ - ANO 5 (10622-4),Luciana Cecilia Brito de Vasconcelos,Jeconias Ferreira dos Santos,Doado,2344691.0,2025-02-18,2025-12-10,022-2025
3813,"Livros, Coleções e Materiais Bibliográficos","Livro:
Título: Sistemas de Comunicação Sem Fio -
Conceitos e Aplicações:
Autor: Juergen Rochol
Ano: 2018
Edição: 1ª edição
Editora: Bookman
IBSN-10: 8582604556",114.55,251.0,ARANOUÁ - ANO 5 (10622-4),Luciana Cecilia Brito de Vasconcelos,Jeconias Ferreira dos Santos,Doado,2344691.0,2025-02-18,2025-12-10,022-2025
3814,"Livros, Coleções e Materiais Bibliográficos","Livro:
Título: Sistemas de Comunicação Sem Fio -
Conceitos e Aplicações:
Autor: Juergen Rochol
Ano: 2018
Edição: 1ª edição
Editora: Bookman
IBSN-10: 8582604556",114.55,251.0,ARANOUÁ - ANO 5 (10622-4),Luciana Cecilia Brito de Vasconcelos,Jeconias Ferreira dos Santos,Doado,2344691.0,2025-02-18,2025-12-10,022-2025
3815,"Livros, Coleções e Materiais Bibliográficos","Livro:
Título: Sistemas de Comunicação Sem Fio -
Conceitos e Aplicações:
Autor: Juergen Rochol
Ano: 2018
Edição: 1ª edição
Editora: Bookman
IBSN-10: 8582604556",114.55,251.0,ARANOUÁ - ANO 5 (10622-4),Luciana Cecilia Brito de Vasconcelos,Jeconias Ferreira dos Santos,Doado,2344691.0,2025-02-18,2025-12-10,022-2025
3816,"Livros, Coleções e Materiais Bibliográficos","Livro:
Título: Sistemas de Comunicação Sem Fio -
Conceitos e Aplicações:
Autor: Juergen Rochol
Ano: 2018
Edição: 1ª edição
Editora: Bookman
IBSN-10: 8582604556",114.55,251.0,ARANOUÁ - ANO 5 (10622-4),Luciana Cecilia Brito de Vasconcelos,Jeconias Ferreira dos Santos,Doado,2344691.0,2025-02-18,2025-12-10,022-2025
3817,"Livros, Coleções e Materiais Bibliográficos","Livro:
Título: Sistemas de Comunicação Sem Fio -
Conceitos e Aplicações:
Autor: Juergen Rochol
Ano: 2018
Edição: 1ª edição
Editora: Bookman
IBSN-10: 8582604556",114.55,251.0,ARANOUÁ - ANO 5 (10622-4),Luciana Cecilia Brito de Vasconcelos,Jeconias Ferreira dos Santos,Doado,2344691.0,2025-02-18,2025-12-10,022-2025
3818,"Livros, Coleções e Materiais Bibliográficos","Livro:
Título: Sistemas de Comunicação Sem Fio -
Conceitos e Aplicações:
Autor: Juergen Rochol
Ano: 2018
Edição: 1ª edição
Editora: Bookman
IBSN-10: 8582604556",114.55,251.0,ARANOUÁ - ANO 5 (10622-4),Luciana Cecilia Brito de Vasconcelos,Jeconias Ferreira dos Santos,Doado,2344691.0,2025-02-18,2025-12-10,022-2025
3819,"Livros, Coleções e Materiais Bibliográficos","Livro:
Título: Sistemas de Comunicação Sem Fio -
Conceitos e Aplicações:
Autor: Juergen Rochol
Ano: 2018
Edição: 1ª edição
Editora: Bookman
IBSN-10: 8582604556",114.55,251.0,ARANOUÁ - ANO 5 (10622-4),Luciana Cecilia Brito de Vasconcelos,Jeconias Ferreira dos Santos,Doado,2344691.0,2025-02-18,2025-12-10,022-2025
3820,"Livros, Coleções e Materiais Bibliográficos","Livro:
Título: Sistemas de Comunicação Sem Fio -
Conceitos e Aplicações:
Autor: Juergen Rochol
Ano: 2018
Edição: 1ª edição
Editora: Bookman
IBSN-10: 8582604556",114.55,251.0,ARANOUÁ - ANO 5 (10622-4),Luciana Cecilia Brito de Vasconcelos,Jeconias Ferreira dos Santos,Doado,2344691.0,2025-02-18,2025-12-10,022-2025
3821,"Livros, Coleções e Materiais Bibliográficos","Livro:
Título: Sistemas de Comunicação Sem Fio -
Conceitos e Aplicações:
Autor: Juergen Rochol
Ano: 2018
Edição: 1ª edição
Editora: Bookman
IBSN-10: 8582604556",114.55,251.0,ARANOUÁ - ANO 5 (10622-4),Luciana Cecilia Brito de Vasconcelos,Jeconias Ferreira dos Santos,Doado,2344691.0,2025-02-18,2025-12-10,022-2025
3822,"Livros, Coleções e Materiais Bibliográficos","Livro:
Título: Sistemas de Comunicação Sem Fio -
Conceitos e Aplicações:
Autor: Juergen Rochol
Ano: 2018
Edição: 1ª edição
Editora: Bookman
IBSN-10: 8582604556",114.55,251.0,ARANOUÁ - ANO 5 (10622-4),Luciana Cecilia Brito de Vasconcelos,Jeconias Ferreira dos Santos,Doado,2344691.0,2025-02-18,2025-12-10,022-2025
3823,"Livros, Coleções e Materiais Bibliográficos","Livro:
Título: Manual de Análise de Dados
Autor: Luiz Oaulo Fávero, Patrícia Belfiore
Ano: 2024
Edição: 2ª edição
Editora: GEN LTC
IBSN-10: 8595159920",421.86,251.0,ARANOUÁ - ANO 5 (10622-4),Luciana Cecilia Brito de Vasconcelos,Jeconias Ferreira dos Santos,Doado,2344691.0,2025-02-18,2025-12-10,022-2025
3824,"Livros, Coleções e Materiais Bibliográficos","Livro:
Título: Manual de Análise de Dados
Autor: Luiz Oaulo Fávero, Patrícia Belfiore
Ano: 2024
Edição: 2ª edição
Editora: GEN LTC
IBSN-10: 8595159920",421.86,251.0,ARANOUÁ - ANO 5 (10622-4),Luciana Cecilia Brito de Vasconcelos,Jeconias Ferreira dos Santos,Doado,2344691.0,2025-02-18,2025-12-10,022-2025
3825,"Livros, Coleções e Materiais Bibliográficos","Livro:
Título: Manual de Análise de Dados
Autor: Luiz Oaulo Fávero, Patrícia Belfiore
Ano: 2024
Edição: 2ª edição
Editora: GEN LTC
IBSN-10: 8595159920",421.86,251.0,ARANOUÁ - ANO 5 (10622-4),Luciana Cecilia Brito de Vasconcelos,Jeconias Ferreira dos Santos,Doado,2344691.0,2025-02-18,2025-12-10,022-2025
3826,"Livros, Coleções e Materiais Bibliográficos","Livro:
Título: Manual de Análise de Dados
Autor: Luiz Oaulo Fávero, Patrícia Belfiore
Ano: 2024
Edição: 2ª edição
Editora: GEN LTC
IBSN-10: 8595159920",421.86,251.0,ARANOUÁ - ANO 5 (10622-4),Luciana Cecilia Brito de Vasconcelos,Jeconias Ferreira dos Santos,Doado,2344691.0,2025-02-18,2025-12-10,022-2025
3827,"Livros, Coleções e Materiais Bibliográficos","Livro:
Título: Manual de Análise de Dados
Autor: Luiz Oaulo Fávero, Patrícia Belfiore
Ano: 2024
Edição: 2ª edição
Editora: GEN LTC
IBSN-10: 8595159920",421.86,251.0,ARANOUÁ - ANO 5 (10622-4),Luciana Cecilia Brito de Vasconcelos,Jeconias Ferreira dos Santos,Doado,2344691.0,2025-02-18,2025-12-10,022-2025
3828,"Livros, Coleções e Materiais Bibliográficos","Livro:
Título: Álgebra Linear com aplicações
Autor: Howard Anton, Chris Rorres
Ano: 2012
Edição: 10ª edição
Editora: Bookman
IBSN-10: 8540701693",253.59,251.0,ARANOUÁ - ANO 5 (10622-4),Luciana Cecilia Brito de Vasconcelos,Jeconias Ferreira dos Santos,Doado,2344691.0,2025-02-18,2025-12-10,022-2025
3829,"Livros, Coleções e Materiais Bibliográficos","Livro:
Título: Álgebra Linear com aplicações
Autor: Howard Anton, Chris Rorres
Ano: 2012
Edição: 10ª edição
Editora: Bookman
IBSN-10: 8540701693",253.59,251.0,ARANOUÁ - ANO 5 (10622-4),Luciana Cecilia Brito de Vasconcelos,Jeconias Ferreira dos Santos,Doado,2344691.0,2025-02-18,2025-12-10,022-2025
3830,"Livros, Coleções e Materiais Bibliográficos","Livro:
Título: Álgebra Linear com aplicações
Autor: Howard Anton, Chris Rorres
Ano: 2012
Edição: 10ª edição
Editora: Bookman
IBSN-10: 8540701693",253.59,251.0,ARANOUÁ - ANO 5 (10622-4),Luciana Cecilia Brito de Vasconcelos,Jeconias Ferreira dos Santos,Doado,2344691.0,2025-02-18,2025-12-10,022-2025
3831,"Livros, Coleções e Materiais Bibliográficos","Livro:
Título: Álgebra Linear com aplicações
Autor: Howard Anton, Chris Rorres
Ano: 2012
Edição: 10ª edição
Editora: Bookman
IBSN-10: 8540701693",253.59,251.0,ARANOUÁ - ANO 5 (10622-4),Luciana Cecilia Brito de Vasconcelos,Jeconias Ferreira dos Santos,Doado,2344691.0,2025-02-18,2025-12-10,022-2025
3832,"Livros, Coleções e Materiais Bibliográficos","Livro:
Título: Álgebra Linear com aplicações
Autor: Howard Anton, Chris Rorres
Ano: 2012
Edição: 10ª edição
Editora: Bookman
IBSN-10: 8540701693",253.59,251.0,ARANOUÁ - ANO 5 (10622-4),Luciana Cecilia Brito de Vasconcelos,Jeconias Ferreira dos Santos,Doado,2344691.0,2025-02-18,2025-12-10,022-2025
3833,"Livros, Coleções e Materiais Bibliográficos","Livro:
Título: Estatística Prática Para Cientistas de
Dados: 50 Conceitos Essenciais
Autor: Andrew Bruce, Peter Bruce
Ano: 2019
Edição: 1ª edição
Editora: Alta Books
IBSN-10: 855080603X",83.62,251.0,ARANOUÁ - ANO 5 (10622-4),Luciana Cecilia Brito de Vasconcelos,Jeconias Ferreira dos Santos,Doado,2344691.0,2025-02-18,2025-12-10,022-2025
3834,"Livros, Coleções e Materiais Bibliográficos","Livro:
Título: Estatística Prática Para Cientistas de
Dados: 50 Conceitos Essenciais
Autor: Andrew Bruce, Peter Bruce
Ano: 2019
Edição: 1ª edição
Editora: Alta Books
IBSN-10: 855080603X",83.62,251.0,ARANOUÁ - ANO 5 (10622-4),Luciana Cecilia Brito de Vasconcelos,Jeconias Ferreira dos Santos,Doado,2344691.0,2025-02-18,2025-12-10,022-2025
3835,"Livros, Coleções e Materiais Bibliográficos","Livro:
Título: Estatística Prática Para Cientistas de
Dados: 50 Conceitos Essenciais
Autor: Andrew Bruce, Peter Bruce
Ano: 2019
Edição: 1ª edição
Editora: Alta Books
IBSN-10: 855080603X",83.62,251.0,ARANOUÁ - ANO 5 (10622-4),Luciana Cecilia Brito de Vasconcelos,Jeconias Ferreira dos Santos,Doado,2344691.0,2025-02-18,2025-12-10,022-2025
3836,"Livros, Coleções e Materiais Bibliográficos","Livro:
Título: Estatística Prática Para Cientistas de
Dados: 50 Conceitos Essenciais
Autor: Andrew Bruce, Peter Bruce
Ano: 2019
Edição: 1ª edição
Editora: Alta Books
IBSN-10: 855080603X",83.62,251.0,ARANOUÁ - ANO 5 (10622-4),Luciana Cecilia Brito de Vasconcelos,Jeconias Ferreira dos Santos,Doado,2344691.0,2025-02-18,2025-12-10,022-2025
3837,"Livros, Coleções e Materiais Bibliográficos","Livro:
Título: Estatística Prática Para Cientistas de
Dados: 50 Conceitos Essenciais
Autor: Andrew Bruce, Peter Bruce
Ano: 2019
Edição: 1ª edição
Editora: Alta Books
IBSN-10: 855080603X",83.62,251.0,ARANOUÁ - ANO 5 (10622-4),Luciana Cecilia Brito de Vasconcelos,Jeconias Ferreira dos Santos,Doado,2344691.0,2025-02-18,2025-12-10,022-2025
3838,"Livros, Coleções e Materiais Bibliográficos","Livro:
Título: Estatística Prática Para Cientistas de
Dados: 50 Conceitos Essenciais
Autor: Andrew Bruce, Peter Bruce
Ano: 2019
Edição: 1ª edição
Editora: Alta Books
IBSN-10: 855080603X",83.62,251.0,ARANOUÁ - ANO 5 (10622-4),Luciana Cecilia Brito de Vasconcelos,Jeconias Ferreira dos Santos,Doado,2344691.0,2025-02-18,2025-12-10,022-2025
3839,"Livros, Coleções e Materiais Bibliográficos","Livro:
Título: Estatística Prática Para Cientistas de
Dados: 50 Conceitos Essenciais
Autor: Andrew Bruce, Peter Bruce
Ano: 2019
Edição: 1ª edição
Editora: Alta Books
IBSN-10: 855080603X",83.62,251.0,ARANOUÁ - ANO 5 (10622-4),Luciana Cecilia Brito de Vasconcelos,Jeconias Ferreira dos Santos,Doado,2344691.0,2025-02-18,2025-12-10,022-2025
3840,"Livros, Coleções e Materiais Bibliográficos","Livro:
Título: Estatística Prática Para Cientistas de
Dados: 50 Conceitos Essenciais
Autor: Andrew Bruce, Peter Bruce
Ano: 2019
Edição: 1ª edição
Editora: Alta Books
IBSN-10: 855080603X",83.62,251.0,ARANOUÁ - ANO 5 (10622-4),Luciana Cecilia Brito de Vasconcelos,Jeconias Ferreira dos Santos,Doado,2344691.0,2025-02-18,2025-12-10,022-2025
3841,"Livros, Coleções e Materiais Bibliográficos","Livro:
Título: Estatística Prática Para Cientistas de
Dados: 50 Conceitos Essenciais
Autor: Andrew Bruce, Peter Bruce
Ano: 2019
Edição: 1ª edição
Editora: Alta Books
IBSN-10: 855080603X",83.62,251.0,ARANOUÁ - ANO 5 (10622-4),Luciana Cecilia Brito de Vasconcelos,Jeconias Ferreira dos Santos,Doado,2344691.0,2025-02-18,2025-12-10,022-2025
3842,"Livros, Coleções e Materiais Bibliográficos","Livro:
Título: Estatística Prática Para Cientistas de
Dados: 50 Conceitos Essenciais
Autor: Andrew Bruce, Peter Bruce
Ano: 2019
Edição: 1ª edição
Editora: Alta Books
IBSN-10: 855080603X",83.62,251.0,ARANOUÁ - ANO 5 (10622-4),Luciana Cecilia Brito de Vasconcelos,Jeconias Ferreira dos Santos,Doado,2344691.0,2025-02-18,2025-12-10,022-2025
3843,"Livros, Coleções e Materiais Bibliográficos","Livro:
Título: Sistemas de controle para
engenharia.
Autor: FRANKLIN, Gene F.; POWELL, J.
David; EMAMI-NAEINI, Abbas.
Ano: 2013
Edição: 6ª edição
Editora: Bookman
IBSN-10: 8582600674",225.15,251.0,ARANOUÁ - ANO 5 (10622-4),Luciana Cecilia Brito de Vasconcelos,Jeconias Ferreira dos Santos,Doado,2344691.0,2025-02-18,2025-12-10,022-2025
3844,"Livros, Coleções e Materiais Bibliográficos","Livro:
Título: Sistemas de controle para
engenharia.
Autor: FRANKLIN, Gene F.; POWELL, J.
David; EMAMI-NAEINI, Abbas.
Ano: 2013
Edição: 6ª edição
Editora: Bookman
IBSN-10: 8582600674",225.15,251.0,ARANOUÁ - ANO 5 (10622-4),Luciana Cecilia Brito de Vasconcelos,Jeconias Ferreira dos Santos,Doado,2344691.0,2025-02-18,2025-12-10,022-2025
3845,"Livros, Coleções e Materiais Bibliográficos","Livro:
Título: Sistemas de controle para
engenharia.
Autor: FRANKLIN, Gene F.; POWELL, J.
David; EMAMI-NAEINI, Abbas.
Ano: 2013
Edição: 6ª edição
Editora: Bookman
IBSN-10: 8582600674",225.15,251.0,ARANOUÁ - ANO 5 (10622-4),Luciana Cecilia Brito de Vasconcelos,Jeconias Ferreira dos Santos,Doado,2344691.0,2025-02-18,2025-12-10,022-2025
3846,"Livros, Coleções e Materiais Bibliográficos","Livro:
Título: Sistemas de controle para
engenharia.
Autor: FRANKLIN, Gene F.; POWELL, J.
David; EMAMI-NAEINI, Abbas.
Ano: 2013
Edição: 6ª edição
Editora: Bookman
IBSN-10: 8582600674",225.15,251.0,ARANOUÁ - ANO 5 (10622-4),Luciana Cecilia Brito de Vasconcelos,Jeconias Ferreira dos Santos,Doado,2344691.0,2025-02-18,2025-12-10,022-2025
3847,"Livros, Coleções e Materiais Bibliográficos","Livro:
Título: Sistemas de controle para
engenharia.
Autor: FRANKLIN, Gene F.; POWELL, J.
David; EMAMI-NAEINI, Abbas.
Ano: 2013
Edição: 6ª edição
Editora: Bookman
IBSN-10: 8582600674",225.15,251.0,ARANOUÁ - ANO 5 (10622-4),Luciana Cecilia Brito de Vasconcelos,Jeconias Ferreira dos Santos,Doado,2344691.0,2025-02-18,2025-12-10,022-2025
3848,"Livros, Coleções e Materiais Bibliográficos","Livro:
Título: Data Science Para Negócios
Autor: Foster Provost , Tom Fawcett
Ano: 2016
Edição: 1ª edição
Editora: Alta Books
IBSN-10: 8576089726",96.94,251.0,ARANOUÁ - ANO 5 (10622-4),Luciana Cecilia Brito de Vasconcelos,Jeconias Ferreira dos Santos,Doado,2344691.0,2025-02-18,2025-12-10,022-2025
3849,"Livros, Coleções e Materiais Bibliográficos","Livro:
Título: Data Science Para Negócios
Autor: Foster Provost , Tom Fawcett
Ano: 2016
Edição: 1ª edição
Editora: Alta Books
IBSN-10: 8576089726",96.94,251.0,ARANOUÁ - ANO 5 (10622-4),Luciana Cecilia Brito de Vasconcelos,Jeconias Ferreira dos Santos,Doado,2344691.0,2025-02-18,2025-12-10,022-2025
3850,"Livros, Coleções e Materiais Bibliográficos","Livro:
Título: Data Science Para Negócios
Autor: Foster Provost , Tom Fawcett
Ano: 2016
Edição: 1ª edição
Editora: Alta Books
IBSN-10: 8576089726",96.94,251.0,ARANOUÁ - ANO 5 (10622-4),Luciana Cecilia Brito de Vasconcelos,Jeconias Ferreira dos Santos,Doado,2344691.0,2025-02-18,2025-12-10,022-2025
3851,"Livros, Coleções e Materiais Bibliográficos","Livro:
Título: Data Science Para Negócios
Autor: Foster Provost , Tom Fawcett
Ano: 2016
Edição: 1ª edição
Editora: Alta Books
IBSN-10: 8576089726",96.94,251.0,ARANOUÁ - ANO 5 (10622-4),Luciana Cecilia Brito de Vasconcelos,Jeconias Ferreira dos Santos,Doado,2344691.0,2025-02-18,2025-12-10,022-2025
3852,"Livros, Coleções e Materiais Bibliográficos","Livro:
Título: Data Science Para Negócios
Autor: Foster Provost , Tom Fawcett
Ano: 2016
Edição: 1ª edição
Editora: Alta Books
IBSN-10: 8576089726",96.94,251.0,ARANOUÁ - ANO 5 (10622-4),Luciana Cecilia Brito de Vasconcelos,Jeconias Ferreira dos Santos,Doado,2344691.0,2025-02-18,2025-12-10,022-2025
3853,"Livros, Coleções e Materiais Bibliográficos","Livro:
Título: Data Science Para Negócios
Autor: Foster Provost , Tom Fawcett
Ano: 2016
Edição: 1ª edição
Editora: Alta Books
IBSN-10: 8576089726",96.94,251.0,ARANOUÁ - ANO 5 (10622-4),Luciana Cecilia Brito de Vasconcelos,Jeconias Ferreira dos Santos,Doado,2344691.0,2025-02-18,2025-12-10,022-2025
3854,"Livros, Coleções e Materiais Bibliográficos","Livro:
Título: Data Science Para Negócios
Autor: Foster Provost , Tom Fawcett
Ano: 2016
Edição: 1ª edição
Editora: Alta Books
IBSN-10: 8576089726",96.94,251.0,ARANOUÁ - ANO 5 (10622-4),Luciana Cecilia Brito de Vasconcelos,Jeconias Ferreira dos Santos,Doado,2344691.0,2025-02-18,2025-12-10,022-2025
3855,"Livros, Coleções e Materiais Bibliográficos","Livro:
Título: Data Science Para Negócios
Autor: Foster Provost , Tom Fawcett
Ano: 2016
Edição: 1ª edição
Editora: Alta Books
IBSN-10: 8576089726",96.94,251.0,ARANOUÁ - ANO 5 (10622-4),Luciana Cecilia Brito de Vasconcelos,Jeconias Ferreira dos Santos,Doado,2344691.0,2025-02-18,2025-12-10,022-2025
3856,"Livros, Coleções e Materiais Bibliográficos","Livro:
Título: Data Science Para Negócios
Autor: Foster Provost , Tom Fawcett
Ano: 2016
Edição: 1ª edição
Editora: Alta Books
IBSN-10: 8576089726",96.94,251.0,ARANOUÁ - ANO 5 (10622-4),Luciana Cecilia Brito de Vasconcelos,Jeconias Ferreira dos Santos,Doado,2344691.0,2025-02-18,2025-12-10,022-2025
3857,"Livros, Coleções e Materiais Bibliográficos","Livro:
Título: Data Science Para Negócios
Autor: Foster Provost , Tom Fawcett
Ano: 2016
Edição: 1ª edição
Editora: Alta Books
IBSN-10: 8576089726",96.94,251.0,ARANOUÁ - ANO 5 (10622-4),Luciana Cecilia Brito de Vasconcelos,Jeconias Ferreira dos Santos,Doado,2344691.0,2025-02-18,2025-12-10,022-2025
3858,"Livros, Coleções e Materiais Bibliográficos","Livro:
Título: Data Science Para Negócios
Autor: Foster Provost , Tom Fawcett
Ano: 2016
Edição: 1ª edição
Editora: Alta Books
IBSN-10: 8576089726",96.94,251.0,ARANOUÁ - ANO 5 (10622-4),Luciana Cecilia Brito de Vasconcelos,Jeconias Ferreira dos Santos,Doado,2344691.0,2025-02-18,2025-12-10,022-2025
3859,"Livros, Coleções e Materiais Bibliográficos","Livro:
Título: Data Science Para Negócios
Autor: Foster Provost , Tom Fawcett
Ano: 2016
Edição: 1ª edição
Editora: Alta Books
IBSN-10: 8576089726",96.94,251.0,ARANOUÁ - ANO 5 (10622-4),Luciana Cecilia Brito de Vasconcelos,Jeconias Ferreira dos Santos,Doado,2344691.0,2025-02-18,2025-12-10,022-2025
3860,"Livros, Coleções e Materiais Bibliográficos","Livro:
Título: Data Science Para Negócios
Autor: Foster Provost , Tom Fawcett
Ano: 2016
Edição: 1ª edição
Editora: Alta Books
IBSN-10: 8576089726",96.94,251.0,ARANOUÁ - ANO 5 (10622-4),Luciana Cecilia Brito de Vasconcelos,Jeconias Ferreira dos Santos,Doado,2344691.0,2025-02-18,2025-12-10,022-2025
3861,"Livros, Coleções e Materiais Bibliográficos","Livro:
Título: Data Science Para Negócios
Autor: Foster Provost , Tom Fawcett
Ano: 2016
Edição: 1ª edição
Editora: Alta Books
IBSN-10: 8576089726",96.94,251.0,ARANOUÁ - ANO 5 (10622-4),Luciana Cecilia Brito de Vasconcelos,Jeconias Ferreira dos Santos,Doado,2344691.0,2025-02-18,2025-12-10,022-2025
3862,"Livros, Coleções e Materiais Bibliográficos","Livro:
Título: Data Science Para Negócios
Autor: Foster Provost , Tom Fawcett
Ano: 2016
Edição: 1ª edição
Editora: Alta Books
IBSN-10: 8576089726",96.94,251.0,ARANOUÁ - ANO 5 (10622-4),Luciana Cecilia Brito de Vasconcelos,Jeconias Ferreira dos Santos,Doado,2344691.0,2025-02-18,2025-12-10,022-2025
3863,Mesa,"Mesa para professor, formato retangular, com cantos arredondados, fabricada em MDF revestido tanto na face superior quanto na face inferior, com espessura de 30 mm e com fita de borda na cor cinza conforme modelo.
Deve possuir acabamento de alto padrão, texturizado, na cor azul marinho, conforme modelo, e atender as seguintes dimensões: Largura: 1200 mm; Profundidade: 650 mm; Altura: 760 mm; Pés em aço com pintura epóxi na
cor cinza.",490.0,251.0,ARANOUÁ - ANO 5 (10622-4),Luciana Cecilia Brito de Vasconcelos,Jeconias Ferreira dos Santos,Doado,4767.0,2024-12-19,2025-12-10,022-2025
3864,Mesa,"Mesa para professor, formato retangular, com cantos arredondados, fabricada em MDF revestido tanto na face superior quanto na face inferior, com espessura de 30 mm e com fita de borda na cor cinza conforme modelo.
Deve possuir acabamento de alto padrão, texturizado, na cor azul marinho, conforme modelo, e atender as seguintes dimensões: Largura: 1200 mm; Profundidade: 650 mm; Altura: 760 mm; Pés em aço com pintura epóxi na
cor cinza.",490.0,251.0,ARANOUÁ - ANO 5 (10622-4),Luciana Cecilia Brito de Vasconcelos,Jeconias Ferreira dos Santos,Doado,4767.0,2024-12-19,2025-12-10,022-2025
3865,Mesa,"Mesa para professor, formato retangular, com cantos arredondados, fabricada em MDF revestido tanto na face superior quanto na face inferior, com espessura de 30 mm e com fita de borda na cor cinza conforme modelo.
Deve possuir acabamento de alto padrão, texturizado, na cor azul marinho, conforme modelo, e atender as seguintes dimensões: Largura: 1200 mm; Profundidade: 650 mm; Altura: 760 mm; Pés em aço com pintura epóxi na
cor cinza.",490.0,251.0,ARANOUÁ - ANO 5 (10622-4),Luciana Cecilia Brito de Vasconcelos,Jeconias Ferreira dos Santos,Doado,4767.0,2024-12-19,2025-12-10,022-2025
3866,Mesa,"Mesa para professor, formato retangular, com cantos arredondados, fabricada em MDF revestido tanto na face superior quanto na face inferior, com espessura de 30 mm e com fita de borda na cor cinza conforme modelo.
Deve possuir acabamento de alto padrão, texturizado, na cor azul marinho, conforme modelo, e atender as seguintes dimensões: Largura: 1200 mm; Profundidade: 650 mm; Altura: 760 mm; Pés em aço com pintura epóxi na
cor cinza.",490.0,251.0,ARANOUÁ - ANO 5 (10622-4),Luciana Cecilia Brito de Vasconcelos,Jeconias Ferreira dos Santos,Doado,4767.0,2024-12-19,2025-12-10,022-2025
3867,Mesa,"Mesa para professor, formato retangular, com cantos arredondados, fabricada em MDF revestido tanto na face superior quanto na face inferior, com espessura de 30 mm e com fita de borda na cor cinza conforme modelo.
Deve possuir acabamento de alto padrão, texturizado, na cor azul marinho, conforme modelo, e atender as seguintes dimensões: Largura: 1200 mm; Profundidade: 650 mm; Altura: 760 mm; Pés em aço com pintura epóxi na
cor cinza.",490.0,251.0,ARANOUÁ - ANO 5 (10622-4),Luciana Cecilia Brito de Vasconcelos,Jeconias Ferreira dos Santos,Doado,4767.0,2024-12-19,2025-12-10,022-2025
3868,Mesa,"Mesa para professor, formato retangular, com cantos arredondados, fabricada em MDF revestido tanto na face superior quanto na face inferior, com espessura de 30 mm e com fita de borda na cor cinza conforme modelo.
Deve possuir acabamento de alto padrão, texturizado, na cor azul marinho, conforme modelo, e atender as seguintes dimensões: Largura: 1200 mm; Profundidade: 650 mm; Altura: 760 mm; Pés em aço com pintura epóxi na
cor cinza.",490.0,251.0,ARANOUÁ - ANO 5 (10622-4),Luciana Cecilia Brito de Vasconcelos,Jeconias Ferreira dos Santos,Doado,4767.0,2024-12-19,2025-12-10,022-2025
3869,Mesa,"Mesa para professor, formato retangular, com cantos arredondados, fabricada em MDF revestido tanto na face superior quanto na face inferior, com espessura de 30 mm e com fita de borda na cor cinza conforme modelo.
Deve possuir acabamento de alto padrão, texturizado, na cor azul marinho, conforme modelo, e atender as seguintes dimensões: Largura: 1200 mm; Profundidade: 650 mm; Altura: 760 mm; Pés em aço com pintura epóxi na
cor cinza.",490.0,251.0,ARANOUÁ - ANO 5 (10622-4),Luciana Cecilia Brito de Vasconcelos,Jeconias Ferreira dos Santos,Doado,4767.0,2024-12-19,2025-12-10,022-2025
3870,Mesa,"Mesa para professor, formato retangular, com cantos arredondados, fabricada em MDF revestido tanto na face superior quanto na face inferior, com espessura de 30 mm e com fita de borda na cor cinza conforme modelo.
Deve possuir acabamento de alto padrão, texturizado, na cor azul marinho, conforme modelo, e atender as seguintes dimensões: Largura: 1200 mm; Profundidade: 650 mm; Altura: 760 mm; Pés em aço com pintura epóxi na
cor cinza.",490.0,251.0,ARANOUÁ - ANO 5 (10622-4),Luciana Cecilia Brito de Vasconcelos,Jeconias Ferreira dos Santos,Doado,4767.0,2024-12-19,2025-12-10,022-2025
3871,Mesa,"Mesa para professor, formato retangular, com cantos arredondados, fabricada em MDF revestido tanto na face superior quanto na face inferior, com espessura de 30 mm e com fita de borda na cor cinza conforme modelo.
Deve possuir acabamento de alto padrão, texturizado, na cor azul marinho, conforme modelo, e atender as seguintes dimensões: Largura: 1200 mm; Profundidade: 650 mm; Altura: 760 mm; Pés em aço com pintura epóxi na
cor cinza.",490.0,251.0,ARANOUÁ - ANO 5 (10622-4),Luciana Cecilia Brito de Vasconcelos,Jeconias Ferreira dos Santos,Doado,4767.0,2024-12-19,2025-12-10,022-2025
3872,Mesa,"Mesa para professor, formato retangular, com cantos arredondados, fabricada em MDF revestido tanto na face superior quanto na face inferior, com espessura de 30 mm e com fita de borda na cor cinza conforme modelo.
Deve possuir acabamento de alto padrão, texturizado, na cor azul marinho, conforme modelo, e atender as seguintes dimensões: Largura: 1200 mm; Profundidade: 650 mm; Altura: 760 mm; Pés em aço com pintura epóxi na
cor cinza.",490.0,251.0,ARANOUÁ - ANO 5 (10622-4),Luciana Cecilia Brito de Vasconcelos,Jeconias Ferreira dos Santos,Doado,4767.0,2024-12-19,2025-12-10,022-2025
3873,Mesa,"Mesa para professor, formato retangular, com cantos arredondados, fabricada em MDF revestido tanto na face superior quanto na face inferior, com espessura de 30 mm e com fita de borda na cor cinza conforme modelo.
Deve possuir acabamento de alto padrão, texturizado, na cor azul marinho, conforme modelo, e atender as seguintes dimensões: Largura: 1200 mm; Profundidade: 650 mm; Altura: 760 mm; Pés em aço com pintura epóxi na
cor cinza.",490.0,251.0,ARANOUÁ - ANO 5 (10622-4),Luciana Cecilia Brito de Vasconcelos,Jeconias Ferreira dos Santos,Doado,4767.0,2024-12-19,2025-12-10,022-2025
3874,Mesa,"Mesa para professor, formato retangular, com cantos arredondados, fabricada em MDF revestido tanto na face superior quanto na face inferior, com espessura de 30 mm e com fita de borda na cor cinza conforme modelo.
Deve possuir acabamento de alto padrão, texturizado, na cor azul marinho, conforme modelo, e atender as seguintes dimensões: Largura: 1200 mm; Profundidade: 650 mm; Altura: 760 mm; Pés em aço com pintura epóxi na
cor cinza.",490.0,251.0,ARANOUÁ - ANO 5 (10622-4),Luciana Cecilia Brito de Vasconcelos,Jeconias Ferreira dos Santos,Doado,4767.0,2024-12-19,2025-12-10,022-2025
3875,Mesa,"Mesa para professor, formato retangular, com cantos arredondados, fabricada em MDF revestido tanto na face superior quanto na face inferior, com espessura de 30 mm e com fita de borda na cor cinza conforme modelo.
Deve possuir acabamento de alto padrão, texturizado, na cor azul marinho, conforme modelo, e atender as seguintes dimensões: Largura: 1200 mm; Profundidade: 650 mm; Altura: 760 mm; Pés em aço com pintura epóxi na
cor cinza.",490.0,251.0,ARANOUÁ - ANO 5 (10622-4),Luciana Cecilia Brito de Vasconcelos,Jeconias Ferreira dos Santos,Doado,4767.0,2024-12-19,2025-12-10,022-2025
3876,Mesa,"Mesinha, Mesa Porta Copos, circular, fabricada de acrílico
para suporte a palestrantes. Altura: entre 70 a 80 cm;
Diâmetro: entre 33 a 40 cm; Espessura: entre 8 a 15 mm",689.0,251.0,ARANOUÁ - ANO 5 (10622-4),Luciana Cecilia Brito de Vasconcelos,Jeconias Ferreira dos Santos,Doado,1366.0,2024-12-27,2025-12-10,022-2025
3877,Mesa,"Mesinha, Mesa Porta Copos, circular, fabricada de acrílico
para suporte a palestrantes. Altura: entre 70 a 80 cm;
Diâmetro: entre 33 a 40 cm; Espessura: entre 8 a 15 mm",689.0,251.0,ARANOUÁ - ANO 5 (10622-4),Luciana Cecilia Brito de Vasconcelos,Jeconias Ferreira dos Santos,Doado,1366.0,2024-12-27,2025-12-10,022-2025
3878,Mesa,"Mesinha, Mesa Porta Copos, circular, fabricada de acrílico
para suporte a palestrantes. Altura: entre 70 a 80 cm;
Diâmetro: entre 33 a 40 cm; Espessura: entre 8 a 15 mm",689.0,251.0,ARANOUÁ - ANO 5 (10622-4),Luciana Cecilia Brito de Vasconcelos,Jeconias Ferreira dos Santos,Doado,1366.0,2024-12-27,2025-12-10,022-2025
3879,Nobreak,"No break 3 kVA; monofásico; Conexão de entrada: Plugue
NBR 14136 (20A); com Fusível rearmável
Com Display LCD
Potência de 3 kVA / 2,7 kW
Tensão de entrada: 110V ou bivolt;
Tensão de saída: 110 V ou bivolt;
Autonomia mínima de 180 min;
Proteções para a carga:
1. Queda de rede (Blackout);
2. Ruído de rede elétrica;
3. Sobretensão de rede elétrica;
4. Subtensão de rede elétrica;
5. Surtos de tensão na rede;
6. Correção linear de variação da rede elétrica;
7. Variação de frequência da rede elétrica;
8. Distorção harmônica da rede elétrica;
9. Afundamento de tensão (SAG).",3770.0,251.0,ARANOUÁ - ANO 5 (10622-4),Luciana Cecilia Brito de Vasconcelos,Jeconias Ferreira dos Santos,Doado,102.0,2025-02-27,2025-12-10,022-2025
3880,Nobreak,"No break 3 kVA; monofásico; Conexão de entrada: Plugue
NBR 14136 (20A); com Fusível rearmável
Com Display LCD
Potência de 3 kVA / 2,7 kW
Tensão de entrada: 110V ou bivolt;
Tensão de saída: 110 V ou bivolt;
Autonomia mínima de 180 min;
Proteções para a carga:
1. Queda de rede (Blackout);
2. Ruído de rede elétrica;
3. Sobretensão de rede elétrica;
4. Subtensão de rede elétrica;
5. Surtos de tensão na rede;
6. Correção linear de variação da rede elétrica;
7. Variação de frequência da rede elétrica;
8. Distorção harmônica da rede elétrica;
9. Afundamento de tensão (SAG).",3510.02,251.0,ARANOUÁ - ANO 5 (10622-4),Luciana Cecilia Brito de Vasconcelos,Jeconias Ferreira dos Santos,Doado,59.0,2024-09-24,2025-12-10,022-2025
3881,Ar Condicionado,"Aquisição de Aparelho de ar condicionado do tipo split Piso teto, tecnologia inverter com capacidade de 55.000 a 60.000 BTU/h; Tensão nominal 220 V; Frequência de funcionamento 60 Hz; Mostrador que indique a temperatura ambiente e a temperatura ajustada em graus centígrados;
Controle de ajuste de temperatura.",8854.0,251.0,ARANOUÁ - ANO 5 (10622-4),Luciana Cecilia Brito de Vasconcelos,Jeconias Ferreira dos Santos,Doado,8270611.0,2024-09-26,2025-12-10,022-2025
3882,Ar Condicionado,"Aquisição de Aparelho de ar condicionado do tipo split Piso teto, tecnologia inverter com capacidade de 55.000 a 60.000 BTU/h; Tensão nominal 220 V; Frequência de funcionamento 60 Hz; Mostrador que indique a temperatura ambiente e a temperatura ajustada em graus centígrados;
Controle de ajuste de temperatura.",8854.0,251.0,ARANOUÁ - ANO 5 (10622-4),Luciana Cecilia Brito de Vasconcelos,Jeconias Ferreira dos Santos,Doado,8270611.0,2024-09-26,2025-12-10,022-2025
3883,Ar Condicionado,"Aquisição de Aparelho de ar condicionado do tipo split Piso teto, tecnologia inverter com capacidade de 55.000 a 60.000 BTU/h; Tensão nominal 220 V; Frequência de funcionamento 60 Hz; Mostrador que indique a temperatura ambiente e a temperatura ajustada em graus centígrados;
Controle de ajuste de temperatura.",8854.0,251.0,ARANOUÁ - ANO 5 (10622-4),Luciana Cecilia Brito de Vasconcelos,Jeconias Ferreira dos Santos,Doado,8270611.0,2024-09-26,2025-12-10,022-2025
3884,Ar Condicionado,"Aquisição de Aparelho de ar condicionado do tipo split Piso teto, tecnologia inverter com capacidade de 55.000 a 60.000 BTU/h; Tensão nominal 220 V; Frequência de funcionamento 60 Hz; Mostrador que indique a temperatura ambiente e a temperatura ajustada em graus centígrados;
Controle de ajuste de temperatura.",8854.0,251.0,ARANOUÁ - ANO 5 (10622-4),Luciana Cecilia Brito de Vasconcelos,Jeconias Ferreira dos Santos,Doado,8270611.0,2024-09-26,2025-12-10,022-2025
3885,Ar Condicionado,"Aquisição de Aparelho de ar condicionado do tipo split Piso teto, tecnologia inverter com capacidade de 55.000 a 60.000 BTU/h; Tensão nominal 220 V; Frequência de funcionamento 60 Hz; Mostrador que indique a temperatura ambiente e a temperatura ajustada em graus centígrados;
Controle de ajuste de temperatura.",8854.0,251.0,ARANOUÁ - ANO 5 (10622-4),Luciana Cecilia Brito de Vasconcelos,Jeconias Ferreira dos Santos,Doado,8270611.0,2024-09-26,2025-12-10,022-2025
3886,Armário,"Armário Alto, estante livreiro com uso para escritório com design moderno, nas cores cinza e azul marinho, fabricado de MDF, deve possuir duas portas, com puxadores e fechadura, divisórias em quatro prateleiras. As prateleiras devem ser revestidas em ambas as faces acabamento
das bordas com fita de PVC, com sapatilhas de regulagem de desnível de piso nos pés Dimensões recomendadas: altura: 180 cm; largura: 80 cm; profundidade: 50 cm.
A montagem do conjunto deve ser incluída na proposta comercial.",1150.0,251.0,ARANOUÁ - ANO 5 (10622-4),Luciana Cecilia Brito de Vasconcelos,Jeconias Ferreira dos Santos,Doado,4901.0,2025-01-31,2025-12-10,022-2025
3887,Armário,"Armário Alto, estante livreiro com uso para escritório com design moderno, nas cores cinza e azul marinho, fabricado de MDF, deve possuir duas portas, com puxadores e fechadura, divisórias em quatro prateleiras. As prateleiras devem ser revestidas em ambas as faces acabamento
das bordas com fita de PVC, com sapatilhas de regulagem de desnível de piso nos pés Dimensões recomendadas: altura: 180 cm; largura: 80 cm; profundidade: 50 cm.
A montagem do conjunto deve ser incluída na proposta comercial.",1150.0,251.0,ARANOUÁ - ANO 5 (10622-4),Luciana Cecilia Brito de Vasconcelos,Jeconias Ferreira dos Santos,Doado,4901.0,2025-01-31,2025-12-10,022-2025
3888,Armário,"Armário Alto, estante livreiro com uso para escritório com design moderno, nas cores cinza e azul marinho, fabricado de MDF, deve possuir duas portas, com puxadores e fechadura, divisórias em quatro prateleiras. As prateleiras devem ser revestidas em ambas as faces acabamento
das bordas com fita de PVC, com sapatilhas de regulagem de desnível de piso nos pés Dimensões recomendadas: altura: 180 cm; largura: 80 cm; profundidade: 50 cm.
A montagem do conjunto deve ser incluída na proposta comercial.",1150.0,251.0,ARANOUÁ - ANO 5 (10622-4),Luciana Cecilia Brito de Vasconcelos,Jeconias Ferreira dos Santos,Doado,4901.0,2025-01-31,2025-12-10,022-2025
3889,Armário,"Armário Alto, estante livreiro com uso para escritório com design moderno, nas cores cinza e azul marinho, fabricado de MDF, deve possuir duas portas, com puxadores e fechadura, divisórias em quatro prateleiras. As prateleiras devem ser revestidas em ambas as faces acabamento
das bordas com fita de PVC, com sapatilhas de regulagem de desnível de piso nos pés Dimensões recomendadas: altura: 180 cm; largura: 80 cm; profundidade: 50 cm.
A montagem do conjunto deve ser incluída na proposta comercial.",1150.0,251.0,ARANOUÁ - ANO 5 (10622-4),Luciana Cecilia Brito de Vasconcelos,Jeconias Ferreira dos Santos,Doado,4901.0,2025-01-31,2025-12-10,022-2025
3890,Armário,"Armário Alto, estante livreiro com uso para escritório com design moderno, nas cores cinza e azul marinho, fabricado de MDF, deve possuir duas portas, com puxadores e fechadura, divisórias em quatro prateleiras. As prateleiras devem ser revestidas em ambas as faces acabamento
das bordas com fita de PVC, com sapatilhas de regulagem de desnível de piso nos pés Dimensões recomendadas: altura: 180 cm; largura: 80 cm; profundidade: 50 cm.
A montagem do conjunto deve ser incluída na proposta comercial.",1150.0,251.0,ARANOUÁ - ANO 5 (10622-4),Luciana Cecilia Brito de Vasconcelos,Jeconias Ferreira dos Santos,Doado,4901.0,2025-01-31,2025-12-10,022-2025
3891,Armário,"Armário Alto, estante livreiro com uso para escritório com design moderno, nas cores cinza e azul marinho, fabricado de MDF, deve possuir duas portas, com puxadores e fechadura, divisórias em quatro prateleiras. As prateleiras devem ser revestidas em ambas as faces acabamento
das bordas com fita de PVC, com sapatilhas de regulagem de desnível de piso nos pés Dimensões recomendadas: altura: 180 cm; largura: 80 cm; profundidade: 50 cm.
A montagem do conjunto deve ser incluída na proposta comercial.",1150.0,251.0,ARANOUÁ - ANO 5 (10622-4),Luciana Cecilia Brito de Vasconcelos,Jeconias Ferreira dos Santos,Doado,4901.0,2025-01-31,2025-12-10,022-2025
3892,Armário,"Armário Alto, estante livreiro com uso para escritório com design moderno, nas cores cinza e azul marinho, fabricado de MDF, deve possuir duas portas, com puxadores e fechadura, divisórias em quatro prateleiras. As prateleiras devem ser revestidas em ambas as faces acabamento
das bordas com fita de PVC, com sapatilhas de regulagem de desnível de piso nos pés Dimensões recomendadas: altura: 180 cm; largura: 80 cm; profundidade: 50 cm.
A montagem do conjunto deve ser incluída na proposta comercial.",1150.0,251.0,ARANOUÁ - ANO 5 (10622-4),Luciana Cecilia Brito de Vasconcelos,Jeconias Ferreira dos Santos,Doado,4901.0,2025-01-31,2025-12-10,022-2025
3893,Armário,"Armário Alto, estante livreiro com uso para escritório com design moderno, nas cores cinza e azul marinho, fabricado de MDF, deve possuir duas portas, com puxadores e fechadura, divisórias em quatro prateleiras. As prateleiras devem ser revestidas em ambas as faces acabamento
das bordas com fita de PVC, com sapatilhas de regulagem de desnível de piso nos pés Dimensões recomendadas: altura: 180 cm; largura: 80 cm; profundidade: 50 cm.
A montagem do conjunto deve ser incluída na proposta comercial.",1150.0,251.0,ARANOUÁ - ANO 5 (10622-4),Luciana Cecilia Brito de Vasconcelos,Jeconias Ferreira dos Santos,Doado,4901.0,2025-01-31,2025-12-10,022-2025
3894,Armário,"Armário Alto, estante livreiro com uso para escritório com design moderno, nas cores cinza e azul marinho, fabricado de MDF, deve possuir duas portas, com puxadores e fechadura, divisórias em quatro prateleiras. As prateleiras devem ser revestidas em ambas as faces acabamento
das bordas com fita de PVC, com sapatilhas de regulagem de desnível de piso nos pés Dimensões recomendadas: altura: 180 cm; largura: 80 cm; profundidade: 50 cm.
A montagem do conjunto deve ser incluída na proposta comercial.",1150.0,251.0,ARANOUÁ - ANO 5 (10622-4),Luciana Cecilia Brito de Vasconcelos,Jeconias Ferreira dos Santos,Doado,4901.0,2025-01-31,2025-12-10,022-2025
3895,Armário,"Armário Alto, estante livreiro com uso para escritório com design moderno, nas cores cinza e azul marinho, fabricado de MDF, deve possuir duas portas, com puxadores e fechadura, divisórias em quatro prateleiras. As prateleiras devem ser revestidas em ambas as faces acabamento
das bordas com fita de PVC, com sapatilhas de regulagem de desnível de piso nos pés Dimensões recomendadas: altura: 180 cm; largura: 80 cm; profundidade: 50 cm.
A montagem do conjunto deve ser incluída na proposta comercial.",1150.0,251.0,ARANOUÁ - ANO 5 (10622-4),Luciana Cecilia Brito de Vasconcelos,Jeconias Ferreira dos Santos,Doado,4901.0,2025-01-31,2025-12-10,022-2025
3896,Bebedouro,"Bebedouro Industrial 25 litros, 127 Volts, em aço inox, 2 torneiras de metal cromada e rosqueadas em flanges de metal. Isolação em Eps, pés com regulagem para nivelamento, com proteção contra bordas afiadas, reservatório em polietileno atóxico com termostato regulável, incluso filtro. Deve possuir aparador de água frontal com dreno por gravidade.",3545.0,251.0,ARANOUÁ - ANO 5 (10622-4),Luciana Cecilia Brito de Vasconcelos,Jeconias Ferreira dos Santos,Doado,4.0,2024-12-04,2025-12-10,022-2025
3897,Bebedouro,"Bebedouro Industrial 25 litros, 127 Volts, em aço inox, 2 torneiras de metal cromada e rosqueadas em flanges de metal. Isolação em Eps, pés com regulagem para nivelamento, com proteção contra bordas afiadas, reservatório em polietileno atóxico com termostato regulável, incluso filtro. Deve possuir aparador de água frontal com dreno por gravidade.",3545.0,251.0,ARANOUÁ - ANO 5 (10622-4),Luciana Cecilia Brito de Vasconcelos,Jeconias Ferreira dos Santos,Doado,4.0,2024-12-04,2025-12-10,022-2025
3898,Cadeira,"Cadeira para auditório empilhável: assento e
encosto fixos tapeçados em tecido sintético na cor
azul marinho, pintura epóxi e espuma de alta
qualidade. Confortável e prática, permitindo
empilhar uma em cima da outra para guardar e
otimizar espaço, resistente, pode encaixar
uma na outra e formar uma longarina; não devem
ter braços; a cadeira deverá ser entregue montada
em plenas condições de uso. Especificações:
Dimensões do Produto: Largura: 44 a 49 cm;
Altura: 87 cm a 88 cm; Profundidade: 51 cm a 54
cm, Peso: 7 Kg; Outras medidas: Altura do
assento ao chão: 45 cm ou 46 cm; Largura do
assento: 40 a 43 cm; Profundidade do assento: 38
cm a 40 cm.; Encosto (Largura x Altura): 35 a 39
cm x 36 a 39 cm (arredondado); Características do
Produto: Material da Estrutura: Tubos em aço
20x20; Peso Suportado: 120 Kg. Acabamento:
Pintura eletrostática epóxi; Revestimento/Tecido:
tecido sintético na cor azul marinho; Espuma do
Assento: 35mm a 50mm; Material do Assento:
Madeira compensada ou madeira BP; Espuma do
Encosto: espuma laminada 3 cm ou 4 cm;
Sapatas plásticas para proteger o piso;",295.0,251.0,ARANOUÁ - ANO 5 (10622-4),Luciana Cecilia Brito de Vasconcelos,Jeconias Ferreira dos Santos,Doado,4964.0,2025-02-14,2025-12-10,022-2025
3899,Cadeira,"Cadeira para auditório empilhável: assento e
encosto fixos tapeçados em tecido sintético na cor
azul marinho, pintura epóxi e espuma de alta
qualidade. Confortável e prática, permitindo
empilhar uma em cima da outra para guardar e
otimizar espaço, resistente, pode encaixar
uma na outra e formar uma longarina; não devem
ter braços; a cadeira deverá ser entregue montada
em plenas condições de uso. Especificações:
Dimensões do Produto: Largura: 44 a 49 cm;
Altura: 87 cm a 88 cm; Profundidade: 51 cm a 54
cm, Peso: 7 Kg; Outras medidas: Altura do
assento ao chão: 45 cm ou 46 cm; Largura do
assento: 40 a 43 cm; Profundidade do assento: 38
cm a 40 cm.; Encosto (Largura x Altura): 35 a 39
cm x 36 a 39 cm (arredondado); Características do
Produto: Material da Estrutura: Tubos em aço
20x20; Peso Suportado: 120 Kg. Acabamento:
Pintura eletrostática epóxi; Revestimento/Tecido:
tecido sintético na cor azul marinho; Espuma do
Assento: 35mm a 50mm; Material do Assento:
Madeira compensada ou madeira BP; Espuma do
Encosto: espuma laminada 3 cm ou 4 cm;
Sapatas plásticas para proteger o piso;",295.0,251.0,ARANOUÁ - ANO 5 (10622-4),Luciana Cecilia Brito de Vasconcelos,Jeconias Ferreira dos Santos,Doado,4964.0,2025-02-14,2025-12-10,022-2025
3900,Cadeira,"Cadeira para auditório empilhável: assento e
encosto fixos tapeçados em tecido sintético na cor
azul marinho, pintura epóxi e espuma de alta
qualidade. Confortável e prática, permitindo
empilhar uma em cima da outra para guardar e
otimizar espaço, resistente, pode encaixar
uma na outra e formar uma longarina; não devem
ter braços; a cadeira deverá ser entregue montada
em plenas condições de uso. Especificações:
Dimensões do Produto: Largura: 44 a 49 cm;
Altura: 87 cm a 88 cm; Profundidade: 51 cm a 54
cm, Peso: 7 Kg; Outras medidas: Altura do
assento ao chão: 45 cm ou 46 cm; Largura do
assento: 40 a 43 cm; Profundidade do assento: 38
cm a 40 cm.; Encosto (Largura x Altura): 35 a 39
cm x 36 a 39 cm (arredondado); Características do
Produto: Material da Estrutura: Tubos em aço
20x20; Peso Suportado: 120 Kg. Acabamento:
Pintura eletrostática epóxi; Revestimento/Tecido:
tecido sintético na cor azul marinho; Espuma do
Assento: 35mm a 50mm; Material do Assento:
Madeira compensada ou madeira BP; Espuma do
Encosto: espuma laminada 3 cm ou 4 cm;
Sapatas plásticas para proteger o piso;",295.0,251.0,ARANOUÁ - ANO 5 (10622-4),Luciana Cecilia Brito de Vasconcelos,Jeconias Ferreira dos Santos,Doado,4964.0,2025-02-14,2025-12-10,022-2025
3901,Cadeira,"Cadeira para auditório empilhável: assento e
encosto fixos tapeçados em tecido sintético na cor
azul marinho, pintura epóxi e espuma de alta
qualidade. Confortável e prática, permitindo
empilhar uma em cima da outra para guardar e
otimizar espaço, resistente, pode encaixar
uma na outra e formar uma longarina; não devem
ter braços; a cadeira deverá ser entregue montada
em plenas condições de uso. Especificações:
Dimensões do Produto: Largura: 44 a 49 cm;
Altura: 87 cm a 88 cm; Profundidade: 51 cm a 54
cm, Peso: 7 Kg; Outras medidas: Altura do
assento ao chão: 45 cm ou 46 cm; Largura do
assento: 40 a 43 cm; Profundidade do assento: 38
cm a 40 cm.; Encosto (Largura x Altura): 35 a 39
cm x 36 a 39 cm (arredondado); Características do
Produto: Material da Estrutura: Tubos em aço
20x20; Peso Suportado: 120 Kg. Acabamento:
Pintura eletrostática epóxi; Revestimento/Tecido:
tecido sintético na cor azul marinho; Espuma do
Assento: 35mm a 50mm; Material do Assento:
Madeira compensada ou madeira BP; Espuma do
Encosto: espuma laminada 3 cm ou 4 cm;
Sapatas plásticas para proteger o piso;",295.0,251.0,ARANOUÁ - ANO 5 (10622-4),Luciana Cecilia Brito de Vasconcelos,Jeconias Ferreira dos Santos,Doado,4964.0,2025-02-14,2025-12-10,022-2025
3902,Cadeira,"Cadeira para auditório empilhável: assento e
encosto fixos tapeçados em tecido sintético na cor
azul marinho, pintura epóxi e espuma de alta
qualidade. Confortável e prática, permitindo
empilhar uma em cima da outra para guardar e
otimizar espaço, resistente, pode encaixar
uma na outra e formar uma longarina; não devem
ter braços; a cadeira deverá ser entregue montada
em plenas condições de uso. Especificações:
Dimensões do Produto: Largura: 44 a 49 cm;
Altura: 87 cm a 88 cm; Profundidade: 51 cm a 54
cm, Peso: 7 Kg; Outras medidas: Altura do
assento ao chão: 45 cm ou 46 cm; Largura do
assento: 40 a 43 cm; Profundidade do assento: 38
cm a 40 cm.; Encosto (Largura x Altura): 35 a 39
cm x 36 a 39 cm (arredondado); Características do
Produto: Material da Estrutura: Tubos em aço
20x20; Peso Suportado: 120 Kg. Acabamento:
Pintura eletrostática epóxi; Revestimento/Tecido:
tecido sintético na cor azul marinho; Espuma do
Assento: 35mm a 50mm; Material do Assento:
Madeira compensada ou madeira BP; Espuma do
Encosto: espuma laminada 3 cm ou 4 cm;
Sapatas plásticas para proteger o piso;",295.0,251.0,ARANOUÁ - ANO 5 (10622-4),Luciana Cecilia Brito de Vasconcelos,Jeconias Ferreira dos Santos,Doado,4964.0,2025-02-14,2025-12-10,022-2025
3903,Cadeira,"Cadeira para auditório empilhável: assento e
encosto fixos tapeçados em tecido sintético na cor
azul marinho, pintura epóxi e espuma de alta
qualidade. Confortável e prática, permitindo
empilhar uma em cima da outra para guardar e
otimizar espaço, resistente, pode encaixar
uma na outra e formar uma longarina; não devem
ter braços; a cadeira deverá ser entregue montada
em plenas condições de uso. Especificações:
Dimensões do Produto: Largura: 44 a 49 cm;
Altura: 87 cm a 88 cm; Profundidade: 51 cm a 54
cm, Peso: 7 Kg; Outras medidas: Altura do
assento ao chão: 45 cm ou 46 cm; Largura do
assento: 40 a 43 cm; Profundidade do assento: 38
cm a 40 cm.; Encosto (Largura x Altura): 35 a 39
cm x 36 a 39 cm (arredondado); Características do
Produto: Material da Estrutura: Tubos em aço
20x20; Peso Suportado: 120 Kg. Acabamento:
Pintura eletrostática epóxi; Revestimento/Tecido:
tecido sintético na cor azul marinho; Espuma do
Assento: 35mm a 50mm; Material do Assento:
Madeira compensada ou madeira BP; Espuma do
Encosto: espuma laminada 3 cm ou 4 cm;
Sapatas plásticas para proteger o piso;",295.0,251.0,ARANOUÁ - ANO 5 (10622-4),Luciana Cecilia Brito de Vasconcelos,Jeconias Ferreira dos Santos,Doado,4964.0,2025-02-14,2025-12-10,022-2025
3904,Cadeira,"Cadeira para auditório empilhável: assento e
encosto fixos tapeçados em tecido sintético na cor
azul marinho, pintura epóxi e espuma de alta
qualidade. Confortável e prática, permitindo
empilhar uma em cima da outra para guardar e
otimizar espaço, resistente, pode encaixar
uma na outra e formar uma longarina; não devem
ter braços; a cadeira deverá ser entregue montada
em plenas condições de uso. Especificações:
Dimensões do Produto: Largura: 44 a 49 cm;
Altura: 87 cm a 88 cm; Profundidade: 51 cm a 54
cm, Peso: 7 Kg; Outras medidas: Altura do
assento ao chão: 45 cm ou 46 cm; Largura do
assento: 40 a 43 cm; Profundidade do assento: 38
cm a 40 cm.; Encosto (Largura x Altura): 35 a 39
cm x 36 a 39 cm (arredondado); Características do
Produto: Material da Estrutura: Tubos em aço
20x20; Peso Suportado: 120 Kg. Acabamento:
Pintura eletrostática epóxi; Revestimento/Tecido:
tecido sintético na cor azul marinho; Espuma do
Assento: 35mm a 50mm; Material do Assento:
Madeira compensada ou madeira BP; Espuma do
Encosto: espuma laminada 3 cm ou 4 cm;
Sapatas plásticas para proteger o piso;",295.0,251.0,ARANOUÁ - ANO 5 (10622-4),Luciana Cecilia Brito de Vasconcelos,Jeconias Ferreira dos Santos,Doado,4964.0,2025-02-14,2025-12-10,022-2025
3905,Cadeira,"Cadeira para auditório empilhável: assento e
encosto fixos tapeçados em tecido sintético na cor
azul marinho, pintura epóxi e espuma de alta
qualidade. Confortável e prática, permitindo
empilhar uma em cima da outra para guardar e
otimizar espaço, resistente, pode encaixar
uma na outra e formar uma longarina; não devem
ter braços; a cadeira deverá ser entregue montada
em plenas condições de uso. Especificações:
Dimensões do Produto: Largura: 44 a 49 cm;
Altura: 87 cm a 88 cm; Profundidade: 51 cm a 54
cm, Peso: 7 Kg; Outras medidas: Altura do
assento ao chão: 45 cm ou 46 cm; Largura do
assento: 40 a 43 cm; Profundidade do assento: 38
cm a 40 cm.; Encosto (Largura x Altura): 35 a 39
cm x 36 a 39 cm (arredondado); Características do
Produto: Material da Estrutura: Tubos em aço
20x20; Peso Suportado: 120 Kg. Acabamento:
Pintura eletrostática epóxi; Revestimento/Tecido:
tecido sintético na cor azul marinho; Espuma do
Assento: 35mm a 50mm; Material do Assento:
Madeira compensada ou madeira BP; Espuma do
Encosto: espuma laminada 3 cm ou 4 cm;
Sapatas plásticas para proteger o piso;",295.0,251.0,ARANOUÁ - ANO 5 (10622-4),Luciana Cecilia Brito de Vasconcelos,Jeconias Ferreira dos Santos,Doado,4964.0,2025-02-14,2025-12-10,022-2025
3906,Cadeira,"Cadeira para auditório empilhável: assento e
encosto fixos tapeçados em tecido sintético na cor
azul marinho, pintura epóxi e espuma de alta
qualidade. Confortável e prática, permitindo
empilhar uma em cima da outra para guardar e
otimizar espaço, resistente, pode encaixar
uma na outra e formar uma longarina; não devem
ter braços; a cadeira deverá ser entregue montada
em plenas condições de uso. Especificações:
Dimensões do Produto: Largura: 44 a 49 cm;
Altura: 87 cm a 88 cm; Profundidade: 51 cm a 54
cm, Peso: 7 Kg; Outras medidas: Altura do
assento ao chão: 45 cm ou 46 cm; Largura do
assento: 40 a 43 cm; Profundidade do assento: 38
cm a 40 cm.; Encosto (Largura x Altura): 35 a 39
cm x 36 a 39 cm (arredondado); Características do
Produto: Material da Estrutura: Tubos em aço
20x20; Peso Suportado: 120 Kg. Acabamento:
Pintura eletrostática epóxi; Revestimento/Tecido:
tecido sintético na cor azul marinho; Espuma do
Assento: 35mm a 50mm; Material do Assento:
Madeira compensada ou madeira BP; Espuma do
Encosto: espuma laminada 3 cm ou 4 cm;
Sapatas plásticas para proteger o piso;",295.0,251.0,ARANOUÁ - ANO 5 (10622-4),Luciana Cecilia Brito de Vasconcelos,Jeconias Ferreira dos Santos,Doado,4964.0,2025-02-14,2025-12-10,022-2025
3907,Cadeira,"Cadeira para auditório empilhável: assento e
encosto fixos tapeçados em tecido sintético na cor
azul marinho, pintura epóxi e espuma de alta
qualidade. Confortável e prática, permitindo
empilhar uma em cima da outra para guardar e
otimizar espaço, resistente, pode encaixar
uma na outra e formar uma longarina; não devem
ter braços; a cadeira deverá ser entregue montada
em plenas condições de uso. Especificações:
Dimensões do Produto: Largura: 44 a 49 cm;
Altura: 87 cm a 88 cm; Profundidade: 51 cm a 54
cm, Peso: 7 Kg; Outras medidas: Altura do
assento ao chão: 45 cm ou 46 cm; Largura do
assento: 40 a 43 cm; Profundidade do assento: 38
cm a 40 cm.; Encosto (Largura x Altura): 35 a 39
cm x 36 a 39 cm (arredondado); Características do
Produto: Material da Estrutura: Tubos em aço
20x20; Peso Suportado: 120 Kg. Acabamento:
Pintura eletrostática epóxi; Revestimento/Tecido:
tecido sintético na cor azul marinho; Espuma do
Assento: 35mm a 50mm; Material do Assento:
Madeira compensada ou madeira BP; Espuma do
Encosto: espuma laminada 3 cm ou 4 cm;
Sapatas plásticas para proteger o piso;",295.0,251.0,ARANOUÁ - ANO 5 (10622-4),Luciana Cecilia Brito de Vasconcelos,Jeconias Ferreira dos Santos,Doado,4964.0,2025-02-14,2025-12-10,022-2025
3908,Cadeira,"Cadeira para auditório empilhável: assento e
encosto fixos tapeçados em tecido sintético na cor
azul marinho, pintura epóxi e espuma de alta
qualidade. Confortável e prática, permitindo
empilhar uma em cima da outra para guardar e
otimizar espaço, resistente, pode encaixar
uma na outra e formar uma longarina; não devem
ter braços; a cadeira deverá ser entregue montada
em plenas condições de uso. Especificações:
Dimensões do Produto: Largura: 44 a 49 cm;
Altura: 87 cm a 88 cm; Profundidade: 51 cm a 54
cm, Peso: 7 Kg; Outras medidas: Altura do
assento ao chão: 45 cm ou 46 cm; Largura do
assento: 40 a 43 cm; Profundidade do assento: 38
cm a 40 cm.; Encosto (Largura x Altura): 35 a 39
cm x 36 a 39 cm (arredondado); Características do
Produto: Material da Estrutura: Tubos em aço
20x20; Peso Suportado: 120 Kg. Acabamento:
Pintura eletrostática epóxi; Revestimento/Tecido:
tecido sintético na cor azul marinho; Espuma do
Assento: 35mm a 50mm; Material do Assento:
Madeira compensada ou madeira BP; Espuma do
Encosto: espuma laminada 3 cm ou 4 cm;
Sapatas plásticas para proteger o piso;",295.0,251.0,ARANOUÁ - ANO 5 (10622-4),Luciana Cecilia Brito de Vasconcelos,Jeconias Ferreira dos Santos,Doado,4964.0,2025-02-14,2025-12-10,022-2025
3909,Cadeira,"Cadeira para auditório empilhável: assento e
encosto fixos tapeçados em tecido sintético na cor
azul marinho, pintura epóxi e espuma de alta
qualidade. Confortável e prática, permitindo
empilhar uma em cima da outra para guardar e
otimizar espaço, resistente, pode encaixar
uma na outra e formar uma longarina; não devem
ter braços; a cadeira deverá ser entregue montada
em plenas condições de uso. Especificações:
Dimensões do Produto: Largura: 44 a 49 cm;
Altura: 87 cm a 88 cm; Profundidade: 51 cm a 54
cm, Peso: 7 Kg; Outras medidas: Altura do
assento ao chão: 45 cm ou 46 cm; Largura do
assento: 40 a 43 cm; Profundidade do assento: 38
cm a 40 cm.; Encosto (Largura x Altura): 35 a 39
cm x 36 a 39 cm (arredondado); Características do
Produto: Material da Estrutura: Tubos em aço
20x20; Peso Suportado: 120 Kg. Acabamento:
Pintura eletrostática epóxi; Revestimento/Tecido:
tecido sintético na cor azul marinho; Espuma do
Assento: 35mm a 50mm; Material do Assento:
Madeira compensada ou madeira BP; Espuma do
Encosto: espuma laminada 3 cm ou 4 cm;
Sapatas plásticas para proteger o piso;",295.0,251.0,ARANOUÁ - ANO 5 (10622-4),Luciana Cecilia Brito de Vasconcelos,Jeconias Ferreira dos Santos,Doado,4964.0,2025-02-14,2025-12-10,022-2025
3910,Cadeira,"Cadeira para auditório empilhável: assento e
encosto fixos tapeçados em tecido sintético na cor
azul marinho, pintura epóxi e espuma de alta
qualidade. Confortável e prática, permitindo
empilhar uma em cima da outra para guardar e
otimizar espaço, resistente, pode encaixar
uma na outra e formar uma longarina; não devem
ter braços; a cadeira deverá ser entregue montada
em plenas condições de uso. Especificações:
Dimensões do Produto: Largura: 44 a 49 cm;
Altura: 87 cm a 88 cm; Profundidade: 51 cm a 54
cm, Peso: 7 Kg; Outras medidas: Altura do
assento ao chão: 45 cm ou 46 cm; Largura do
assento: 40 a 43 cm; Profundidade do assento: 38
cm a 40 cm.; Encosto (Largura x Altura): 35 a 39
cm x 36 a 39 cm (arredondado); Características do
Produto: Material da Estrutura: Tubos em aço
20x20; Peso Suportado: 120 Kg. Acabamento:
Pintura eletrostática epóxi; Revestimento/Tecido:
tecido sintético na cor azul marinho; Espuma do
Assento: 35mm a 50mm; Material do Assento:
Madeira compensada ou madeira BP; Espuma do
Encosto: espuma laminada 3 cm ou 4 cm;
Sapatas plásticas para proteger o piso;",295.0,251.0,ARANOUÁ - ANO 5 (10622-4),Luciana Cecilia Brito de Vasconcelos,Jeconias Ferreira dos Santos,Doado,4964.0,2025-02-14,2025-12-10,022-2025
3911,Cadeira,"Cadeira para auditório empilhável: assento e
encosto fixos tapeçados em tecido sintético na cor
azul marinho, pintura epóxi e espuma de alta
qualidade. Confortável e prática, permitindo
empilhar uma em cima da outra para guardar e
otimizar espaço, resistente, pode encaixar
uma na outra e formar uma longarina; não devem
ter braços; a cadeira deverá ser entregue montada
em plenas condições de uso. Especificações:
Dimensões do Produto: Largura: 44 a 49 cm;
Altura: 87 cm a 88 cm; Profundidade: 51 cm a 54
cm, Peso: 7 Kg; Outras medidas: Altura do
assento ao chão: 45 cm ou 46 cm; Largura do
assento: 40 a 43 cm; Profundidade do assento: 38
cm a 40 cm.; Encosto (Largura x Altura): 35 a 39
cm x 36 a 39 cm (arredondado); Características do
Produto: Material da Estrutura: Tubos em aço
20x20; Peso Suportado: 120 Kg. Acabamento:
Pintura eletrostática epóxi; Revestimento/Tecido:
tecido sintético na cor azul marinho; Espuma do
Assento: 35mm a 50mm; Material do Assento:
Madeira compensada ou madeira BP; Espuma do
Encosto: espuma laminada 3 cm ou 4 cm;
Sapatas plásticas para proteger o piso;",295.0,251.0,ARANOUÁ - ANO 5 (10622-4),Luciana Cecilia Brito de Vasconcelos,Jeconias Ferreira dos Santos,Doado,4964.0,2025-02-14,2025-12-10,022-2025
3912,Cadeira,"Cadeira para auditório empilhável: assento e
encosto fixos tapeçados em tecido sintético na cor
azul marinho, pintura epóxi e espuma de alta
qualidade. Confortável e prática, permitindo
empilhar uma em cima da outra para guardar e
otimizar espaço, resistente, pode encaixar
uma na outra e formar uma longarina; não devem
ter braços; a cadeira deverá ser entregue montada
em plenas condições de uso. Especificações:
Dimensões do Produto: Largura: 44 a 49 cm;
Altura: 87 cm a 88 cm; Profundidade: 51 cm a 54
cm, Peso: 7 Kg; Outras medidas: Altura do
assento ao chão: 45 cm ou 46 cm; Largura do
assento: 40 a 43 cm; Profundidade do assento: 38
cm a 40 cm.; Encosto (Largura x Altura): 35 a 39
cm x 36 a 39 cm (arredondado); Características do
Produto: Material da Estrutura: Tubos em aço
20x20; Peso Suportado: 120 Kg. Acabamento:
Pintura eletrostática epóxi; Revestimento/Tecido:
tecido sintético na cor azul marinho; Espuma do
Assento: 35mm a 50mm; Material do Assento:
Madeira compensada ou madeira BP; Espuma do
Encosto: espuma laminada 3 cm ou 4 cm;
Sapatas plásticas para proteger o piso;",295.0,251.0,ARANOUÁ - ANO 5 (10622-4),Luciana Cecilia Brito de Vasconcelos,Jeconias Ferreira dos Santos,Doado,4964.0,2025-02-14,2025-12-10,022-2025
3913,Cadeira,"Cadeira para auditório empilhável: assento e
encosto fixos tapeçados em tecido sintético na cor
azul marinho, pintura epóxi e espuma de alta
qualidade. Confortável e prática, permitindo
empilhar uma em cima da outra para guardar e
otimizar espaço, resistente, pode encaixar
uma na outra e formar uma longarina; não devem
ter braços; a cadeira deverá ser entregue montada
em plenas condições de uso. Especificações:
Dimensões do Produto: Largura: 44 a 49 cm;
Altura: 87 cm a 88 cm; Profundidade: 51 cm a 54
cm, Peso: 7 Kg; Outras medidas: Altura do
assento ao chão: 45 cm ou 46 cm; Largura do
assento: 40 a 43 cm; Profundidade do assento: 38
cm a 40 cm.; Encosto (Largura x Altura): 35 a 39
cm x 36 a 39 cm (arredondado); Características do
Produto: Material da Estrutura: Tubos em aço
20x20; Peso Suportado: 120 Kg. Acabamento:
Pintura eletrostática epóxi; Revestimento/Tecido:
tecido sintético na cor azul marinho; Espuma do
Assento: 35mm a 50mm; Material do Assento:
Madeira compensada ou madeira BP; Espuma do
Encosto: espuma laminada 3 cm ou 4 cm;
Sapatas plásticas para proteger o piso;",295.0,251.0,ARANOUÁ - ANO 5 (10622-4),Luciana Cecilia Brito de Vasconcelos,Jeconias Ferreira dos Santos,Doado,4964.0,2025-02-14,2025-12-10,022-2025
3914,Cadeira,"Cadeira para auditório empilhável: assento e
encosto fixos tapeçados em tecido sintético na cor
azul marinho, pintura epóxi e espuma de alta
qualidade. Confortável e prática, permitindo
empilhar uma em cima da outra para guardar e
otimizar espaço, resistente, pode encaixar
uma na outra e formar uma longarina; não devem
ter braços; a cadeira deverá ser entregue montada
em plenas condições de uso. Especificações:
Dimensões do Produto: Largura: 44 a 49 cm;
Altura: 87 cm a 88 cm; Profundidade: 51 cm a 54
cm, Peso: 7 Kg; Outras medidas: Altura do
assento ao chão: 45 cm ou 46 cm; Largura do
assento: 40 a 43 cm; Profundidade do assento: 38
cm a 40 cm.; Encosto (Largura x Altura): 35 a 39
cm x 36 a 39 cm (arredondado); Características do
Produto: Material da Estrutura: Tubos em aço
20x20; Peso Suportado: 120 Kg. Acabamento:
Pintura eletrostática epóxi; Revestimento/Tecido:
tecido sintético na cor azul marinho; Espuma do
Assento: 35mm a 50mm; Material do Assento:
Madeira compensada ou madeira BP; Espuma do
Encosto: espuma laminada 3 cm ou 4 cm;
Sapatas plásticas para proteger o piso;",295.0,251.0,ARANOUÁ - ANO 5 (10622-4),Luciana Cecilia Brito de Vasconcelos,Jeconias Ferreira dos Santos,Doado,4964.0,2025-02-14,2025-12-10,022-2025
3915,Cadeira,"Cadeira para auditório empilhável: assento e
encosto fixos tapeçados em tecido sintético na cor
azul marinho, pintura epóxi e espuma de alta
qualidade. Confortável e prática, permitindo
empilhar uma em cima da outra para guardar e
otimizar espaço, resistente, pode encaixar
uma na outra e formar uma longarina; não devem
ter braços; a cadeira deverá ser entregue montada
em plenas condições de uso. Especificações:
Dimensões do Produto: Largura: 44 a 49 cm;
Altura: 87 cm a 88 cm; Profundidade: 51 cm a 54
cm, Peso: 7 Kg; Outras medidas: Altura do
assento ao chão: 45 cm ou 46 cm; Largura do
assento: 40 a 43 cm; Profundidade do assento: 38
cm a 40 cm.; Encosto (Largura x Altura): 35 a 39
cm x 36 a 39 cm (arredondado); Características do
Produto: Material da Estrutura: Tubos em aço
20x20; Peso Suportado: 120 Kg. Acabamento:
Pintura eletrostática epóxi; Revestimento/Tecido:
tecido sintético na cor azul marinho; Espuma do
Assento: 35mm a 50mm; Material do Assento:
Madeira compensada ou madeira BP; Espuma do
Encosto: espuma laminada 3 cm ou 4 cm;
Sapatas plásticas para proteger o piso;",295.0,251.0,ARANOUÁ - ANO 5 (10622-4),Luciana Cecilia Brito de Vasconcelos,Jeconias Ferreira dos Santos,Doado,4964.0,2025-02-14,2025-12-10,022-2025
3916,Cadeira,"Cadeira para auditório empilhável: assento e
encosto fixos tapeçados em tecido sintético na cor
azul marinho, pintura epóxi e espuma de alta
qualidade. Confortável e prática, permitindo
empilhar uma em cima da outra para guardar e
otimizar espaço, resistente, pode encaixar
uma na outra e formar uma longarina; não devem
ter braços; a cadeira deverá ser entregue montada
em plenas condições de uso. Especificações:
Dimensões do Produto: Largura: 44 a 49 cm;
Altura: 87 cm a 88 cm; Profundidade: 51 cm a 54
cm, Peso: 7 Kg; Outras medidas: Altura do
assento ao chão: 45 cm ou 46 cm; Largura do
assento: 40 a 43 cm; Profundidade do assento: 38
cm a 40 cm.; Encosto (Largura x Altura): 35 a 39
cm x 36 a 39 cm (arredondado); Características do
Produto: Material da Estrutura: Tubos em aço
20x20; Peso Suportado: 120 Kg. Acabamento:
Pintura eletrostática epóxi; Revestimento/Tecido:
tecido sintético na cor azul marinho; Espuma do
Assento: 35mm a 50mm; Material do Assento:
Madeira compensada ou madeira BP; Espuma do
Encosto: espuma laminada 3 cm ou 4 cm;
Sapatas plásticas para proteger o piso;",295.0,251.0,ARANOUÁ - ANO 5 (10622-4),Luciana Cecilia Brito de Vasconcelos,Jeconias Ferreira dos Santos,Doado,4964.0,2025-02-14,2025-12-10,022-2025
3917,Cadeira,"Cadeira para auditório empilhável: assento e
encosto fixos tapeçados em tecido sintético na cor
azul marinho, pintura epóxi e espuma de alta
qualidade. Confortável e prática, permitindo
empilhar uma em cima da outra para guardar e
otimizar espaço, resistente, pode encaixar
uma na outra e formar uma longarina; não devem
ter braços; a cadeira deverá ser entregue montada
em plenas condições de uso. Especificações:
Dimensões do Produto: Largura: 44 a 49 cm;
Altura: 87 cm a 88 cm; Profundidade: 51 cm a 54
cm, Peso: 7 Kg; Outras medidas: Altura do
assento ao chão: 45 cm ou 46 cm; Largura do
assento: 40 a 43 cm; Profundidade do assento: 38
cm a 40 cm.; Encosto (Largura x Altura): 35 a 39
cm x 36 a 39 cm (arredondado); Características do
Produto: Material da Estrutura: Tubos em aço
20x20; Peso Suportado: 120 Kg. Acabamento:
Pintura eletrostática epóxi; Revestimento/Tecido:
tecido sintético na cor azul marinho; Espuma do
Assento: 35mm a 50mm; Material do Assento:
Madeira compensada ou madeira BP; Espuma do
Encosto: espuma laminada 3 cm ou 4 cm;
Sapatas plásticas para proteger o piso;",295.0,251.0,ARANOUÁ - ANO 5 (10622-4),Luciana Cecilia Brito de Vasconcelos,Jeconias Ferreira dos Santos,Doado,4964.0,2025-02-14,2025-12-10,022-2025
3918,Cadeira,"Cadeira para auditório empilhável: assento e
encosto fixos tapeçados em tecido sintético na cor
azul marinho, pintura epóxi e espuma de alta
qualidade. Confortável e prática, permitindo
empilhar uma em cima da outra para guardar e
otimizar espaço, resistente, pode encaixar
uma na outra e formar uma longarina; não devem
ter braços; a cadeira deverá ser entregue montada
em plenas condições de uso. Especificações:
Dimensões do Produto: Largura: 44 a 49 cm;
Altura: 87 cm a 88 cm; Profundidade: 51 cm a 54
cm, Peso: 7 Kg; Outras medidas: Altura do
assento ao chão: 45 cm ou 46 cm; Largura do
assento: 40 a 43 cm; Profundidade do assento: 38
cm a 40 cm.; Encosto (Largura x Altura): 35 a 39
cm x 36 a 39 cm (arredondado); Características do
Produto: Material da Estrutura: Tubos em aço
20x20; Peso Suportado: 120 Kg. Acabamento:
Pintura eletrostática epóxi; Revestimento/Tecido:
tecido sintético na cor azul marinho; Espuma do
Assento: 35mm a 50mm; Material do Assento:
Madeira compensada ou madeira BP; Espuma do
Encosto: espuma laminada 3 cm ou 4 cm;
Sapatas plásticas para proteger o piso;",295.0,251.0,ARANOUÁ - ANO 5 (10622-4),Luciana Cecilia Brito de Vasconcelos,Jeconias Ferreira dos Santos,Doado,4964.0,2025-02-14,2025-12-10,022-2025
3919,Cadeira,"Cadeira para auditório empilhável: assento e
encosto fixos tapeçados em tecido sintético na cor
azul marinho, pintura epóxi e espuma de alta
qualidade. Confortável e prática, permitindo
empilhar uma em cima da outra para guardar e
otimizar espaço, resistente, pode encaixar
uma na outra e formar uma longarina; não devem
ter braços; a cadeira deverá ser entregue montada
em plenas condições de uso. Especificações:
Dimensões do Produto: Largura: 44 a 49 cm;
Altura: 87 cm a 88 cm; Profundidade: 51 cm a 54
cm, Peso: 7 Kg; Outras medidas: Altura do
assento ao chão: 45 cm ou 46 cm; Largura do
assento: 40 a 43 cm; Profundidade do assento: 38
cm a 40 cm.; Encosto (Largura x Altura): 35 a 39
cm x 36 a 39 cm (arredondado); Características do
Produto: Material da Estrutura: Tubos em aço
20x20; Peso Suportado: 120 Kg. Acabamento:
Pintura eletrostática epóxi; Revestimento/Tecido:
tecido sintético na cor azul marinho; Espuma do
Assento: 35mm a 50mm; Material do Assento:
Madeira compensada ou madeira BP; Espuma do
Encosto: espuma laminada 3 cm ou 4 cm;
Sapatas plásticas para proteger o piso;",295.0,251.0,ARANOUÁ - ANO 5 (10622-4),Luciana Cecilia Brito de Vasconcelos,Jeconias Ferreira dos Santos,Doado,4964.0,2025-02-14,2025-12-10,022-2025
3920,Cadeira,"Cadeira para auditório empilhável: assento e
encosto fixos tapeçados em tecido sintético na cor
azul marinho, pintura epóxi e espuma de alta
qualidade. Confortável e prática, permitindo
empilhar uma em cima da outra para guardar e
otimizar espaço, resistente, pode encaixar
uma na outra e formar uma longarina; não devem
ter braços; a cadeira deverá ser entregue montada
em plenas condições de uso. Especificações:
Dimensões do Produto: Largura: 44 a 49 cm;
Altura: 87 cm a 88 cm; Profundidade: 51 cm a 54
cm, Peso: 7 Kg; Outras medidas: Altura do
assento ao chão: 45 cm ou 46 cm; Largura do
assento: 40 a 43 cm; Profundidade do assento: 38
cm a 40 cm.; Encosto (Largura x Altura): 35 a 39
cm x 36 a 39 cm (arredondado); Características do
Produto: Material da Estrutura: Tubos em aço
20x20; Peso Suportado: 120 Kg. Acabamento:
Pintura eletrostática epóxi; Revestimento/Tecido:
tecido sintético na cor azul marinho; Espuma do
Assento: 35mm a 50mm; Material do Assento:
Madeira compensada ou madeira BP; Espuma do
Encosto: espuma laminada 3 cm ou 4 cm;
Sapatas plásticas para proteger o piso;",295.0,251.0,ARANOUÁ - ANO 5 (10622-4),Luciana Cecilia Brito de Vasconcelos,Jeconias Ferreira dos Santos,Doado,4964.0,2025-02-14,2025-12-10,022-2025
3921,Cadeira,"Cadeira para auditório empilhável: assento e
encosto fixos tapeçados em tecido sintético na cor
azul marinho, pintura epóxi e espuma de alta
qualidade. Confortável e prática, permitindo
empilhar uma em cima da outra para guardar e
otimizar espaço, resistente, pode encaixar
uma na outra e formar uma longarina; não devem
ter braços; a cadeira deverá ser entregue montada
em plenas condições de uso. Especificações:
Dimensões do Produto: Largura: 44 a 49 cm;
Altura: 87 cm a 88 cm; Profundidade: 51 cm a 54
cm, Peso: 7 Kg; Outras medidas: Altura do
assento ao chão: 45 cm ou 46 cm; Largura do
assento: 40 a 43 cm; Profundidade do assento: 38
cm a 40 cm.; Encosto (Largura x Altura): 35 a 39
cm x 36 a 39 cm (arredondado); Características do
Produto: Material da Estrutura: Tubos em aço
20x20; Peso Suportado: 120 Kg. Acabamento:
Pintura eletrostática epóxi; Revestimento/Tecido:
tecido sintético na cor azul marinho; Espuma do
Assento: 35mm a 50mm; Material do Assento:
Madeira compensada ou madeira BP; Espuma do
Encosto: espuma laminada 3 cm ou 4 cm;
Sapatas plásticas para proteger o piso;",295.0,251.0,ARANOUÁ - ANO 5 (10622-4),Luciana Cecilia Brito de Vasconcelos,Jeconias Ferreira dos Santos,Doado,4964.0,2025-02-14,2025-12-10,022-2025
3922,Computador Notebook,"Notebook com requisitos mínimos: tamanho de 14”; processador INTEL CORE I7 ou Geração mais atual,
armazenamento mínimo de 512 GB SSD, Memória RAM de 16 GB, com placa de vídeo (referência) Intel Arc Graphics ou similar.",4499.9,251.0,ARANOUÁ - ANO 5 (10622-4),Luciana Cecilia Brito de Vasconcelos,Jeconias Ferreira dos Santos,Doado,81464.0,2025-01-16,2025-12-10,022-2025
3923,Computador Notebook,"Notebook com requisitos mínimos: tamanho de 14”; processador INTEL CORE I7 ou Geração mais atual,
armazenamento mínimo de 512 GB SSD, Memória RAM de 16 GB, com placa de vídeo (referência) Intel Arc Graphics ou similar.",4499.9,251.0,ARANOUÁ - ANO 5 (10622-4),Luciana Cecilia Brito de Vasconcelos,Jeconias Ferreira dos Santos,Doado,81464.0,2025-01-16,2025-12-10,022-2025
3924,Computador Notebook,"Notebook com requisitos mínimos: tamanho de 14”; processador INTEL CORE I7 ou Geração mais atual,
armazenamento mínimo de 512 GB SSD, Memória RAM de 16 GB, com placa de vídeo (referência) Intel Arc Graphics ou similar.",4499.9,251.0,ARANOUÁ - ANO 5 (10622-4),Luciana Cecilia Brito de Vasconcelos,Jeconias Ferreira dos Santos,Doado,81464.0,2025-01-16,2025-12-10,022-2025
3925,Computador Notebook,"Notebook com requisitos mínimos: tamanho de 14”; processador INTEL CORE I7 ou Geração mais atual,
armazenamento mínimo de 512 GB SSD, Memória RAM de 16 GB, com placa de vídeo (referência) Intel Arc Graphics ou similar.",4499.9,251.0,ARANOUÁ - ANO 5 (10622-4),Luciana Cecilia Brito de Vasconcelos,Jeconias Ferreira dos Santos,Doado,81464.0,2025-01-16,2025-12-10,022-2025
3926,Computador Notebook,"Notebook com requisitos mínimos: tamanho de 14”; processador INTEL CORE I7 ou Geração mais atual,
armazenamento mínimo de 512 GB SSD, Memória RAM de 16 GB, com placa de vídeo (referência) Intel Arc Graphics ou similar.",4499.9,251.0,ARANOUÁ - ANO 5 (10622-4),Luciana Cecilia Brito de Vasconcelos,Jeconias Ferreira dos Santos,Doado,81464.0,2025-01-16,2025-12-10,022-2025
3927,Computador Notebook,"Notebook com requisitos mínimos: tamanho de 14”; processador INTEL CORE I7 ou Geração mais atual,
armazenamento mínimo de 512 GB SSD, Memória RAM de 16 GB, com placa de vídeo (referência) Intel Arc Graphics ou similar.",4499.9,251.0,ARANOUÁ - ANO 5 (10622-4),Luciana Cecilia Brito de Vasconcelos,Jeconias Ferreira dos Santos,Doado,81464.0,2025-01-16,2025-12-10,022-2025
3928,Computador Notebook,"Notebook com requisitos mínimos: tamanho de 14”; processador INTEL CORE I7 ou Geração mais atual,
armazenamento mínimo de 512 GB SSD, Memória RAM de 16 GB, com placa de vídeo (referência) Intel Arc Graphics ou similar.",4499.9,251.0,ARANOUÁ - ANO 5 (10622-4),Luciana Cecilia Brito de Vasconcelos,Jeconias Ferreira dos Santos,Doado,81464.0,2025-01-16,2025-12-10,022-2025
3929,Computador Notebook,"Notebook com requisitos mínimos: tamanho de 14”; processador INTEL CORE I7 ou Geração mais atual,
armazenamento mínimo de 512 GB SSD, Memória RAM de 16 GB, com placa de vídeo (referência) Intel Arc Graphics ou similar.",4499.9,251.0,ARANOUÁ - ANO 5 (10622-4),Luciana Cecilia Brito de Vasconcelos,Jeconias Ferreira dos Santos,Doado,81464.0,2025-01-16,2025-12-10,022-2025
3930,Computador Notebook,"Notebook com requisitos mínimos: tamanho de 14”; processador INTEL CORE I7 ou Geração mais atual,
armazenamento mínimo de 512 GB SSD, Memória RAM de 16 GB, com placa de vídeo (referência) Intel Arc Graphics ou similar.",4499.9,251.0,ARANOUÁ - ANO 5 (10622-4),Luciana Cecilia Brito de Vasconcelos,Jeconias Ferreira dos Santos,Doado,81464.0,2025-01-16,2025-12-10,022-2025
3931,Computador Notebook,"Notebook com requisitos mínimos: tamanho de 14”; processador INTEL CORE I7 ou Geração mais atual,
armazenamento mínimo de 512 GB SSD, Memória RAM de 16 GB, com placa de vídeo (referência) Intel Arc Graphics ou similar.",4499.9,251.0,ARANOUÁ - ANO 5 (10622-4),Luciana Cecilia Brito de Vasconcelos,Jeconias Ferreira dos Santos,Doado,81464.0,2025-01-16,2025-12-10,022-2025
3932,Computador Notebook,"Notebook com requisitos mínimos: tamanho de 14”; processador INTEL CORE I7 ou Geração mais atual,
armazenamento mínimo de 512 GB SSD, Memória RAM de 16 GB, com placa de vídeo (referência) Intel Arc Graphics ou similar.",4499.9,251.0,ARANOUÁ - ANO 5 (10622-4),Luciana Cecilia Brito de Vasconcelos,Jeconias Ferreira dos Santos,Doado,81464.0,2025-01-16,2025-12-10,022-2025
3933,Computador Notebook,"Notebook com requisitos mínimos: tamanho de 14”; processador INTEL CORE I7 ou Geração mais atual,
armazenamento mínimo de 512 GB SSD, Memória RAM de 16 GB, com placa de vídeo (referência) Intel Arc Graphics ou similar.",4499.9,251.0,ARANOUÁ - ANO 5 (10622-4),Luciana Cecilia Brito de Vasconcelos,Jeconias Ferreira dos Santos,Doado,81464.0,2025-01-16,2025-12-10,022-2025
3934,Computador Notebook,"Notebook com requisitos mínimos: tamanho de 14”; processador INTEL CORE I7 ou Geração mais atual,
armazenamento mínimo de 512 GB SSD, Memória RAM de 16 GB, com placa de vídeo (referência) Intel Arc Graphics ou similar.",4499.9,251.0,ARANOUÁ - ANO 5 (10622-4),Luciana Cecilia Brito de Vasconcelos,Jeconias Ferreira dos Santos,Doado,81464.0,2025-01-16,2025-12-10,022-2025
3935,Computador Notebook,"Notebook com requisitos mínimos: tamanho de 14”; processador INTEL CORE I7 ou Geração mais atual,
armazenamento mínimo de 512 GB SSD, Memória RAM de 16 GB, com placa de vídeo (referência) Intel Arc Graphics ou similar.",4499.9,251.0,ARANOUÁ - ANO 5 (10622-4),Luciana Cecilia Brito de Vasconcelos,Jeconias Ferreira dos Santos,Doado,81464.0,2025-01-16,2025-12-10,022-2025
3936,Computador Notebook,"Notebook com requisitos mínimos: tamanho de 14”; processador INTEL CORE I7 ou Geração mais atual,
armazenamento mínimo de 512 GB SSD, Memória RAM de 16 GB, com placa de vídeo (referência) Intel Arc Graphics ou similar.",4499.9,251.0,ARANOUÁ - ANO 5 (10622-4),Luciana Cecilia Brito de Vasconcelos,Jeconias Ferreira dos Santos,Doado,81464.0,2025-01-16,2025-12-10,022-2025
3937,Computador Notebook,"Notebook com requisitos mínimos: tamanho de 14”; processador INTEL CORE I7 ou Geração mais atual,
armazenamento mínimo de 512 GB SSD, Memória RAM de 16 GB, com placa de vídeo (referência) Intel Arc Graphics ou similar.",4499.9,251.0,ARANOUÁ - ANO 5 (10622-4),Luciana Cecilia Brito de Vasconcelos,Jeconias Ferreira dos Santos,Doado,81464.0,2025-01-16,2025-12-10,022-2025
3938,Computador Notebook,"Notebook com requisitos mínimos: tamanho de 14”; processador INTEL CORE I7 ou Geração mais atual,
armazenamento mínimo de 512 GB SSD, Memória RAM de 16 GB, com placa de vídeo (referência) Intel Arc Graphics ou similar.",4499.9,251.0,ARANOUÁ - ANO 5 (10622-4),Luciana Cecilia Brito de Vasconcelos,Jeconias Ferreira dos Santos,Doado,81464.0,2025-01-16,2025-12-10,022-2025
3939,Computador Notebook,"Notebook com requisitos mínimos: tamanho de 14”; processador INTEL CORE I7 ou Geração mais atual,
armazenamento mínimo de 512 GB SSD, Memória RAM de 16 GB, com placa de vídeo (referência) Intel Arc Graphics ou similar.",4499.9,251.0,ARANOUÁ - ANO 5 (10622-4),Luciana Cecilia Brito de Vasconcelos,Jeconias Ferreira dos Santos,Doado,81464.0,2025-01-16,2025-12-10,022-2025
3940,Computador Notebook,"Notebook com requisitos mínimos: tamanho de 14”; processador INTEL CORE I7 ou Geração mais atual,
armazenamento mínimo de 512 GB SSD, Memória RAM de 16 GB, com placa de vídeo (referência) Intel Arc Graphics ou similar.",4499.9,251.0,ARANOUÁ - ANO 5 (10622-4),Luciana Cecilia Brito de Vasconcelos,Jeconias Ferreira dos Santos,Doado,81464.0,2025-01-16,2025-12-10,022-2025
3941,Computador Notebook,"Notebook com requisitos mínimos: tamanho de 14”; processador INTEL CORE I7 ou Geração mais atual,
armazenamento mínimo de 512 GB SSD, Memória RAM de 16 GB, com placa de vídeo (referência) Intel Arc Graphics ou similar.",4499.9,251.0,ARANOUÁ - ANO 5 (10622-4),Luciana Cecilia Brito de Vasconcelos,Jeconias Ferreira dos Santos,Doado,81464.0,2025-01-16,2025-12-10,022-2025
3942,Computador Notebook,"Notebook com requisitos mínimos: tamanho de 14”; processador INTEL CORE I7 ou Geração mais atual,
armazenamento mínimo de 512 GB SSD, Memória RAM de 16 GB, com placa de vídeo (referência) Intel Arc Graphics ou similar.",4499.9,251.0,ARANOUÁ - ANO 5 (10622-4),Luciana Cecilia Brito de Vasconcelos,Jeconias Ferreira dos Santos,Doado,81464.0,2025-01-16,2025-12-10,022-2025
3943,Computador Notebook,"Notebook com requisitos mínimos: tamanho de 14”; processador INTEL CORE I7 ou Geração mais atual,
armazenamento mínimo de 512 GB SSD, Memória RAM de 16 GB, com placa de vídeo (referência) Intel Arc Graphics ou similar.",4499.9,251.0,ARANOUÁ - ANO 5 (10622-4),Luciana Cecilia Brito de Vasconcelos,Jeconias Ferreira dos Santos,Doado,81464.0,2025-01-16,2025-12-10,022-2025
3944,Computador Notebook,"Notebook com requisitos mínimos: tamanho de 14”; processador INTEL CORE I7 ou Geração mais atual,
armazenamento mínimo de 512 GB SSD, Memória RAM de 16 GB, com placa de vídeo (referência) Intel Arc Graphics ou similar.",4499.9,251.0,ARANOUÁ - ANO 5 (10622-4),Luciana Cecilia Brito de Vasconcelos,Jeconias Ferreira dos Santos,Doado,81464.0,2025-01-16,2025-12-10,022-2025
3945,Computador Notebook,"Notebook com requisitos mínimos: tamanho de 14”; processador INTEL CORE I7 ou Geração mais atual,
armazenamento mínimo de 512 GB SSD, Memória RAM de 16 GB, com placa de vídeo (referência) Intel Arc Graphics ou similar.",4499.9,251.0,ARANOUÁ - ANO 5 (10622-4),Luciana Cecilia Brito de Vasconcelos,Jeconias Ferreira dos Santos,Doado,81464.0,2025-01-16,2025-12-10,022-2025
3946,Computador Notebook,"Notebook com requisitos mínimos: tamanho de 14”; processador INTEL CORE I7 ou Geração mais atual,
armazenamento mínimo de 512 GB SSD, Memória RAM de 16 GB, com placa de vídeo (referência) Intel Arc Graphics ou similar.",4499.9,251.0,ARANOUÁ - ANO 5 (10622-4),Luciana Cecilia Brito de Vasconcelos,Jeconias Ferreira dos Santos,Doado,81464.0,2025-01-16,2025-12-10,022-2025
3947,Computador Notebook,"Notebook com requisitos mínimos: tamanho de 14”; processador INTEL CORE I7 ou Geração mais atual,
armazenamento mínimo de 512 GB SSD, Memória RAM de 16 GB, com placa de vídeo (referência) Intel Arc Graphics ou similar.",4499.9,251.0,ARANOUÁ - ANO 5 (10622-4),Luciana Cecilia Brito de Vasconcelos,Jeconias Ferreira dos Santos,Doado,81464.0,2025-01-16,2025-12-10,022-2025
3948,Computador Notebook,"Notebook com requisitos mínimos: tamanho de 14”; processador INTEL CORE I7 ou Geração mais atual,
armazenamento mínimo de 512 GB SSD, Memória RAM de 16 GB, com placa de vídeo (referência) Intel Arc Graphics ou similar.",4499.9,251.0,ARANOUÁ - ANO 5 (10622-4),Luciana Cecilia Brito de Vasconcelos,Jeconias Ferreira dos Santos,Doado,81464.0,2025-01-16,2025-12-10,022-2025
3949,Computador Notebook,"Notebook com requisitos mínimos: tamanho de 14”; processador INTEL CORE I7 ou Geração mais atual,
armazenamento mínimo de 512 GB SSD, Memória RAM de 16 GB, com placa de vídeo (referência) Intel Arc Graphics ou similar.",4499.9,251.0,ARANOUÁ - ANO 5 (10622-4),Luciana Cecilia Brito de Vasconcelos,Jeconias Ferreira dos Santos,Doado,81464.0,2025-01-16,2025-12-10,022-2025
3950,Computador Notebook,"Notebook com requisitos mínimos: tamanho de 14”; processador INTEL CORE I7 ou Geração mais atual,
armazenamento mínimo de 512 GB SSD, Memória RAM de 16 GB, com placa de vídeo (referência) Intel Arc Graphics ou similar.",4499.9,251.0,ARANOUÁ - ANO 5 (10622-4),Luciana Cecilia Brito de Vasconcelos,Jeconias Ferreira dos Santos,Doado,81464.0,2025-01-16,2025-12-10,022-2025
3951,Computador Notebook,"Notebook com requisitos mínimos: tamanho de 14”; processador INTEL CORE I7 ou Geração mais atual,
armazenamento mínimo de 512 GB SSD, Memória RAM de 16 GB, com placa de vídeo (referência) Intel Arc Graphics ou similar.",4499.9,251.0,ARANOUÁ - ANO 5 (10622-4),Luciana Cecilia Brito de Vasconcelos,Jeconias Ferreira dos Santos,Doado,81464.0,2025-01-16,2025-12-10,022-2025
3952,Monitor  24,"Monitor para computador, tipo LED com 24”, full HD 1920x 1080 pixels, com proporção de tela 16:9; com entradas HDMI e Taxa de Atualização de 75Hz",749.95,251.0,ARANOUÁ - ANO 5 (10622-4),Luciana Cecilia Brito de Vasconcelos,Jeconias Ferreira dos Santos,Doado,49683.0,2025-01-09,2025-12-10,022-2025
3953,Monitor  24,"Monitor para computador, tipo LED com 24”, full HD 1920x 1080 pixels, com proporção de tela 16:9; com entradas HDMI e Taxa de Atualização de 75Hz",749.95,251.0,ARANOUÁ - ANO 5 (10622-4),Luciana Cecilia Brito de Vasconcelos,Jeconias Ferreira dos Santos,Doado,49683.0,2025-01-09,2025-12-10,022-2025
3954,Monitor  24,"Monitor para computador, tipo LED com 24”, full HD 1920x 1080 pixels, com proporção de tela 16:9; com entradas HDMI e Taxa de Atualização de 75Hz",749.95,251.0,ARANOUÁ - ANO 5 (10622-4),Luciana Cecilia Brito de Vasconcelos,Jeconias Ferreira dos Santos,Doado,49683.0,2025-01-09,2025-12-10,022-2025
3955,Monitor  24,"Monitor para computador, tipo LED com 24”, full HD 1920x 1080 pixels, com proporção de tela 16:9; com entradas HDMI e Taxa de Atualização de 75Hz",749.95,251.0,ARANOUÁ - ANO 5 (10622-4),Luciana Cecilia Brito de Vasconcelos,Jeconias Ferreira dos Santos,Doado,49683.0,2025-01-09,2025-12-10,022-2025
3956,Monitor  24,"Monitor para computador, tipo LED com 24”, full HD 1920x 1080 pixels, com proporção de tela 16:9; com entradas HDMI e Taxa de Atualização de 75Hz",749.95,251.0,ARANOUÁ - ANO 5 (10622-4),Luciana Cecilia Brito de Vasconcelos,Jeconias Ferreira dos Santos,Doado,49683.0,2025-01-09,2025-12-10,022-2025
3957,Monitor  24,"Monitor para computador, tipo LED com 24”, full HD 1920x 1080 pixels, com proporção de tela 16:9; com entradas HDMI e Taxa de Atualização de 75Hz",749.95,251.0,ARANOUÁ - ANO 5 (10622-4),Luciana Cecilia Brito de Vasconcelos,Jeconias Ferreira dos Santos,Doado,49683.0,2025-01-09,2025-12-10,022-2025
3958,Monitor  24,"Monitor para computador, tipo LED com 24”, full HD 1920x 1080 pixels, com proporção de tela 16:9; com entradas HDMI e Taxa de Atualização de 75Hz",749.95,251.0,ARANOUÁ - ANO 5 (10622-4),Luciana Cecilia Brito de Vasconcelos,Jeconias Ferreira dos Santos,Doado,49683.0,2025-01-09,2025-12-10,022-2025
3959,Monitor  24,"Monitor para computador, tipo LED com 24”, full HD 1920x 1080 pixels, com proporção de tela 16:9; com entradas HDMI e Taxa de Atualização de 75Hz",749.95,251.0,ARANOUÁ - ANO 5 (10622-4),Luciana Cecilia Brito de Vasconcelos,Jeconias Ferreira dos Santos,Doado,49683.0,2025-01-09,2025-12-10,022-2025
3960,Monitor  24,"Monitor para computador, tipo LED com 24”, full HD 1920x 1080 pixels, com proporção de tela 16:9; com entradas HDMI e Taxa de Atualização de 75Hz",749.95,251.0,ARANOUÁ - ANO 5 (10622-4),Luciana Cecilia Brito de Vasconcelos,Jeconias Ferreira dos Santos,Doado,49683.0,2025-01-09,2025-12-10,022-2025
3961,Monitor  24,"Monitor para computador, tipo LED com 24”, full HD 1920x 1080 pixels, com proporção de tela 16:9; com entradas HDMI e Taxa de Atualização de 75Hz",749.95,251.0,ARANOUÁ - ANO 5 (10622-4),Luciana Cecilia Brito de Vasconcelos,Jeconias Ferreira dos Santos,Doado,49683.0,2025-01-09,2025-12-10,022-2025
3962,Monitor  24,"Monitor para computador, tipo LED com 24”, full HD 1920x 1080 pixels, com proporção de tela 16:9; com entradas HDMI e Taxa de Atualização de 75Hz",749.95,251.0,ARANOUÁ - ANO 5 (10622-4),Luciana Cecilia Brito de Vasconcelos,Jeconias Ferreira dos Santos,Doado,49683.0,2025-01-09,2025-12-10,022-2025
3963,Monitor  24,"Monitor para computador, tipo LED com 24”, full HD 1920x 1080 pixels, com proporção de tela 16:9; com entradas HDMI e Taxa de Atualização de 75Hz",749.95,251.0,ARANOUÁ - ANO 5 (10622-4),Luciana Cecilia Brito de Vasconcelos,Jeconias Ferreira dos Santos,Doado,49683.0,2025-01-09,2025-12-10,022-2025
3964,Monitor  24,"Monitor para computador, tipo LED com 24”, full HD 1920x 1080 pixels, com proporção de tela 16:9; com entradas HDMI e Taxa de Atualização de 75Hz",749.95,251.0,ARANOUÁ - ANO 5 (10622-4),Luciana Cecilia Brito de Vasconcelos,Jeconias Ferreira dos Santos,Doado,49683.0,2025-01-09,2025-12-10,022-2025
3965,Monitor  24,"Monitor para computador, tipo LED com 24”, full HD 1920x 1080 pixels, com proporção de tela 16:9; com entradas HDMI e Taxa de Atualização de 75Hz",749.95,251.0,ARANOUÁ - ANO 5 (10622-4),Luciana Cecilia Brito de Vasconcelos,Jeconias Ferreira dos Santos,Doado,49683.0,2025-01-09,2025-12-10,022-2025
3966,Monitor  24,"Monitor para computador, tipo LED com 24”, full HD 1920x 1080 pixels, com proporção de tela 16:9; com entradas HDMI e Taxa de Atualização de 75Hz",749.95,251.0,ARANOUÁ - ANO 5 (10622-4),Luciana Cecilia Brito de Vasconcelos,Jeconias Ferreira dos Santos,Doado,49683.0,2025-01-09,2025-12-10,022-2025
3967,Monitor  24,"Monitor para computador, tipo LED com 24”, full HD 1920x 1080 pixels, com proporção de tela 16:9; com entradas HDMI e Taxa de Atualização de 75Hz",749.95,251.0,ARANOUÁ - ANO 5 (10622-4),Luciana Cecilia Brito de Vasconcelos,Jeconias Ferreira dos Santos,Doado,49683.0,2025-01-09,2025-12-10,022-2025
3968,Monitor  24,"Monitor para computador, tipo LED com 24”, full HD 1920x 1080 pixels, com proporção de tela 16:9; com entradas HDMI e Taxa de Atualização de 75Hz",749.95,251.0,ARANOUÁ - ANO 5 (10622-4),Luciana Cecilia Brito de Vasconcelos,Jeconias Ferreira dos Santos,Doado,49683.0,2025-01-09,2025-12-10,022-2025
3969,Monitor  24,"Monitor para computador, tipo LED com 24”, full HD 1920x 1080 pixels, com proporção de tela 16:9; com entradas HDMI e Taxa de Atualização de 75Hz",749.95,251.0,ARANOUÁ - ANO 5 (10622-4),Luciana Cecilia Brito de Vasconcelos,Jeconias Ferreira dos Santos,Doado,49683.0,2025-01-09,2025-12-10,022-2025
3970,Monitor  24,"Monitor para computador, tipo LED com 24”, full HD 1920x 1080 pixels, com proporção de tela 16:9; com entradas HDMI e Taxa de Atualização de 75Hz",749.95,251.0,ARANOUÁ - ANO 5 (10622-4),Luciana Cecilia Brito de Vasconcelos,Jeconias Ferreira dos Santos,Doado,49683.0,2025-01-09,2025-12-10,022-2025
3971,Monitor  24,"Monitor para computador, tipo LED com 24”, full HD 1920x 1080 pixels, com proporção de tela 16:9; com entradas HDMI e Taxa de Atualização de 75Hz",749.95,251.0,ARANOUÁ - ANO 5 (10622-4),Luciana Cecilia Brito de Vasconcelos,Jeconias Ferreira dos Santos,Doado,49683.0,2025-01-09,2025-12-10,022-2025
3972,Monitor  24,"Monitor para computador, tipo LED com 24”, full HD 1920x 1080 pixels, com proporção de tela 16:9; com entradas HDMI e Taxa de Atualização de 75Hz",749.95,251.0,ARANOUÁ - ANO 5 (10622-4),Luciana Cecilia Brito de Vasconcelos,Jeconias Ferreira dos Santos,Doado,49683.0,2025-01-09,2025-12-10,022-2025
3973,Monitor  24,"Monitor para computador, tipo LED com 24”, full HD 1920x 1080 pixels, com proporção de tela 16:9; com entradas HDMI e Taxa de Atualização de 75Hz",749.95,251.0,ARANOUÁ - ANO 5 (10622-4),Luciana Cecilia Brito de Vasconcelos,Jeconias Ferreira dos Santos,Doado,49683.0,2025-01-09,2025-12-10,022-2025
3974,Monitor  24,"Monitor para computador, tipo LED com 24”, full HD 1920x 1080 pixels, com proporção de tela 16:9; com entradas HDMI e Taxa de Atualização de 75Hz",749.95,251.0,ARANOUÁ - ANO 5 (10622-4),Luciana Cecilia Brito de Vasconcelos,Jeconias Ferreira dos Santos,Doado,49683.0,2025-01-09,2025-12-10,022-2025
3975,Monitor  24,"Monitor para computador, tipo LED com 24”, full HD 1920x 1080 pixels, com proporção de tela 16:9; com entradas HDMI e Taxa de Atualização de 75Hz",749.95,251.0,ARANOUÁ - ANO 5 (10622-4),Luciana Cecilia Brito de Vasconcelos,Jeconias Ferreira dos Santos,Doado,49683.0,2025-01-09,2025-12-10,022-2025
3976,Monitor  24,"Monitor para computador, tipo LED com 24”, full HD 1920x 1080 pixels, com proporção de tela 16:9; com entradas HDMI e Taxa de Atualização de 75Hz",749.95,251.0,ARANOUÁ - ANO 5 (10622-4),Luciana Cecilia Brito de Vasconcelos,Jeconias Ferreira dos Santos,Doado,49683.0,2025-01-09,2025-12-10,022-2025
3977,Monitor  24,"Monitor para computador, tipo LED com 24”, full HD 1920x 1080 pixels, com proporção de tela 16:9; com entradas HDMI e Taxa de Atualização de 75Hz",749.95,251.0,ARANOUÁ - ANO 5 (10622-4),Luciana Cecilia Brito de Vasconcelos,Jeconias Ferreira dos Santos,Doado,49683.0,2025-01-09,2025-12-10,022-2025
3978,Monitor  24,"Monitor para computador, tipo LED com 24”, full HD 1920x 1080 pixels, com proporção de tela 16:9; com entradas HDMI e Taxa de Atualização de 75Hz",749.95,251.0,ARANOUÁ - ANO 5 (10622-4),Luciana Cecilia Brito de Vasconcelos,Jeconias Ferreira dos Santos,Doado,49683.0,2025-01-09,2025-12-10,022-2025
3979,Monitor  24,"Monitor para computador, tipo LED com 24”, full HD 1920x 1080 pixels, com proporção de tela 16:9; com entradas HDMI e Taxa de Atualização de 75Hz",749.95,251.0,ARANOUÁ - ANO 5 (10622-4),Luciana Cecilia Brito de Vasconcelos,Jeconias Ferreira dos Santos,Doado,49683.0,2025-01-09,2025-12-10,022-2025
3980,Monitor  24,"Monitor para computador, tipo LED com 24”, full HD 1920x 1080 pixels, com proporção de tela 16:9; com entradas HDMI e Taxa de Atualização de 75Hz",749.95,251.0,ARANOUÁ - ANO 5 (10622-4),Luciana Cecilia Brito de Vasconcelos,Jeconias Ferreira dos Santos,Doado,49683.0,2025-01-09,2025-12-10,022-2025
3981,Monitor  24,"Monitor para computador, tipo LED com 24”, full HD 1920x 1080 pixels, com proporção de tela 16:9; com entradas HDMI e Taxa de Atualização de 75Hz",749.95,251.0,ARANOUÁ - ANO 5 (10622-4),Luciana Cecilia Brito de Vasconcelos,Jeconias Ferreira dos Santos,Doado,49683.0,2025-01-09,2025-12-10,022-2025
3982,Monitor  24,"Monitor para computador, tipo LED com 24”, full HD 1920x 1080 pixels, com proporção de tela 16:9; com entradas HDMI e Taxa de Atualização de 75Hz",749.95,251.0,ARANOUÁ - ANO 5 (10622-4),Luciana Cecilia Brito de Vasconcelos,Jeconias Ferreira dos Santos,Doado,49683.0,2025-01-09,2025-12-10,022-2025
3983,Monitor  24,"Monitor para computador, tipo LED com 24”, full HD 1920x 1080 pixels, com proporção de tela 16:9; com entradas HDMI e Taxa de Atualização de 75Hz",749.95,251.0,ARANOUÁ - ANO 5 (10622-4),Luciana Cecilia Brito de Vasconcelos,Jeconias Ferreira dos Santos,Doado,49683.0,2025-01-09,2025-12-10,022-2025
3984,Câmera visão computacional,"Câmera visão computacional, Camera Module 8mp 160 Degree Imx219 For Jetson Nano",189.0,251.0,ARANOUÁ - ANO 5 (10622-4),Luciana Cecilia Brito de Vasconcelos,Jeconias Ferreira dos Santos,Doado,2216.0,2024-11-12,2025-12-10,022-2025
3985,Câmera visão computacional,"Câmera visão computacional, Camera Module 8mp 160 Degree Imx219 For Jetson Nano",189.0,251.0,ARANOUÁ - ANO 5 (10622-4),Luciana Cecilia Brito de Vasconcelos,Jeconias Ferreira dos Santos,Doado,2216.0,2024-11-12,2025-12-10,022-2025
3986,Câmera visão computacional,"Câmera visão computacional, Camera Module 8mp 160 Degree Imx219 For Jetson Nano",189.0,251.0,ARANOUÁ - ANO 5 (10622-4),Luciana Cecilia Brito de Vasconcelos,Jeconias Ferreira dos Santos,Doado,2216.0,2024-11-12,2025-12-10,022-2025
3987,Câmera visão computacional,"Câmera visão computacional, Camera Module 8mp 160 Degree Imx219 For Jetson Nano",189.0,251.0,ARANOUÁ - ANO 5 (10622-4),Luciana Cecilia Brito de Vasconcelos,Jeconias Ferreira dos Santos,Doado,2216.0,2024-11-12,2025-12-10,022-2025
3988,Câmera visão computacional,"Câmera visão computacional, Camera Module 8mp 160 Degree Imx219 For Jetson Nano",189.0,251.0,ARANOUÁ - ANO 5 (10622-4),Luciana Cecilia Brito de Vasconcelos,Jeconias Ferreira dos Santos,Doado,2216.0,2024-11-12,2025-12-10,022-2025
3989,Servidor ,"Computador Servidor para gerenciamento da rede de internet do CTDI, com as seguintes especificações, ou superior:

Processador: Intel® Xeon® E-2336 (2.9 GHz, 12M Cache, 6 núcleos/12 threads, Turbo 65W, 3200 MT/s) ou similar;
Memória: 16GB DDR4 3200MHz (1X16GB, ECC, UDIMM, BCC);

Disco: deve possuir 2 discos de 4TB HDD SATA 6Gbps 7.2K 512n 3.5in Cabled Hard Drive ou similar;

Placa de rede: é necessário que a placa de rede tenha 4 entradas, havendo um número menor, devem ser adicionadas placas de para atender ao número de 4 entradas.
A placa de rede deve ser similar ou superior à seguinte
referência: Broadcom 5719 Quad Port 1GbE BASE-T Adapter, PCIe Full Height, V2, FIRMWARE RESTRICTIONS APPLY",15900.0,251.0,ARANOUÁ - ANO 5 (10622-4),Luciana Cecilia Brito de Vasconcelos,Jeconias Ferreira dos Santos,Doado,168.0,2024-10-14,2025-12-10,022-2025
3990,Servidor ,"Computador Servidor para gerenciamento da rede de internet do CTDI, com as seguintes especificações:
Processador: Intel® Xeon® E-2336 (2.9 GHz, 12M Cache, 6 núcleos/12 threads, Turbo 65W, 3200 MT/s) ou similar;
Memória: 16GB DDR4 3200MHz (1X16GB, ECC, UDIMM, BCC); Disco: deve possuir 2 discos de 4TB HDD SATA 6Gbps 7.2K 512n 3.5in Cabled Hard Drive ;
Placa de rede: é necessário que a placa de rede tenha 4 entradas, havendo um número menor, devem ser adicionadas placas de para atender ao número de 4 entradas, refereência para placa de rede adicional: Broadcom 5719 Quad Port 1GbE BASE-T Adapter,
PCIe Full Height, V2, FIRMWARE RESTRICTIONS APPLY",12775.0,251.0,ARANOUÁ - ANO 5 (10622-4),Luciana Cecilia Brito de Vasconcelos,Jeconias Ferreira dos Santos,Doado,3044.0,2025-02-01,2025-12-10,022-2025
3991,ARMÁRIO EM AÇO ,"Armário para notebook e tablets com estação de carregamento. Fabricado de aço, com pintura eletrostática a pó, na cor preta, com prateleiras e divisórias para acomodação e organização dos aparelhos e capacidade de armazenar no mínimo 20 notebooks. Dimensões aproximadas: comprimento: 50 cm; largura:65 cm;
altura: 120 cm. O armário deve possuir estação de
carregamento com conjunto elétrico vertical que permita carregamento dos aparelhos. Deve conter 4 rodízios para
facilitar a movimentação, e os rodízios devem possuir travas. Deve possuir fechaduras e chave de segurança.",4100.0,251.0,ARANOUÁ - ANO 5 (10622-4),Luciana Cecilia Brito de Vasconcelos,Jeconias Ferreira dos Santos,Doado,3030.0,2025-01-07,2025-12-10,022-2025
3992,ARMÁRIO EM AÇO ,"Armário para notebook e tablets com estação de carregamento. Fabricado de aço, com pintura eletrostática a pó, na cor preta, com prateleiras e divisórias para acomodação e organização dos aparelhos e capacidade de armazenar no mínimo 20 notebooks. Dimensões aproximadas: comprimento: 50 cm; largura:65 cm;
altura: 120 cm. O armário deve possuir estação de
carregamento com conjunto elétrico vertical que permita carregamento dos aparelhos. Deve conter 4 rodízios para
facilitar a movimentação, e os rodízios devem possuir travas. Deve possuir fechaduras e chave de segurança.",4100.0,251.0,ARANOUÁ - ANO 5 (10622-4),Luciana Cecilia Brito de Vasconcelos,Jeconias Ferreira dos Santos,Doado,3030.0,2025-01-07,2025-12-10,022-2025
3993,ARMÁRIO EM AÇO ,"Armário para notebook e tablets com estação de carregamento. Fabricado de aço, com pintura eletrostática a pó, na cor preta, com prateleiras e divisórias para acomodação e organização dos aparelhos e capacidade de armazenar no mínimo 20 notebooks. Dimensões aproximadas: comprimento: 50 cm; largura:65 cm;
altura: 120 cm. O armário deve possuir estação de
carregamento com conjunto elétrico vertical que permita carregamento dos aparelhos. Deve conter 4 rodízios para
facilitar a movimentação, e os rodízios devem possuir travas. Deve possuir fechaduras e chave de segurança.",4100.0,251.0,ARANOUÁ - ANO 5 (10622-4),Luciana Cecilia Brito de Vasconcelos,Jeconias Ferreira dos Santos,Doado,3030.0,2025-01-07,2025-12-10,022-2025
3994,Monitores de computador ,"Monitor para computador, tipo LED com 15.4”, full HD 1920x
1200 pixels, com proporção de tela 16:9; com entradas HDMI e VGA",536.84,251.0,ARANOUÁ - ANO 5 (10622-4),Luciana Cecilia Brito de Vasconcelos,Jeconias Ferreira dos Santos,Doado,170.0,2024-09-20,2025-12-10,022-2025
3995,Monitores de computador ,"Monitor para computador, tipo LED com 15.4”, full HD 1920x
1200 pixels, com proporção de tela 16:9; com entradas HDMI e VGA",536.84,251.0,ARANOUÁ - ANO 5 (10622-4),Luciana Cecilia Brito de Vasconcelos,Jeconias Ferreira dos Santos,Doado,170.0,2024-09-20,2025-12-10,022-2025
3996,Monitores de computador ,"Monitor para computador, tipo LED com 15.4”, full HD 1920x
1200 pixels, com proporção de tela 16:9; com entradas HDMI e VGA",536.84,251.0,ARANOUÁ - ANO 5 (10622-4),Luciana Cecilia Brito de Vasconcelos,Jeconias Ferreira dos Santos,Doado,170.0,2024-09-20,2025-12-10,022-2025
3997,Monitores de computador ,"Monitor para computador, tipo LED com 15.4”, full HD 1920x
1200 pixels, com proporção de tela 16:9; com entradas HDMI e VGA",536.84,251.0,ARANOUÁ - ANO 5 (10622-4),Luciana Cecilia Brito de Vasconcelos,Jeconias Ferreira dos Santos,Doado,170.0,2024-09-20,2025-12-10,022-2025
3998,Monitores de computador ,"Monitor para computador, tipo LED com 15.4”, full HD 1920x
1200 pixels, com proporção de tela 16:9; com entradas HDMI e VGA",536.84,251.0,ARANOUÁ - ANO 5 (10622-4),Luciana Cecilia Brito de Vasconcelos,Jeconias Ferreira dos Santos,Doado,170.0,2024-09-20,2025-12-10,022-2025
3999,Monitores de computador ,"Monitor para computador, tipo LED com 15.4”, full HD 1920x
1200 pixels, com proporção de tela 16:9; com entradas HDMI e VGA",536.84,251.0,ARANOUÁ - ANO 5 (10622-4),Luciana Cecilia Brito de Vasconcelos,Jeconias Ferreira dos Santos,Doado,172.0,2024-10-09,2025-12-10,022-2025
4000,Monitores de computador ,"Monitor para computador, tipo LED com 15.4”, full HD 1920x
1200 pixels, com proporção de tela 16:9; com entradas HDMI e VGA",536.84,251.0,ARANOUÁ - ANO 5 (10622-4),Luciana Cecilia Brito de Vasconcelos,Jeconias Ferreira dos Santos,Doado,172.0,2024-10-09,2025-12-10,022-2025
4001,Monitores de computador ,"Monitor para computador, tipo LED com 15.4”, full HD 1920x
1200 pixels, com proporção de tela 16:9; com entradas HDMI e VGA",536.84,251.0,ARANOUÁ - ANO 5 (10622-4),Luciana Cecilia Brito de Vasconcelos,Jeconias Ferreira dos Santos,Doado,172.0,2024-10-09,2025-12-10,022-2025
4002,Monitores de computador ,"Monitor para computador, tipo LED com 15.4”, full HD 1920x
1200 pixels, com proporção de tela 16:9; com entradas HDMI e VGA",536.84,251.0,ARANOUÁ - ANO 5 (10622-4),Luciana Cecilia Brito de Vasconcelos,Jeconias Ferreira dos Santos,Doado,172.0,2024-10-09,2025-12-10,022-2025
4003,Monitores de computador ,"Monitor para computador, tipo LED com 15.4”, full HD 1920x
1200 pixels, com proporção de tela 16:9; com entradas HDMI e VGA",536.84,251.0,ARANOUÁ - ANO 5 (10622-4),Luciana Cecilia Brito de Vasconcelos,Jeconias Ferreira dos Santos,Doado,172.0,2024-10-09,2025-12-10,022-2025
4004,Braço robótico ,"Braço robótico, para aplicações pick and place, com finalidade educacional, com 5 graus de liberdade e capacidade de carga de até 250 g, deve possuir raio de giro de pelo menos 650 mm, e precisão de movimentos de 5 mm. Deve ser fabricado com estrutura de alumínio. O comando deve ser compatível com ROS e MATLAB, devido à
finalidade educacional, é importante que a programação do mesmo passa ser feita por uma plataforma open source.",85000.0,251.0,ARANOUÁ - ANO 5 (10622-4),Luciana Cecilia Brito de Vasconcelos,Jeconias Ferreira dos Santos,Doado,16887.0,2025-01-21,2025-12-10,022-2025
4005,Braço robótico ,"Braço robótico, para aplicações pick and place, com finalidade educacional, com 5 graus de liberdade e capacidade de carga de até 250 g, deve possuir raio de giro de pelo menos 650 mm, e precisão de movimentos de 5 mm. Deve ser fabricado com estrutura de alumínio. O comando deve ser compatível com ROS e MATLAB, devido à
finalidade educacional, é importante que a programação do mesmo passa ser feita por uma plataforma open source.",85000.0,251.0,ARANOUÁ - ANO 5 (10622-4),Luciana Cecilia Brito de Vasconcelos,Jeconias Ferreira dos Santos,Doado,16887.0,2025-01-21,2025-12-10,022-2025
4006,Porta Banner,"Porta Banner com capacidade de altura máxima de 2,1m,
suportando até 4 kg de carga, contendo pedestal e apoio do tipo Tripé. Deve possuir reguladores de altura, e bom acabamento.",129.03,251.0,ARANOUÁ - ANO 5 (10622-4),Luciana Cecilia Brito de Vasconcelos,Jeconias Ferreira dos Santos,Doado,78.0,2024-12-19,2025-12-10,022-2025
4007,Porta Banner,"Porta Banner com capacidade de altura máxima de 2,1m,
suportando até 4 kg de carga, contendo pedestal e apoio do tipo Tripé. Deve possuir reguladores de altura, e bom acabamento.",129.03,251.0,ARANOUÁ - ANO 5 (10622-4),Luciana Cecilia Brito de Vasconcelos,Jeconias Ferreira dos Santos,Doado,78.0,2024-12-19,2025-12-10,022-2025
4008,Porta Banner,"Porta Banner com capacidade de altura máxima de 2,1m,
suportando até 4 kg de carga, contendo pedestal e apoio do tipo Tripé. Deve possuir reguladores de altura, e bom acabamento.",129.03,251.0,ARANOUÁ - ANO 5 (10622-4),Luciana Cecilia Brito de Vasconcelos,Jeconias Ferreira dos Santos,Doado,78.0,2024-12-19,2025-12-10,022-2025
4009,Porta Banner,"Porta Banner com capacidade de altura máxima de 2,1m,
suportando até 4 kg de carga, contendo pedestal e apoio do tipo Tripé. Deve possuir reguladores de altura, e bom acabamento.",129.03,251.0,ARANOUÁ - ANO 5 (10622-4),Luciana Cecilia Brito de Vasconcelos,Jeconias Ferreira dos Santos,Doado,78.0,2024-12-19,2025-12-10,022-2025
4010,Porta Banner,"Porta Banner com capacidade de altura máxima de 2,1m,
suportando até 4 kg de carga, contendo pedestal e apoio do tipo Tripé. Deve possuir reguladores de altura, e bom acabamento.",129.03,251.0,ARANOUÁ - ANO 5 (10622-4),Luciana Cecilia Brito de Vasconcelos,Jeconias Ferreira dos Santos,Doado,78.0,2024-12-19,2025-12-10,022-2025
4011,Porta Banner,"Porta Banner com capacidade de altura máxima de 2,1m,
suportando até 4 kg de carga, contendo pedestal e apoio do tipo Tripé. Deve possuir reguladores de altura, e bom acabamento.",129.03,251.0,ARANOUÁ - ANO 5 (10622-4),Luciana Cecilia Brito de Vasconcelos,Jeconias Ferreira dos Santos,Doado,78.0,2024-12-19,2025-12-10,022-2025
4012,Porta Banner,"Porta Banner com capacidade de altura máxima de 2,1m,
suportando até 4 kg de carga, contendo pedestal e apoio do tipo Tripé. Deve possuir reguladores de altura, e bom acabamento.",129.03,251.0,ARANOUÁ - ANO 5 (10622-4),Luciana Cecilia Brito de Vasconcelos,Jeconias Ferreira dos Santos,Doado,78.0,2024-12-19,2025-12-10,022-2025
4013,Porta Banner,"Porta Banner com capacidade de altura máxima de 2,1m,
suportando até 4 kg de carga, contendo pedestal e apoio do tipo Tripé. Deve possuir reguladores de altura, e bom acabamento.",129.03,251.0,ARANOUÁ - ANO 5 (10622-4),Luciana Cecilia Brito de Vasconcelos,Jeconias Ferreira dos Santos,Doado,78.0,2024-12-19,2025-12-10,022-2025
4014,Porta Banner,"Porta Banner com capacidade de altura máxima de 2,1m,
suportando até 4 kg de carga, contendo pedestal e apoio do tipo Tripé. Deve possuir reguladores de altura, e bom acabamento.",129.03,251.0,ARANOUÁ - ANO 5 (10622-4),Luciana Cecilia Brito de Vasconcelos,Jeconias Ferreira dos Santos,Doado,78.0,2024-12-19,2025-12-10,022-2025
4015,Porta Banner,"Porta Banner com capacidade de altura máxima de 2,1m,
suportando até 4 kg de carga, contendo pedestal e apoio do tipo Tripé. Deve possuir reguladores de altura, e bom acabamento.",129.03,251.0,ARANOUÁ - ANO 5 (10622-4),Luciana Cecilia Brito de Vasconcelos,Jeconias Ferreira dos Santos,Doado,78.0,2024-12-19,2025-12-10,022-2025
4016,Porta Banner,"Porta Banner com capacidade de altura máxima de 2,1m,
suportando até 4 kg de carga, contendo pedestal e apoio do tipo Tripé. Deve possuir reguladores de altura, e bom acabamento.",129.03,251.0,ARANOUÁ - ANO 5 (10622-4),Luciana Cecilia Brito de Vasconcelos,Jeconias Ferreira dos Santos,Doado,78.0,2024-12-19,2025-12-10,022-2025
4017,Porta Banner,"Porta Banner com capacidade de altura máxima de 2,1m,
suportando até 4 kg de carga, contendo pedestal e apoio do tipo Tripé. Deve possuir reguladores de altura, e bom acabamento.",129.03,251.0,ARANOUÁ - ANO 5 (10622-4),Luciana Cecilia Brito de Vasconcelos,Jeconias Ferreira dos Santos,Doado,78.0,2024-12-19,2025-12-10,022-2025
4018,Porta Banner,"Porta Banner com capacidade de altura máxima de 2,1m,
suportando até 4 kg de carga, contendo pedestal e apoio do tipo Tripé. Deve possuir reguladores de altura, e bom acabamento.",129.03,251.0,ARANOUÁ - ANO 5 (10622-4),Luciana Cecilia Brito de Vasconcelos,Jeconias Ferreira dos Santos,Doado,78.0,2024-12-19,2025-12-10,022-2025
4019,Porta Banner,"Porta Banner com capacidade de altura máxima de 2,1m,
suportando até 4 kg de carga, contendo pedestal e apoio do tipo Tripé. Deve possuir reguladores de altura, e bom acabamento.",129.03,251.0,ARANOUÁ - ANO 5 (10622-4),Luciana Cecilia Brito de Vasconcelos,Jeconias Ferreira dos Santos,Doado,78.0,2024-12-19,2025-12-10,022-2025
4020,Porta Banner,"Porta Banner com capacidade de altura máxima de 2,1m,
suportando até 4 kg de carga, contendo pedestal e apoio do tipo Tripé. Deve possuir reguladores de altura, e bom acabamento.",129.03,251.0,ARANOUÁ - ANO 5 (10622-4),Luciana Cecilia Brito de Vasconcelos,Jeconias Ferreira dos Santos,Doado,78.0,2024-12-19,2025-12-10,022-2025
4021,Porta Banner,"Porta Banner com capacidade de altura máxima de 2,1m,
suportando até 4 kg de carga, contendo pedestal e apoio do tipo Tripé. Deve possuir reguladores de altura, e bom acabamento.",129.03,251.0,ARANOUÁ - ANO 5 (10622-4),Luciana Cecilia Brito de Vasconcelos,Jeconias Ferreira dos Santos,Doado,78.0,2024-12-19,2025-12-10,022-2025
4022,Porta Banner,"Porta Banner com capacidade de altura máxima de 2,1m,
suportando até 4 kg de carga, contendo pedestal e apoio do tipo Tripé. Deve possuir reguladores de altura, e bom acabamento.",129.03,251.0,ARANOUÁ - ANO 5 (10622-4),Luciana Cecilia Brito de Vasconcelos,Jeconias Ferreira dos Santos,Doado,78.0,2024-12-19,2025-12-10,022-2025
4023,Porta Banner,"Porta Banner com capacidade de altura máxima de 2,1m,
suportando até 4 kg de carga, contendo pedestal e apoio do tipo Tripé. Deve possuir reguladores de altura, e bom acabamento.",129.03,251.0,ARANOUÁ - ANO 5 (10622-4),Luciana Cecilia Brito de Vasconcelos,Jeconias Ferreira dos Santos,Doado,78.0,2024-12-19,2025-12-10,022-2025
4024,Porta Banner,"Porta Banner com capacidade de altura máxima de 2,1m,
suportando até 4 kg de carga, contendo pedestal e apoio do tipo Tripé. Deve possuir reguladores de altura, e bom acabamento.",129.03,251.0,ARANOUÁ - ANO 5 (10622-4),Luciana Cecilia Brito de Vasconcelos,Jeconias Ferreira dos Santos,Doado,78.0,2024-12-19,2025-12-10,022-2025
4025,Porta Banner,"Porta Banner com capacidade de altura máxima de 2,1m,
suportando até 4 kg de carga, contendo pedestal e apoio do tipo Tripé. Deve possuir reguladores de altura, e bom acabamento.",129.03,251.0,ARANOUÁ - ANO 5 (10622-4),Luciana Cecilia Brito de Vasconcelos,Jeconias Ferreira dos Santos,Doado,78.0,2024-12-19,2025-12-10,022-2025
4026,Porta Banner,"Porta Banner com capacidade de altura máxima de 2,1m,
suportando até 4 kg de carga, contendo pedestal e apoio do tipo Tripé. Deve possuir reguladores de altura, e bom acabamento.",129.03,251.0,ARANOUÁ - ANO 5 (10622-4),Luciana Cecilia Brito de Vasconcelos,Jeconias Ferreira dos Santos,Doado,78.0,2024-12-19,2025-12-10,022-2025
4027,Porta Banner,"Porta Banner com capacidade de altura máxima de 2,1m,
suportando até 4 kg de carga, contendo pedestal e apoio do tipo Tripé. Deve possuir reguladores de altura, e bom acabamento.",129.03,251.0,ARANOUÁ - ANO 5 (10622-4),Luciana Cecilia Brito de Vasconcelos,Jeconias Ferreira dos Santos,Doado,78.0,2024-12-19,2025-12-10,022-2025
4028,Porta Banner,"Porta Banner com capacidade de altura máxima de 2,1m,
suportando até 4 kg de carga, contendo pedestal e apoio do tipo Tripé. Deve possuir reguladores de altura, e bom acabamento.",129.03,251.0,ARANOUÁ - ANO 5 (10622-4),Luciana Cecilia Brito de Vasconcelos,Jeconias Ferreira dos Santos,Doado,78.0,2024-12-19,2025-12-10,022-2025
4029,Porta Banner,"Porta Banner com capacidade de altura máxima de 2,1m,
suportando até 4 kg de carga, contendo pedestal e apoio do tipo Tripé. Deve possuir reguladores de altura, e bom acabamento.",129.03,251.0,ARANOUÁ - ANO 5 (10622-4),Luciana Cecilia Brito de Vasconcelos,Jeconias Ferreira dos Santos,Doado,78.0,2024-12-19,2025-12-10,022-2025
4030,Porta Banner,"Porta Banner com capacidade de altura máxima de 2,1m,
suportando até 4 kg de carga, contendo pedestal e apoio do tipo Tripé. Deve possuir reguladores de altura, e bom acabamento.",129.03,251.0,ARANOUÁ - ANO 5 (10622-4),Luciana Cecilia Brito de Vasconcelos,Jeconias Ferreira dos Santos,Doado,78.0,2024-12-19,2025-12-10,022-2025
4031,Porta Banner,"Porta Banner com capacidade de altura máxima de 2,1m,
suportando até 4 kg de carga, contendo pedestal e apoio do tipo Tripé. Deve possuir reguladores de altura, e bom acabamento.",129.03,251.0,ARANOUÁ - ANO 5 (10622-4),Luciana Cecilia Brito de Vasconcelos,Jeconias Ferreira dos Santos,Doado,78.0,2024-12-19,2025-12-10,022-2025
4032,Porta Banner,"Porta Banner com capacidade de altura máxima de 2,1m,
suportando até 4 kg de carga, contendo pedestal e apoio do tipo Tripé. Deve possuir reguladores de altura, e bom acabamento.",129.03,251.0,ARANOUÁ - ANO 5 (10622-4),Luciana Cecilia Brito de Vasconcelos,Jeconias Ferreira dos Santos,Doado,78.0,2024-12-19,2025-12-10,022-2025
4033,Porta Banner,"Porta Banner com capacidade de altura máxima de 2,1m,
suportando até 4 kg de carga, contendo pedestal e apoio do tipo Tripé. Deve possuir reguladores de altura, e bom acabamento.",129.03,251.0,ARANOUÁ - ANO 5 (10622-4),Luciana Cecilia Brito de Vasconcelos,Jeconias Ferreira dos Santos,Doado,78.0,2024-12-19,2025-12-10,022-2025
4034,Porta Banner,"Porta Banner com capacidade de altura máxima de 2,1m,
suportando até 4 kg de carga, contendo pedestal e apoio do tipo Tripé. Deve possuir reguladores de altura, e bom acabamento.",129.03,251.0,ARANOUÁ - ANO 5 (10622-4),Luciana Cecilia Brito de Vasconcelos,Jeconias Ferreira dos Santos,Doado,78.0,2024-12-19,2025-12-10,022-2025
4035,Porta Banner,"Porta Banner com capacidade de altura máxima de 2,1m,
suportando até 4 kg de carga, contendo pedestal e apoio do tipo Tripé. Deve possuir reguladores de altura, e bom acabamento.",129.03,251.0,ARANOUÁ - ANO 5 (10622-4),Luciana Cecilia Brito de Vasconcelos,Jeconias Ferreira dos Santos,Doado,78.0,2024-12-19,2025-12-10,022-2025
4036,Máquina ou Equipamento,PEDESTAL PARA TV 32 A 75 SUPORTE COM RODIZIOS CTS600,1188.0,251.0,ARANOUÁ - ANO 5 (10622-4),Luciana Cecilia Brito de Vasconcelos,Jeconias Ferreira dos Santos,Doado,66.0,2024-10-15,2025-12-10,022-2025
4037,Máquina ou Equipamento,GABINETE CARRINHO DE RECARGA PRETO 24U-COMPLETO 3 BAND 1 REGUA-36 1 KIT VENT C/2,7118.75,251.0,ARANOUÁ - ANO 5 (10622-4),Luciana Cecilia Brito de Vasconcelos,Jeconias Ferreira dos Santos,Doado,73.0,2024-11-11,2025-12-10,022-2025
4038,Máquina ou Equipamento,PEDESTAL PARA TV 32 A 75 SUPORTE COM RODIZIOS CTS600,1188.0,251.0,ARANOUÁ - ANO 5 (10622-4),Luciana Cecilia Brito de Vasconcelos,Jeconias Ferreira dos Santos,Doado,66.0,2024-10-15,2025-12-10,022-2025
4039,Máquina ou Equipamento,PEDESTAL PARA TV 32 A 75 SUPORTE COM RODIZIOS CTS600,1188.0,251.0,ARANOUÁ - ANO 5 (10622-4),Luciana Cecilia Brito de Vasconcelos,Jeconias Ferreira dos Santos,Doado,66.0,2024-10-15,2025-12-10,022-2025
4040,Máquina ou Equipamento,pedestal para tv de 55 a 85 videoconferência com rodizios AVA1800-70-1P,2030.0,251.0,ARANOUÁ - ANO 5 (10622-4),Luciana Cecilia Brito de Vasconcelos,Jeconias Ferreira dos Santos,Doado,66.0,2024-10-15,2025-12-10,022-2025
4041,Máquina ou Equipamento,GABINETE CARRINHO DE RECARGA PRETO 24U-COMPLETO 3 BAND 1 REGUA-36 1 KIT VENT C/2,7118.75,251.0,ARANOUÁ - ANO 5 (10622-4),Luciana Cecilia Brito de Vasconcelos,Jeconias Ferreira dos Santos,Doado,73.0,2024-11-11,2025-12-10,022-2025
4042,Máquina ou Equipamento,GABINETE CARRINHO DE RECARGA PRETO 24U-COMPLETO 3 BAND 1 REGUA-36 1 KIT VENT C/2,7118.75,251.0,ARANOUÁ - ANO 5 (10622-4),Luciana Cecilia Brito de Vasconcelos,Jeconias Ferreira dos Santos,Doado,73.0,2024-11-11,2025-12-10,022-2025
4043,Máquina ou Equipamento,PULPITO EM ACRILICO CRISTAL 8MM COM ADESIVO E LED AZUL,2712.5,251.0,ARANOUÁ - ANO 5 (10622-4),Luciana Cecilia Brito de Vasconcelos,Jeconias Ferreira dos Santos,Doado,14595.0,2025-01-21,2025-12-10,022-2025
4044,Máquina ou Equipamento,PULPITO EM ACRILICO CRISTAL 8MM COM ADESIVO E LED AZUL,2712.5,251.0,ARANOUÁ - ANO 5 (10622-4),Luciana Cecilia Brito de Vasconcelos,Jeconias Ferreira dos Santos,Doado,14595.0,2025-01-21,2025-12-10,022-2025
4045,"Equipamentos eletrônicos: Impressoras 3D, câmeras digitais, projetores, alto-falantes, notebooks, roteadores, switches, servidores, monitores","AMPLIFICADOR RF DE ALCANCE REP 8000
1""1TELBRAS ",399.0,251.0,ARANOUÁ - ANO 5 (10622-4),Luciana Cecilia Brito de Vasconcelos,Jeconias Ferreira dos Santos,Doado,1401.0,2024-12-12,2025-12-10,022-2025
4046,"Equipamentos eletrônicos: Impressoras 3D, câmeras digitais, projetores, alto-falantes, notebooks, roteadores, switches, servidores, monitores","AMPLIFICADOR RF DE ALCANCE REP 8000
1""1TELBRAS ",399.0,251.0,ARANOUÁ - ANO 5 (10622-4),Luciana Cecilia Brito de Vasconcelos,Jeconias Ferreira dos Santos,Doado,1401.0,2024-12-12,2025-12-10,022-2025
4047,Licença de Software ,Software Adobe Creative Cloud Todos os Apps com 100 GB,1890.0,251.0,ARANOUÁ - ANO 5 (10622-4),Luciana Cecilia Brito de Vasconcelos,Jeconias Ferreira dos Santos,Doado,1394.0,2025-01-27,2025-12-10,022-2025
4048,Licença de Software ,Software Adobe Creative Cloud Todos os Apps com 100 GB,1890.0,251.0,ARANOUÁ - ANO 5 (10622-4),Luciana Cecilia Brito de Vasconcelos,Jeconias Ferreira dos Santos,Doado,1394.0,2025-01-27,2025-12-10,022-2025
4049,Licença de Software ,Software Adobe Creative Cloud Todos os Apps com 100 GB,1890.0,251.0,ARANOUÁ - ANO 5 (10622-4),Luciana Cecilia Brito de Vasconcelos,Jeconias Ferreira dos Santos,Doado,1394.0,2025-01-27,2025-12-10,022-2025
4050,Licença de Software ,Software Adobe Creative Cloud Todos os Apps com 100 GB,1890.0,251.0,ARANOUÁ - ANO 5 (10622-4),Luciana Cecilia Brito de Vasconcelos,Jeconias Ferreira dos Santos,Doado,1394.0,2025-01-27,2025-12-10,022-2025
4051,Licença de Software ,Software Adobe Creative Cloud Todos os Apps com 100 GB,1890.0,251.0,ARANOUÁ - ANO 5 (10622-4),Luciana Cecilia Brito de Vasconcelos,Jeconias Ferreira dos Santos,Doado,1394.0,2025-01-27,2025-12-10,022-2025
4052,Máquina ou Equipamento,PEDESTAL PARA TV 32 A 75 SUPORTE COM RODIZIOS CTS600,1188.0,251.0,ARANOUÁ - ANO 5 (10622-4),Luciana Cecilia Brito de Vasconcelos,Jeconias Ferreira dos Santos,Doado,66.0,2024-10-15,2025-12-10,022-2025
4053,Máquina ou Equipamento,PEDESTAL PARA TV 32 A 75 SUPORTE COM RODIZIOS CTS600,1188.0,251.0,ARANOUÁ - ANO 5 (10622-4),Luciana Cecilia Brito de Vasconcelos,Jeconias Ferreira dos Santos,Doado,66.0,2024-10-15,2025-12-10,022-2025
4054,Máquina ou Equipamento,PEDESTAL PARA TV 32 A 75 SUPORTE COM RODIZIOS CTS600,1188.0,251.0,ARANOUÁ - ANO 5 (10622-4),Luciana Cecilia Brito de Vasconcelos,Jeconias Ferreira dos Santos,Doado,66.0,2024-10-15,2025-12-10,022-2025
4055,Máquina ou Equipamento,PEDESTAL PARA TV 32 A 75 SUPORTE COM RODIZIOS CTS600,1188.0,251.0,ARANOUÁ - ANO 5 (10622-4),Luciana Cecilia Brito de Vasconcelos,Jeconias Ferreira dos Santos,Doado,66.0,2024-10-15,2025-12-10,022-2025
4056,Máquina ou Equipamento,PEDESTAL PARA TV 32 A 75 SUPORTE COM RODIZIOS CTS600,1188.0,251.0,ARANOUÁ - ANO 5 (10622-4),Luciana Cecilia Brito de Vasconcelos,Jeconias Ferreira dos Santos,Doado,66.0,2024-10-15,2025-12-10,022-2025
4057,Máquina ou Equipamento,PEDESTAL PARA TV 32 A 75 SUPORTE COM RODIZIOS CTS600,1188.0,251.0,ARANOUÁ - ANO 5 (10622-4),Luciana Cecilia Brito de Vasconcelos,Jeconias Ferreira dos Santos,Doado,66.0,2024-10-15,2025-12-10,022-2025
4058,Máquina ou Equipamento,PEDESTAL PARA TV 32 A 75 SUPORTE COM RODIZIOS CTS600,1188.0,251.0,ARANOUÁ - ANO 5 (10622-4),Luciana Cecilia Brito de Vasconcelos,Jeconias Ferreira dos Santos,Doado,66.0,2024-10-15,2025-12-10,022-2025
4059,Robô,"Turtlebot3 burger Raspberry Pi4 4GB
",14000.0,251.0,ARANOUÁ - ANO 5 (10622-4),Luciana Cecilia Brito de Vasconcelos,Jeconias Ferreira dos Santos,Doado,16887.0,2025-01-21,2025-12-10,022-2025
4060,Robô,"Turtlebot3 burger Raspberry Pi4 4GB
",14000.0,251.0,ARANOUÁ - ANO 5 (10622-4),Luciana Cecilia Brito de Vasconcelos,Jeconias Ferreira dos Santos,Doado,16887.0,2025-01-21,2025-12-10,022-2025
4061,Robô,"Turtlebot3 burger Raspberry Pi4 4GB
",14000.0,251.0,ARANOUÁ - ANO 5 (10622-4),Luciana Cecilia Brito de Vasconcelos,Jeconias Ferreira dos Santos,Doado,16887.0,2025-01-21,2025-12-10,022-2025
4062,Robô,"Turtlebot3 burger Raspberry Pi4 4GB
",14000.0,251.0,ARANOUÁ - ANO 5 (10622-4),Luciana Cecilia Brito de Vasconcelos,Jeconias Ferreira dos Santos,Doado,16887.0,2025-01-21,2025-12-10,022-2025
4063,Robô,"Turtlebot3 burger Raspberry Pi4 4GB
",14000.0,251.0,ARANOUÁ - ANO 5 (10622-4),Luciana Cecilia Brito de Vasconcelos,Jeconias Ferreira dos Santos,Doado,16887.0,2025-01-21,2025-12-10,022-2025
Valor total permanentes,,,601433.1700000013,,,,,,,,,
