Nº Patrimônio,Produto,Descrição,Valor,Cód. Projeto,Projeto,Gestor,Coordenador,Situação,NF,Data Emissão da Nota,Data do Termo de Doação,Nº Termo de Doação
3000,Máquina ou Equipamento,"NOTEBOOK DELL INSPIRON 15 SERIE 3000 INTEL I7- 8565U ( 1.8 GHZ) WINDOWS 10 HOME PLACA DE VIDEO INTEGRADA GRAPHICS 620)
",6279.0,9.0,ARANOUÁ - ANO 1 (10622-4),Luciana Cecilia Brito de Vasconcelos,Paulo Henrique Rocha Aride,Doado,7706.0,2020-10-07,2025-12-10,022-2025
3001,Máquina ou Equipamento,NOTEBOOK DELL INSPIRON 15 SERIE 3000 INTEL I7- 8565U ( 1.8 GHZ) WINDOWS 10 HOME PLACA DE VIDEO INTEGRADA GRAPHICS 620),6279.0,9.0,ARANOUÁ - ANO 1 (10622-4),Luciana Cecilia Brito de Vasconcelos,Paulo Henrique Rocha Aride,Doado,7706.0,2020-10-07,2025-12-10,022-2025
3002,Máquina ou Equipamento,NOTEBOOK DELL INSPIRON 15 SERIE 3000 INTEL I7- 8565U ( 1.8 GHZ) WINDOWS 10 HOME PLACA DE VIDEO INTEGRADA GRAPHICS 620),6279.0,9.0,ARANOUÁ - ANO 1 (10622-4),Luciana Cecilia Brito de Vasconcelos,Paulo Henrique Rocha Aride,Doado,7706.0,2020-10-07,2025-12-10,022-2025
3003,Máquina ou Equipamento,NOTEBOOK DELL INSPIRON 15 SERIE 3000 INTEL I7- 8565U ( 1.8 GHZ) WINDOWS 10 HOME PLACA DE VIDEO INTEGRADA GRAPHICS 620),6279.0,9.0,ARANOUÁ - ANO 1 (10622-4),Luciana Cecilia Brito de Vasconcelos,Paulo Henrique Rocha Aride,Doado,7706.0,2020-10-07,2025-12-10,022-2025
3004,Máquina ou Equipamento,"NOTEBOOK DELL INSPIRON 15 SERIE 3000 INTEL I7- 8565U ( 1.8 GHZ) WINDOWS 10 HOME PLACA DE VIDEO INTEGRADA GRAPHICS 620)
",6279.0,9.0,ARANOUÁ - ANO 1 (10622-4),Luciana Cecilia Brito de Vasconcelos,Paulo Henrique Rocha Aride,Doado,7706.0,2020-10-07,2025-12-10,022-2025
3005,Máquina ou Equipamento,NOTEBOOK DELL INSPIRON 15 SERIE 3000 INTEL I7- 8565U ( 1.8 GHZ) WINDOWS 10 HOME PLACA DE VIDEO INTEGRADA GRAPHICS 620),6279.0,9.0,ARANOUÁ - ANO 1 (10622-4),Luciana Cecilia Brito de Vasconcelos,Paulo Henrique Rocha Aride,Doado,7706.0,2020-10-07,2025-12-10,022-2025
3006,Máquina ou Equipamento,NOTEBOOK DELL INSPIRON 15 SERIE 3000 INTEL I7- 8565U ( 1.8 GHZ) WINDOWS 10 HOME PLACA DE VIDEO INTEGRADA GRAPHICS 620),6279.0,9.0,ARANOUÁ - ANO 1 (10622-4),Luciana Cecilia Brito de Vasconcelos,Paulo Henrique Rocha Aride,Doado,7706.0,2020-10-07,2025-12-10,022-2025
3007,Máquina ou Equipamento,NOTEBOOK DELL INSPIRON 15 SERIE 3000 INTEL I7- 8565U ( 1.8 GHZ) WINDOWS 10 HOME PLACA DE VIDEO INTEGRADA GRAPHICS 620),6279.0,9.0,ARANOUÁ - ANO 1 (10622-4),Luciana Cecilia Brito de Vasconcelos,Paulo Henrique Rocha Aride,Doado,7706.0,2020-10-07,2025-12-10,022-2025
3008,Máquina ou Equipamento,NOTEBOOK DELL INSPIRON 15 SERIE 3000 INTEL I7- 8565U ( 1.8 GHZ) WINDOWS 10 HOME PLACA DE VIDEO INTEGRADA GRAPHICS 620),6279.0,9.0,ARANOUÁ - ANO 1 (10622-4),Luciana Cecilia Brito de Vasconcelos,Paulo Henrique Rocha Aride,Doado,7706.0,2020-10-07,2025-12-10,022-2025
3009,Máquina ou Equipamento,NOTEBOOK DELL INSPIRON 15 SERIE 3000 INTEL I7- 8565U ( 1.8 GHZ) WINDOWS 10 HOME PLACA DE VIDEO INTEGRADA GRAPHICS 620),6279.0,9.0,ARANOUÁ - ANO 1 (10622-4),Luciana Cecilia Brito de Vasconcelos,Paulo Henrique Rocha Aride,Doado,7706.0,2020-10-07,2025-12-10,022-2025
3010,Máquina ou Equipamento,NOTEBOOK DELL INSPIRON 15 SERIE 3000 INTEL I7- 8565U ( 1.8 GHZ) WINDOWS 10 HOME PLACA DE VIDEO INTEGRADA GRAPHICS 620),6279.0,9.0,ARANOUÁ - ANO 1 (10622-4),Luciana Cecilia Brito de Vasconcelos,Paulo Henrique Rocha Aride,Doado,7706.0,2020-10-07,2025-12-10,022-2025
3011,Máquina ou Equipamento,NOTEBOOK DELL INSPIRON 15 SERIE 3000 INTEL I7- 8565U ( 1.8 GHZ) WINDOWS 10 HOME PLACA DE VIDEO INTEGRADA GRAPHICS 620),6279.0,9.0,ARANOUÁ - ANO 1 (10622-4),Luciana Cecilia Brito de Vasconcelos,Paulo Henrique Rocha Aride,Doado,7706.0,2020-10-07,2025-12-10,022-2025
3012,Máquina ou Equipamento,NOTEBOOK DELL INSPIRON 15 SERIE 3000 INTEL I7- 8565U ( 1.8 GHZ) WINDOWS 10 HOME PLACA DE VIDEO INTEGRADA GRAPHICS 620),6279.0,9.0,ARANOUÁ - ANO 1 (10622-4),Luciana Cecilia Brito de Vasconcelos,Paulo Henrique Rocha Aride,Doado,7706.0,2020-10-07,2025-12-10,022-2025
3013,Máquina ou Equipamento,NOTEBOOK DELL INSPIRON 15 SERIE 3000 INTEL I7- 8565U ( 1.8 GHZ) WINDOWS 10 HOME PLACA DE VIDEO INTEGRADA GRAPHICS 620),6279.0,9.0,ARANOUÁ - ANO 1 (10622-4),Luciana Cecilia Brito de Vasconcelos,Paulo Henrique Rocha Aride,Doado,7706.0,2020-10-07,2025-12-10,022-2025
3014,Máquina ou Equipamento,NOTEBOOK DELL INSPIRON 15 SERIE 3000 INTEL I7- 8565U ( 1.8 GHZ) WINDOWS 10 HOME PLACA DE VIDEO INTEGRADA GRAPHICS 620),6279.0,9.0,ARANOUÁ - ANO 1 (10622-4),Luciana Cecilia Brito de Vasconcelos,Paulo Henrique Rocha Aride,Doado,7706.0,2020-10-07,2025-12-10,022-2025
3015,Máquina ou Equipamento,NOTEBOOK DELL INSPIRON 15 SERIE 3000 INTEL I7- 8565U ( 1.8 GHZ) WINDOWS 10 HOME PLACA DE VIDEO INTEGRADA GRAPHICS 620),6279.0,9.0,ARANOUÁ - ANO 1 (10622-4),Luciana Cecilia Brito de Vasconcelos,Paulo Henrique Rocha Aride,Doado,7706.0,2020-10-07,2025-12-10,022-2025
3016,Máquina ou Equipamento,NOTEBOOK DELL INSPIRON 15 SERIE 3000 INTEL I7- 8565U ( 1.8 GHZ) WINDOWS 10 HOME PLACA DE VIDEO INTEGRADA GRAPHICS 620),6279.0,9.0,ARANOUÁ - ANO 1 (10622-4),Luciana Cecilia Brito de Vasconcelos,Paulo Henrique Rocha Aride,Doado,7706.0,2020-10-07,2025-12-10,022-2025
3017,Máquina ou Equipamento,IMPRESSORA HP MULT TANK WIRELESS 416,1069.9,9.0,ARANOUÁ - ANO 1 (10622-4),Luciana Cecilia Brito de Vasconcelos,Paulo Henrique Rocha Aride,Doado,40459.0,2020-12-11,2025-12-10,022-2025
3018,Máquina ou Equipamento,NOTEBOOK DELL INSPIRON 15 SERIE 3000 INTEL I7- 8565U ( 1.8 GHZ) WINDOWS 10 HOME PLACA DE VIDEO INTEGRADA GRAPHICS 620),6279.0,9.0,ARANOUÁ - ANO 1 (10622-4),Luciana Cecilia Brito de Vasconcelos,Paulo Henrique Rocha Aride,Doado,7706.0,2020-10-07,2025-12-10,022-2025
3019,Máquina ou Equipamento,NOTEBOOK DELL INSPIRON 15 SERIE 3000 INTEL I7- 8565U ( 1.8 GHZ) WINDOWS 10 HOME PLACA DE VIDEO INTEGRADA GRAPHICS 620),6279.0,9.0,ARANOUÁ - ANO 1 (10622-4),Luciana Cecilia Brito de Vasconcelos,Paulo Henrique Rocha Aride,Doado,7706.0,2020-10-07,2025-12-10,022-2025
3020,Máquina ou Equipamento,NOTEBOOK SAMSUNG NP550XCJXS2BR X55 I7 16GB 1TB GFO,5999.0,9.0,ARANOUÁ - ANO 1 (10622-4),Luciana Cecilia Brito de Vasconcelos,Paulo Henrique Rocha Aride,Doado,101810.0,2020-11-24,2025-12-10,022-2025
3021,Máquina ou Equipamento,NOTEBOOK DELL INSPIRON 15 SERIE 3000 INTEL I7- 8565U ( 1.8 GHZ) WINDOWS 10 HOME PLACA DE VIDEO INTEGRADA GRAPHICS 620),6279.0,9.0,ARANOUÁ - ANO 1 (10622-4),Luciana Cecilia Brito de Vasconcelos,Paulo Henrique Rocha Aride,Doado,7706.0,2020-10-07,2025-12-10,022-2025
3022,Máquina ou Equipamento,NOTEBOOK SAMSUNG NP550XCJXS2BR X55 I7 16GB 1TB GFO,5999.0,9.0,ARANOUÁ - ANO 1 (10622-4),Luciana Cecilia Brito de Vasconcelos,Paulo Henrique Rocha Aride,Doado,101810.0,2020-11-24,2025-12-10,022-2025
3023,Máquina ou Equipamento,NOTEBOOK SAMSUNG NP550XCJXS2BR X55 I7 16GB 1TB GFO,5999.0,9.0,ARANOUÁ - ANO 1 (10622-4),Luciana Cecilia Brito de Vasconcelos,Paulo Henrique Rocha Aride,Doado,101810.0,2020-11-24,2025-12-10,022-2025
3024,Máquina ou Equipamento,NOTEBOOK SAMSUNG NP550XCJXS2BR X55 I7 16GB 1TB GFO,5999.0,9.0,ARANOUÁ - ANO 1 (10622-4),Luciana Cecilia Brito de Vasconcelos,Paulo Henrique Rocha Aride,Doado,101810.0,2020-11-24,2025-12-10,022-2025
3025,Máquina ou Equipamento,NOTEBOOK SAMSUNG NP550XCJXS2BR X55 I7 16GB 1TB GFO,5999.0,9.0,ARANOUÁ - ANO 1 (10622-4),Luciana Cecilia Brito de Vasconcelos,Paulo Henrique Rocha Aride,Doado,101810.0,2020-11-24,2025-12-10,022-2025
3026,Máquina ou Equipamento,NOTEBOOK SAMSUNG NP550XCJXS2BR X55 I7 16GB 1TB GFO,5999.0,9.0,ARANOUÁ - ANO 1 (10622-4),Luciana Cecilia Brito de Vasconcelos,Paulo Henrique Rocha Aride,Doado,101810.0,2020-11-24,2025-12-10,022-2025
3027,Máquina ou Equipamento,"HDD 2,5 EXTERNO 1TB SEAGATE EXPANSION USB 3.0 SEAGATE STEA1000400",445.0,9.0,ARANOUÁ - ANO 1 (10622-4),Luciana Cecilia Brito de Vasconcelos,Paulo Henrique Rocha Aride,Doado,5446.0,2020-11-05,2025-12-10,022-2025
3028,"Livros, Coleções e Materiais Bibliográficos","Requisitos em projetos de software e de sistemas de informacao / Joao
M. Fernandes",63.0,9.0,ARANOUÁ - ANO 1 (10622-4),Luciana Cecilia Brito de Vasconcelos,Paulo Henrique Rocha Aride,Doado,150.0,2021-03-24,2025-12-10,022-2025
3029,"Livros, Coleções e Materiais Bibliográficos","Requisitos em projetos de software e de sistemas de informacao / Joao
M. Fernandes",63.0,9.0,ARANOUÁ - ANO 1 (10622-4),Luciana Cecilia Brito de Vasconcelos,Paulo Henrique Rocha Aride,Doado,150.0,2021-03-24,2025-12-10,022-2025
3030,"Livros, Coleções e Materiais Bibliográficos","IoT - Internet das Coisas - Fundamentos e Aplicacoes em Arduino e
Nodemcu / Sergio Luiz Stevan Jr.",97.0,9.0,ARANOUÁ - ANO 1 (10622-4),Luciana Cecilia Brito de Vasconcelos,Paulo Henrique Rocha Aride,Doado,150.0,2021-03-24,2025-12-10,022-2025
3031,"Livros, Coleções e Materiais Bibliográficos","IoT - Internet das Coisas - Fundamentos e Aplicacoes em Arduino e
Nodemcu / Sergio Luiz Stevan Jr.",97.0,9.0,ARANOUÁ - ANO 1 (10622-4),Luciana Cecilia Brito de Vasconcelos,Paulo Henrique Rocha Aride,Doado,150.0,2021-03-24,2025-12-10,022-2025
3032,"Livros, Coleções e Materiais Bibliográficos",internet das Coisas - Introducao Pratica / Pedro Coelho,495.0,9.0,ARANOUÁ - ANO 1 (10622-4),Luciana Cecilia Brito de Vasconcelos,Paulo Henrique Rocha Aride,Doado,150.0,2021-03-24,2025-12-10,022-2025
3033,"Livros, Coleções e Materiais Bibliográficos",A internet das coisas / Eduardo Magrani,40.0,9.0,ARANOUÁ - ANO 1 (10622-4),Luciana Cecilia Brito de Vasconcelos,Paulo Henrique Rocha Aride,Doado,150.0,2021-03-24,2025-12-10,022-2025
3034,Licença de Software ,"SOFT OFFICE HOME STUDENT 2019 32/64B (L)


",549.95,9.0,ARANOUÁ - ANO 1 (10622-4),Luciana Cecilia Brito de Vasconcelos,Paulo Henrique Rocha Aride,Doado,16505.0,2020-09-16,2025-12-10,022-2025
3035,Licença de Software ,"SOFT OFFICE HOME STUDENT 2019 32/64B (L)


",549.95,9.0,ARANOUÁ - ANO 1 (10622-4),Luciana Cecilia Brito de Vasconcelos,Paulo Henrique Rocha Aride,Doado,16505.0,2020-09-16,2025-12-10,022-2025
3036,Licença de Software ,"SOFT OFFICE HOME STUDENT 2019 32/64B (L)

",549.95,9.0,ARANOUÁ - ANO 1 (10622-4),Luciana Cecilia Brito de Vasconcelos,Paulo Henrique Rocha Aride,Doado,16505.0,2020-09-16,2025-12-10,022-2025
3037,Licença de Software ,"SOFT OFFICE HOME STUDENT 2019 32/64B (L)

",669.95,9.0,ARANOUÁ - ANO 1 (10622-4),Luciana Cecilia Brito de Vasconcelos,Paulo Henrique Rocha Aride,Doado,17965.0,2020-11-18,2025-12-10,022-2025
3038,Licença de Software ,"SOFT OFFICE HOME STUDENT 2019 32/64B (L)


",549.95,9.0,ARANOUÁ - ANO 1 (10622-4),Luciana Cecilia Brito de Vasconcelos,Paulo Henrique Rocha Aride,Doado,16505.0,2020-09-16,2025-12-10,022-2025
3039,Licença de Software ,SOFT OFFICE HOME STUDENT 2019 32/64B (L),549.95,9.0,ARANOUÁ - ANO 1 (10622-4),Luciana Cecilia Brito de Vasconcelos,Paulo Henrique Rocha Aride,Doado,16505.0,2020-09-16,2025-12-10,022-2025
3040,Licença de Software ,SOFT OFFICE HOME STUDENT 2019 32/64B (L),549.95,9.0,ARANOUÁ - ANO 1 (10622-4),Luciana Cecilia Brito de Vasconcelos,Paulo Henrique Rocha Aride,Doado,16505.0,2020-09-16,2025-12-10,022-2025
3041,Licença de Software ,SOFT OFFICE HOME STUDENT 2019 32/64B (L),549.95,9.0,ARANOUÁ - ANO 1 (10622-4),Luciana Cecilia Brito de Vasconcelos,Paulo Henrique Rocha Aride,Doado,16505.0,2020-09-16,2025-12-10,022-2025
3042,Licença de Software ,"SOFT OFFICE HOME STUDENT 2019 32/64B (L)

",549.95,9.0,ARANOUÁ - ANO 1 (10622-4),Luciana Cecilia Brito de Vasconcelos,Paulo Henrique Rocha Aride,Doado,16505.0,2020-09-16,2025-12-10,022-2025
3043,Licença de Software ,"SOFT OFFICE HOME STUDENT 2019 32/64B (L)


",549.95,9.0,ARANOUÁ - ANO 1 (10622-4),Luciana Cecilia Brito de Vasconcelos,Paulo Henrique Rocha Aride,Doado,16505.0,2020-09-16,2025-12-10,022-2025
3044,Licença de Software ,"SOFT OFFICE HOME STUDENT 2019 32/64B (L)


",549.95,9.0,ARANOUÁ - ANO 1 (10622-4),Luciana Cecilia Brito de Vasconcelos,Paulo Henrique Rocha Aride,Doado,16505.0,2020-09-16,2025-12-10,022-2025
3045,Licença de Software ,"SOFT OFFICE HOME STUDENT 2019 32/64B (L)

",549.95,9.0,ARANOUÁ - ANO 1 (10622-4),Luciana Cecilia Brito de Vasconcelos,Paulo Henrique Rocha Aride,Doado,16505.0,2020-09-16,2025-12-10,022-2025
3046,Licença de Software ,"
SOFT OFFICE HOME STUDENT 2019 32/64B (L)


",549.95,9.0,ARANOUÁ - ANO 1 (10622-4),Luciana Cecilia Brito de Vasconcelos,Paulo Henrique Rocha Aride,Doado,16505.0,2020-09-16,2025-12-10,022-2025
3047,Licença de Software ,"SOFT OFFICE HOME STUDENT 2019 32/64B (L)

",549.95,9.0,ARANOUÁ - ANO 1 (10622-4),Luciana Cecilia Brito de Vasconcelos,Paulo Henrique Rocha Aride,Doado,16505.0,2020-09-16,2025-12-10,022-2025
3048,"Móveis e estrutura: Armários, cadeiras, bancadas, mesas, estantes, caixas metálicas, gaveteiros, suportes, sofá, poltrona, geladeira, fogão frigobar","MESA CENTRAL PARA UNIAO DE 6 MESAS
 TRAPEZOIDAIS, EM MDF DE BRANCO.

",150.0,9.0,ARANOUÁ - ANO 1 (10622-4),Luciana Cecilia Brito de Vasconcelos,Paulo Henrique Rocha Aride,Doado,725.0,2020-10-05,2025-12-10,022-2025
3049,"Móveis e estrutura: Armários, cadeiras, bancadas, mesas, estantes, caixas metálicas, gaveteiros, suportes, sofá, poltrona, geladeira, fogão frigobar","MESA CENTRAL PARA UNIAO DE 6 MESAS
 TRAPEZOIDAIS, EM MDF DE BRANCO.

",150.0,9.0,ARANOUÁ - ANO 1 (10622-4),Luciana Cecilia Brito de Vasconcelos,Paulo Henrique Rocha Aride,Doado,725.0,2020-10-05,2025-12-10,022-2025
3050,"Móveis e estrutura: Armários, cadeiras, bancadas, mesas, estantes, caixas metálicas, gaveteiros, suportes, sofá, poltrona, geladeira, fogão frigobar","MESA CENTRAL PARA UNIAO DE 6 MESAS
 TRAPEZOIDAIS, EM MDF DE BRANCO.
",150.0,9.0,ARANOUÁ - ANO 1 (10622-4),Luciana Cecilia Brito de Vasconcelos,Paulo Henrique Rocha Aride,Doado,725.0,2020-10-05,2025-12-10,022-2025
3051,"Móveis e estrutura: Armários, cadeiras, bancadas, mesas, estantes, caixas metálicas, gaveteiros, suportes, sofá, poltrona, geladeira, fogão frigobar","MESA CENTRAL PARA UNIAO DE 6 MESAS
 TRAPEZOIDAIS, EM MDF DE BRANCO.",150.0,9.0,ARANOUÁ - ANO 1 (10622-4),Luciana Cecilia Brito de Vasconcelos,Paulo Henrique Rocha Aride,Doado,725.0,2020-10-05,2025-12-10,022-2025
3052,"Móveis e estrutura: Armários, cadeiras, bancadas, mesas, estantes, caixas metálicas, gaveteiros, suportes, sofá, poltrona, geladeira, fogão frigobar","MESA ESCOLAR TRAPEZOIDAL
 ADULTO, METALON 40X20 FORMICADO
",155.0,9.0,ARANOUÁ - ANO 1 (10622-4),Luciana Cecilia Brito de Vasconcelos,Paulo Henrique Rocha Aride,Doado,726.0,2020-10-05,2025-12-10,022-2025
3053,"Móveis e estrutura: Armários, cadeiras, bancadas, mesas, estantes, caixas metálicas, gaveteiros, suportes, sofá, poltrona, geladeira, fogão frigobar","MESA ESCOLAR TRAPEZOIDAL ADULTO, METALON 40X20 FORMICADO",155.0,9.0,ARANOUÁ - ANO 1 (10622-4),Luciana Cecilia Brito de Vasconcelos,Paulo Henrique Rocha Aride,Doado,726.0,2020-10-05,2025-12-10,022-2025
3054,"Móveis e estrutura: Armários, cadeiras, bancadas, mesas, estantes, caixas metálicas, gaveteiros, suportes, sofá, poltrona, geladeira, fogão frigobar",SUPORTE ANTIFURTO PRETO PROJETOR REGULAGEM MULTIVISAO,480.0,9.0,ARANOUÁ - ANO 1 (10622-4),Luciana Cecilia Brito de Vasconcelos,Paulo Henrique Rocha Aride,Doado,5443.0,2020-11-04,2025-12-10,022-2025
3055,"Móveis e estrutura: Armários, cadeiras, bancadas, mesas, estantes, caixas metálicas, gaveteiros, suportes, sofá, poltrona, geladeira, fogão frigobar","MESA CENTRAL PARA UNIAO DE 6 MESAS
 TRAPEZOIDAIS, EM MDF DE BRANCO.
",150.0,9.0,ARANOUÁ - ANO 1 (10622-4),Luciana Cecilia Brito de Vasconcelos,Paulo Henrique Rocha Aride,Doado,725.0,2020-10-05,2025-12-10,022-2025
3056,"Móveis e estrutura: Armários, cadeiras, bancadas, mesas, estantes, caixas metálicas, gaveteiros, suportes, sofá, poltrona, geladeira, fogão frigobar","MESA CENTRAL PARA UNIAO DE 6 MESAS
 TRAPEZOIDAIS, EM MDF DE BRANCO.

",150.0,9.0,ARANOUÁ - ANO 1 (10622-4),Luciana Cecilia Brito de Vasconcelos,Paulo Henrique Rocha Aride,Doado,725.0,2020-10-05,2025-12-10,022-2025
3057,"Móveis e estrutura: Armários, cadeiras, bancadas, mesas, estantes, caixas metálicas, gaveteiros, suportes, sofá, poltrona, geladeira, fogão frigobar","MESA CENTRAL PARA UNIAO DE 6 MESAS
 TRAPEZOIDAIS, EM MDF DE BRANCO.

",150.0,9.0,ARANOUÁ - ANO 1 (10622-4),Luciana Cecilia Brito de Vasconcelos,Paulo Henrique Rocha Aride,Doado,725.0,2020-10-05,2025-12-10,022-2025
3058,Licença de Software ,"SOFT OFFICE HOME STUDENT 2019 32/64B (L)

",549.95,9.0,ARANOUÁ - ANO 1 (10622-4),Luciana Cecilia Brito de Vasconcelos,Paulo Henrique Rocha Aride,Doado,16505.0,2020-09-16,2025-12-10,022-2025
3059,"Móveis e estrutura: Armários, cadeiras, bancadas, mesas, estantes, caixas metálicas, gaveteiros, suportes, sofá, poltrona, geladeira, fogão frigobar",MESA REUNIAO RETANGULAR 3000X1200X740 TAMPO DE 25MM COR CZ,1359.0,9.0,ARANOUÁ - ANO 1 (10622-4),Luciana Cecilia Brito de Vasconcelos,Paulo Henrique Rocha Aride,Doado,6017.0,2020-09-14,2025-12-10,022-2025
3060,"Móveis e estrutura: Armários, cadeiras, bancadas, mesas, estantes, caixas metálicas, gaveteiros, suportes, sofá, poltrona, geladeira, fogão frigobar","MESA REUNIAO RETANGULAR 3000X1200X740 TAMPO DE 25MM COR CZ
",1359.0,9.0,ARANOUÁ - ANO 1 (10622-4),Luciana Cecilia Brito de Vasconcelos,Paulo Henrique Rocha Aride,Doado,6017.0,2020-09-14,2025-12-10,022-2025
3061,"Móveis e estrutura: Armários, cadeiras, bancadas, mesas, estantes, caixas metálicas, gaveteiros, suportes, sofá, poltrona, geladeira, fogão frigobar",MESA REUNIAO RETANGULAR 3000X1200X740 TAMPO DE 25MM COR CZ,1359.0,9.0,ARANOUÁ - ANO 1 (10622-4),Luciana Cecilia Brito de Vasconcelos,Paulo Henrique Rocha Aride,Doado,6017.0,2020-09-14,2025-12-10,022-2025
3062,"Móveis e estrutura: Armários, cadeiras, bancadas, mesas, estantes, caixas metálicas, gaveteiros, suportes, sofá, poltrona, geladeira, fogão frigobar","POLTRONA DIRETOR GIRATÓRIA
 INJETADA, CORVIN PRETO ESTRUTURA
PRETA, COM BRAÇO CORSA;",430.0,9.0,ARANOUÁ - ANO 1 (10622-4),Luciana Cecilia Brito de Vasconcelos,Paulo Henrique Rocha Aride,Doado,726.0,2020-10-05,2025-12-10,022-2025
3063,"Móveis e estrutura: Armários, cadeiras, bancadas, mesas, estantes, caixas metálicas, gaveteiros, suportes, sofá, poltrona, geladeira, fogão frigobar","POLTRONA DIRETOR GIRATÓRIA
 INJETADA, CORVIN PRETO ESTRUTURA
PRETA, COM BRAÇO CORSA;
",430.0,9.0,ARANOUÁ - ANO 1 (10622-4),Luciana Cecilia Brito de Vasconcelos,Paulo Henrique Rocha Aride,Doado,726.0,2020-10-05,2025-12-10,022-2025
3064,"Móveis e estrutura: Armários, cadeiras, bancadas, mesas, estantes, caixas metálicas, gaveteiros, suportes, sofá, poltrona, geladeira, fogão frigobar","POLTRONA DIRETOR GIRATÓRIA
 INJETADA, CORVIN PRETO ESTRUTURA
PRETA, COM BRAÇO CORSA",430.0,9.0,ARANOUÁ - ANO 1 (10622-4),Luciana Cecilia Brito de Vasconcelos,Paulo Henrique Rocha Aride,Doado,726.0,2020-10-05,2025-12-10,022-2025
3065,"Móveis e estrutura: Armários, cadeiras, bancadas, mesas, estantes, caixas metálicas, gaveteiros, suportes, sofá, poltrona, geladeira, fogão frigobar","MESA ESCOLAR TRAPEZOIDAL ADULTO, METALON 40X20 FORMICADO VERMELHO CARDEAL TX, ESTRUTURA PRETA
",155.0,9.0,ARANOUÁ - ANO 1 (10622-4),Luciana Cecilia Brito de Vasconcelos,Paulo Henrique Rocha Aride,Doado,725.0,2020-10-05,2025-12-10,022-2025
3066,"Móveis e estrutura: Armários, cadeiras, bancadas, mesas, estantes, caixas metálicas, gaveteiros, suportes, sofá, poltrona, geladeira, fogão frigobar","MESA ESCOLAR TRAPEZOIDAL ADULTO, METALON 40X20 FORMICADO VERMELHO CARDEAL TX, ESTRUTURA PRETA
",155.0,9.0,ARANOUÁ - ANO 1 (10622-4),Luciana Cecilia Brito de Vasconcelos,Paulo Henrique Rocha Aride,Doado,726.0,2020-10-05,2025-12-10,022-2025
3067,"Móveis e estrutura: Armários, cadeiras, bancadas, mesas, estantes, caixas metálicas, gaveteiros, suportes, sofá, poltrona, geladeira, fogão frigobar","MESA ESCOLAR TRAPEZOIDAL ADULTO, METALON 40X20 FORMICADO VERMELHO CARDEAL TX, ESTRUTURA PRETA
",155.0,9.0,ARANOUÁ - ANO 1 (10622-4),Luciana Cecilia Brito de Vasconcelos,Paulo Henrique Rocha Aride,Doado,726.0,2020-10-05,2025-12-10,022-2025
3068,"Móveis e estrutura: Armários, cadeiras, bancadas, mesas, estantes, caixas metálicas, gaveteiros, suportes, sofá, poltrona, geladeira, fogão frigobar","MESA ESCOLAR TRAPEZOIDAL ADULTO, METALON 40X20 FORMICADO VERMELHO CARDEAL TX, ESTRUTURA PRETA



",155.0,9.0,ARANOUÁ - ANO 1 (10622-4),Luciana Cecilia Brito de Vasconcelos,Paulo Henrique Rocha Aride,Doado,725.0,2020-10-05,2025-12-10,022-2025
3069,"Móveis e estrutura: Armários, cadeiras, bancadas, mesas, estantes, caixas metálicas, gaveteiros, suportes, sofá, poltrona, geladeira, fogão frigobar","MESA ESCOLAR TRAPEZOIDAL ADULTO, METALON 40X20 FORMICADO VERMELHO CARDEAL TX, ESTRUTURA PRETA


",155.0,9.0,ARANOUÁ - ANO 1 (10622-4),Luciana Cecilia Brito de Vasconcelos,Paulo Henrique Rocha Aride,Doado,725.0,2020-10-05,2025-12-10,022-2025
3070,"Móveis e estrutura: Armários, cadeiras, bancadas, mesas, estantes, caixas metálicas, gaveteiros, suportes, sofá, poltrona, geladeira, fogão frigobar","MESA ESCOLAR TRAPEZOIDAL ADULTO, METALON 40X20 FORMICADO VERMELHO CARDEAL TX, ESTRUTURA PRETA


",155.0,9.0,ARANOUÁ - ANO 1 (10622-4),Luciana Cecilia Brito de Vasconcelos,Paulo Henrique Rocha Aride,Doado,725.0,2020-10-05,2025-12-10,022-2025
3071,"Móveis e estrutura: Armários, cadeiras, bancadas, mesas, estantes, caixas metálicas, gaveteiros, suportes, sofá, poltrona, geladeira, fogão frigobar","MESA ESCOLAR TRAPEZOIDAL ADULTO, METALON 40X20 FORMICADO VERMELHO CARDEAL TX, ESTRUTURA PRETA

",155.0,9.0,ARANOUÁ - ANO 1 (10622-4),Luciana Cecilia Brito de Vasconcelos,Paulo Henrique Rocha Aride,Doado,725.0,2020-10-05,2025-12-10,022-2025
3072,"Móveis e estrutura: Armários, cadeiras, bancadas, mesas, estantes, caixas metálicas, gaveteiros, suportes, sofá, poltrona, geladeira, fogão frigobar","MESA ESCOLAR TRAPEZOIDAL ADULTO,
 METALON 40X20 FORMICADO AZUL
 FRANCES TX, ESTRUTURA PRETA.
",155.0,9.0,ARANOUÁ - ANO 1 (10622-4),Luciana Cecilia Brito de Vasconcelos,Paulo Henrique Rocha Aride,Doado,725.0,2020-10-05,2025-12-10,022-2025
3073,"Móveis e estrutura: Armários, cadeiras, bancadas, mesas, estantes, caixas metálicas, gaveteiros, suportes, sofá, poltrona, geladeira, fogão frigobar","MESA ESCOLAR TRAPEZOIDAL ADULTO, METALON 40X20 FORMICADO VERMELHO CARDEAL TX, ESTRUTURA PRETA


",155.0,9.0,ARANOUÁ - ANO 1 (10622-4),Luciana Cecilia Brito de Vasconcelos,Paulo Henrique Rocha Aride,Doado,725.0,2020-10-05,2025-12-10,022-2025
3074,"Móveis e estrutura: Armários, cadeiras, bancadas, mesas, estantes, caixas metálicas, gaveteiros, suportes, sofá, poltrona, geladeira, fogão frigobar","MESA ESCOLAR TRAPEZOIDAL ADULTO, METALON 40X20 FORMICADO VERMELHO CARDEAL TX, ESTRUTURA PRETA



",155.0,9.0,ARANOUÁ - ANO 1 (10622-4),Luciana Cecilia Brito de Vasconcelos,Paulo Henrique Rocha Aride,Doado,725.0,2020-10-05,2025-12-10,022-2025
3075,"Móveis e estrutura: Armários, cadeiras, bancadas, mesas, estantes, caixas metálicas, gaveteiros, suportes, sofá, poltrona, geladeira, fogão frigobar","MESA ESCOLAR TRAPEZOIDAL ADULTO, METALON 40X20 FORMICADO VERMELHO CARDEAL TX, ESTRUTURA PRETA

",155.0,9.0,ARANOUÁ - ANO 1 (10622-4),Luciana Cecilia Brito de Vasconcelos,Paulo Henrique Rocha Aride,Doado,725.0,2020-10-05,2025-12-10,022-2025
3076,"Móveis e estrutura: Armários, cadeiras, bancadas, mesas, estantes, caixas metálicas, gaveteiros, suportes, sofá, poltrona, geladeira, fogão frigobar","MESA ESCOLAR TRAPEZOIDAL ADULTO,
 METALON 40X20 FORMICADO AZUL
 FRANCES TX, ESTRUTURA PRETA.
",155.0,9.0,ARANOUÁ - ANO 1 (10622-4),Luciana Cecilia Brito de Vasconcelos,Paulo Henrique Rocha Aride,Doado,726.0,2020-10-05,2025-12-10,022-2025
3077,"Móveis e estrutura: Armários, cadeiras, bancadas, mesas, estantes, caixas metálicas, gaveteiros, suportes, sofá, poltrona, geladeira, fogão frigobar","MESA ESCOLAR TRAPEZOIDAL ADULTO,
 METALON 40X20 FORMICADO AZUL
 FRANCES TX, ESTRUTURA PRETA.
",155.0,9.0,ARANOUÁ - ANO 1 (10622-4),Luciana Cecilia Brito de Vasconcelos,Paulo Henrique Rocha Aride,Doado,726.0,2020-10-05,2025-12-10,022-2025
3078,"Móveis e estrutura: Armários, cadeiras, bancadas, mesas, estantes, caixas metálicas, gaveteiros, suportes, sofá, poltrona, geladeira, fogão frigobar","MESA ESCOLAR TRAPEZOIDAL ADULTO,
 METALON 40X20 FORMICADO AZUL
 FRANCES TX, ESTRUTURA PRETA.

",155.0,9.0,ARANOUÁ - ANO 1 (10622-4),Luciana Cecilia Brito de Vasconcelos,Paulo Henrique Rocha Aride,Doado,725.0,2020-10-05,2025-12-10,022-2025
3079,"Móveis e estrutura: Armários, cadeiras, bancadas, mesas, estantes, caixas metálicas, gaveteiros, suportes, sofá, poltrona, geladeira, fogão frigobar","MESA ESCOLAR TRAPEZOIDAL ADULTO,
 METALON 40X20 FORMICADO AZUL
 FRANCES TX, ESTRUTURA PRETA.
",155.0,9.0,ARANOUÁ - ANO 1 (10622-4),Luciana Cecilia Brito de Vasconcelos,Paulo Henrique Rocha Aride,Doado,725.0,2020-10-05,2025-12-10,022-2025
3080,"Móveis e estrutura: Armários, cadeiras, bancadas, mesas, estantes, caixas metálicas, gaveteiros, suportes, sofá, poltrona, geladeira, fogão frigobar","MESA ESCOLAR TRAPEZOIDAL ADULTO,
 METALON 40X20 FORMICADO VERDE
 OFICIAL TX, ESTRUTURA PRETA",155.0,9.0,ARANOUÁ - ANO 1 (10622-4),Luciana Cecilia Brito de Vasconcelos,Paulo Henrique Rocha Aride,Doado,725.0,2020-10-05,2025-12-10,022-2025
3081,"Móveis e estrutura: Armários, cadeiras, bancadas, mesas, estantes, caixas metálicas, gaveteiros, suportes, sofá, poltrona, geladeira, fogão frigobar","MESA ESCOLAR TRAPEZOIDAL ADULTO, METALON 40X20 FORMICADO AMARELO CROMO BR, ESTRUTURA PRETA


",155.0,9.0,ARANOUÁ - ANO 1 (10622-4),Luciana Cecilia Brito de Vasconcelos,Paulo Henrique Rocha Aride,Doado,725.0,2020-10-05,2025-12-10,022-2025
3082,"Móveis e estrutura: Armários, cadeiras, bancadas, mesas, estantes, caixas metálicas, gaveteiros, suportes, sofá, poltrona, geladeira, fogão frigobar","MESA ESCOLAR TRAPEZOIDAL ADULTO,
 METALON 40X20 FORMICADO VERDE
 OFICIAL TX, ESTRUTURA PRETA
",155.0,9.0,ARANOUÁ - ANO 1 (10622-4),Luciana Cecilia Brito de Vasconcelos,Paulo Henrique Rocha Aride,Doado,725.0,2020-10-05,2025-12-10,022-2025
3083,"Móveis e estrutura: Armários, cadeiras, bancadas, mesas, estantes, caixas metálicas, gaveteiros, suportes, sofá, poltrona, geladeira, fogão frigobar","MESA ESCOLAR TRAPEZOIDAL ADULTO, METALON 40X20 FORMICADO AMARELO CROMO BR, ESTRUTURA PRETA


",155.0,9.0,ARANOUÁ - ANO 1 (10622-4),Luciana Cecilia Brito de Vasconcelos,Paulo Henrique Rocha Aride,Doado,726.0,2020-10-05,2025-12-10,022-2025
3084,"Móveis e estrutura: Armários, cadeiras, bancadas, mesas, estantes, caixas metálicas, gaveteiros, suportes, sofá, poltrona, geladeira, fogão frigobar","MESA ESCOLAR TRAPEZOIDAL ADULTO, METALON 40X20 FORMICADO AMARELO CROMO BR, ESTRUTURA PRETA


",155.0,9.0,ARANOUÁ - ANO 1 (10622-4),Luciana Cecilia Brito de Vasconcelos,Paulo Henrique Rocha Aride,Doado,726.0,2020-10-05,2025-12-10,022-2025
3085,"Móveis e estrutura: Armários, cadeiras, bancadas, mesas, estantes, caixas metálicas, gaveteiros, suportes, sofá, poltrona, geladeira, fogão frigobar","MESA ESCOLAR TRAPEZOIDAL ADULTO, METALON 40X20 FORMICADO AMARELO CROMO BR, ESTRUTURA PRETA

",155.0,9.0,ARANOUÁ - ANO 1 (10622-4),Luciana Cecilia Brito de Vasconcelos,Paulo Henrique Rocha Aride,Doado,725.0,2020-10-05,2025-12-10,022-2025
3086,"Móveis e estrutura: Armários, cadeiras, bancadas, mesas, estantes, caixas metálicas, gaveteiros, suportes, sofá, poltrona, geladeira, fogão frigobar","MESA ESCOLAR TRAPEZOIDAL ADULTO, METALON 40X20 FORMICADO AMARELO CROMO BR, ESTRUTURA PRETA



",155.0,9.0,ARANOUÁ - ANO 1 (10622-4),Luciana Cecilia Brito de Vasconcelos,Paulo Henrique Rocha Aride,Doado,725.0,2020-10-05,2025-12-10,022-2025
3087,"Móveis e estrutura: Armários, cadeiras, bancadas, mesas, estantes, caixas metálicas, gaveteiros, suportes, sofá, poltrona, geladeira, fogão frigobar","MESA ESCOLAR TRAPEZOIDAL ADULTO, METALON 40X20 FORMICADO AMARELO CROMO BR, ESTRUTURA PRETA

",155.0,9.0,ARANOUÁ - ANO 1 (10622-4),Luciana Cecilia Brito de Vasconcelos,Paulo Henrique Rocha Aride,Doado,725.0,2020-10-05,2025-12-10,022-2025
3088,"Móveis e estrutura: Armários, cadeiras, bancadas, mesas, estantes, caixas metálicas, gaveteiros, suportes, sofá, poltrona, geladeira, fogão frigobar","MESA ESCOLAR TRAPEZOIDAL ADULTO, METALON 40X20 FORMICADO AMARELO CROMO BR, ESTRUTURA PRETA


",155.0,9.0,ARANOUÁ - ANO 1 (10622-4),Luciana Cecilia Brito de Vasconcelos,Paulo Henrique Rocha Aride,Doado,725.0,2020-10-05,2025-12-10,022-2025
3089,"Móveis e estrutura: Armários, cadeiras, bancadas, mesas, estantes, caixas metálicas, gaveteiros, suportes, sofá, poltrona, geladeira, fogão frigobar","MESA ESCOLAR TRAPEZOIDAL ADULTO, METALON 40X20 FORMICADO AMARELO CROMO BR, ESTRUTURA PRETA


",155.0,9.0,ARANOUÁ - ANO 1 (10622-4),Luciana Cecilia Brito de Vasconcelos,Paulo Henrique Rocha Aride,Doado,725.0,2020-10-05,2025-12-10,022-2025
3090,"Móveis e estrutura: Armários, cadeiras, bancadas, mesas, estantes, caixas metálicas, gaveteiros, suportes, sofá, poltrona, geladeira, fogão frigobar","MESA ESCOLAR TRAPEZOIDAL ADULTO, METALON 40X20 FORMICADO AMARELO CROMO BR, ESTRUTURA PRETA



",155.0,9.0,ARANOUÁ - ANO 1 (10622-4),Luciana Cecilia Brito de Vasconcelos,Paulo Henrique Rocha Aride,Doado,725.0,2020-10-05,2025-12-10,022-2025
3091,"Móveis e estrutura: Armários, cadeiras, bancadas, mesas, estantes, caixas metálicas, gaveteiros, suportes, sofá, poltrona, geladeira, fogão frigobar","MESA ESCOLAR TRAPEZOIDAL ADULTO, METALON 40X20 FORMICADO AMARELO CROMO BR, ESTRUTURA PRETA

",155.0,9.0,ARANOUÁ - ANO 1 (10622-4),Luciana Cecilia Brito de Vasconcelos,Paulo Henrique Rocha Aride,Doado,725.0,2020-10-05,2025-12-10,022-2025
3092,"Móveis e estrutura: Armários, cadeiras, bancadas, mesas, estantes, caixas metálicas, gaveteiros, suportes, sofá, poltrona, geladeira, fogão frigobar","MESA ESCOLAR TRAPEZOIDAL ADULTO, METALON 40X20 FORMICADO AMARELO CROMO BR, ESTRUTURA PRETA

",155.0,9.0,ARANOUÁ - ANO 1 (10622-4),Luciana Cecilia Brito de Vasconcelos,Paulo Henrique Rocha Aride,Doado,725.0,2020-10-05,2025-12-10,022-2025
3093,"Móveis e estrutura: Armários, cadeiras, bancadas, mesas, estantes, caixas metálicas, gaveteiros, suportes, sofá, poltrona, geladeira, fogão frigobar","MESA ESCOLAR TRAPEZOIDAL ADULTO, METALON 40X20 FORMICADO AMARELO CROMO BR, ESTRUTURA PRETA


",155.0,9.0,ARANOUÁ - ANO 1 (10622-4),Luciana Cecilia Brito de Vasconcelos,Paulo Henrique Rocha Aride,Doado,725.0,2020-10-05,2025-12-10,022-2025
3094,"Móveis e estrutura: Armários, cadeiras, bancadas, mesas, estantes, caixas metálicas, gaveteiros, suportes, sofá, poltrona, geladeira, fogão frigobar","MESA ESCOLAR TRAPEZOIDAL ADULTO, METALON 40X20 FORMICADO AMARELO CROMO BR, ESTRUTURA PRETA

",155.0,9.0,ARANOUÁ - ANO 1 (10622-4),Luciana Cecilia Brito de Vasconcelos,Paulo Henrique Rocha Aride,Doado,725.0,2020-10-05,2025-12-10,022-2025
3095,"Móveis e estrutura: Armários, cadeiras, bancadas, mesas, estantes, caixas metálicas, gaveteiros, suportes, sofá, poltrona, geladeira, fogão frigobar","MESA ESCOLAR TRAPEZOIDAL ADULTO, METALON 40X20 FORMICADO AMARELO CROMO BR, ESTRUTURA PRETA

",155.0,9.0,ARANOUÁ - ANO 1 (10622-4),Luciana Cecilia Brito de Vasconcelos,Paulo Henrique Rocha Aride,Doado,725.0,2020-10-05,2025-12-10,022-2025
3096,"Móveis e estrutura: Armários, cadeiras, bancadas, mesas, estantes, caixas metálicas, gaveteiros, suportes, sofá, poltrona, geladeira, fogão frigobar","MESA ESCOLAR TRAPEZOIDAL ADULTO, METALON 40X20 FORMICADO AMARELO CROMO BR, ESTRUTURA PRETA


",155.0,9.0,ARANOUÁ - ANO 1 (10622-4),Luciana Cecilia Brito de Vasconcelos,Paulo Henrique Rocha Aride,Doado,725.0,2020-10-05,2025-12-10,022-2025
3097,"Móveis e estrutura: Armários, cadeiras, bancadas, mesas, estantes, caixas metálicas, gaveteiros, suportes, sofá, poltrona, geladeira, fogão frigobar","MESA ESCOLAR TRAPEZOIDAL ADULTO,
 METALON 40X20 FORMICADO VERDE
 OFICIAL TX, ESTRUTURA PRETA
",155.0,9.0,ARANOUÁ - ANO 1 (10622-4),Luciana Cecilia Brito de Vasconcelos,Paulo Henrique Rocha Aride,Doado,725.0,2020-10-05,2025-12-10,022-2025
3098,"Móveis e estrutura: Armários, cadeiras, bancadas, mesas, estantes, caixas metálicas, gaveteiros, suportes, sofá, poltrona, geladeira, fogão frigobar","MESA ESCOLAR TRAPEZOIDAL ADULTO, METALON 40X20 FORMICADO LARANJA, ESTRUTURA PRETA


",155.0,9.0,ARANOUÁ - ANO 1 (10622-4),Luciana Cecilia Brito de Vasconcelos,Paulo Henrique Rocha Aride,Doado,725.0,2020-10-05,2025-12-10,022-2025
3099,"Móveis e estrutura: Armários, cadeiras, bancadas, mesas, estantes, caixas metálicas, gaveteiros, suportes, sofá, poltrona, geladeira, fogão frigobar","MESA ESCOLAR TRAPEZOIDAL ADULTO, METALON 40X20 FORMICADO LARANJA, ESTRUTURA PRETA


",155.0,9.0,ARANOUÁ - ANO 1 (10622-4),Luciana Cecilia Brito de Vasconcelos,Paulo Henrique Rocha Aride,Doado,725.0,2020-10-05,2025-12-10,022-2025
3100,"Móveis e estrutura: Armários, cadeiras, bancadas, mesas, estantes, caixas metálicas, gaveteiros, suportes, sofá, poltrona, geladeira, fogão frigobar","MESA ESCOLAR TRAPEZOIDAL ADULTO, METALON 40X20 FORMICADO LARANJA, ESTRUTURA PRETA


",155.0,9.0,ARANOUÁ - ANO 1 (10622-4),Luciana Cecilia Brito de Vasconcelos,Paulo Henrique Rocha Aride,Doado,725.0,2020-10-05,2025-12-10,022-2025
3101,"Móveis e estrutura: Armários, cadeiras, bancadas, mesas, estantes, caixas metálicas, gaveteiros, suportes, sofá, poltrona, geladeira, fogão frigobar","MESA ESCOLAR TRAPEZOIDAL ADULTO, METALON 40X20 FORMICADO LARANJA, ESTRUTURA PRETA

",155.0,9.0,ARANOUÁ - ANO 1 (10622-4),Luciana Cecilia Brito de Vasconcelos,Paulo Henrique Rocha Aride,Doado,725.0,2020-10-05,2025-12-10,022-2025
3102,"Móveis e estrutura: Armários, cadeiras, bancadas, mesas, estantes, caixas metálicas, gaveteiros, suportes, sofá, poltrona, geladeira, fogão frigobar","MESA ESCOLAR TRAPEZOIDAL ADULTO,
 METALON 40X20 FORMICADO VERDE
 OFICIAL TX, ESTRUTURA PRETA
",155.0,9.0,ARANOUÁ - ANO 1 (10622-4),Luciana Cecilia Brito de Vasconcelos,Paulo Henrique Rocha Aride,Doado,725.0,2020-10-05,2025-12-10,022-2025
3103,"Móveis e estrutura: Armários, cadeiras, bancadas, mesas, estantes, caixas metálicas, gaveteiros, suportes, sofá, poltrona, geladeira, fogão frigobar","MESA ESCOLAR TRAPEZOIDAL ADULTO,
 METALON 40X20 FORMICADO VERDE
 OFICIAL TX, ESTRUTURA PRETA
",155.0,9.0,ARANOUÁ - ANO 1 (10622-4),Luciana Cecilia Brito de Vasconcelos,Paulo Henrique Rocha Aride,Doado,725.0,2020-10-05,2025-12-10,022-2025
3104,"Móveis e estrutura: Armários, cadeiras, bancadas, mesas, estantes, caixas metálicas, gaveteiros, suportes, sofá, poltrona, geladeira, fogão frigobar","MESA ESCOLAR TRAPEZOIDAL ADULTO,
 METALON 40X20 FORMICADO VERDE
 OFICIAL TX, ESTRUTURA PRETA",155.0,9.0,ARANOUÁ - ANO 1 (10622-4),Luciana Cecilia Brito de Vasconcelos,Paulo Henrique Rocha Aride,Doado,725.0,2020-10-05,2025-12-10,022-2025
3105,"Móveis e estrutura: Armários, cadeiras, bancadas, mesas, estantes, caixas metálicas, gaveteiros, suportes, sofá, poltrona, geladeira, fogão frigobar","MESA ESCOLAR TRAPEZOIDAL ADULTO,
 METALON 40X20 FORMICADO BRANCO BR,
 ESTRUTURA PRETA",155.0,9.0,ARANOUÁ - ANO 1 (10622-4),Luciana Cecilia Brito de Vasconcelos,Paulo Henrique Rocha Aride,Doado,725.0,2020-10-05,2025-12-10,022-2025
3106,"Móveis e estrutura: Armários, cadeiras, bancadas, mesas, estantes, caixas metálicas, gaveteiros, suportes, sofá, poltrona, geladeira, fogão frigobar","MESA ESCOLAR TRAPEZOIDAL ADULTO, METALON 40X20 FORMICADO LARANJA, ESTRUTURA PRETA

",155.0,9.0,ARANOUÁ - ANO 1 (10622-4),Luciana Cecilia Brito de Vasconcelos,Paulo Henrique Rocha Aride,Doado,725.0,2020-10-05,2025-12-10,022-2025
3107,"Móveis e estrutura: Armários, cadeiras, bancadas, mesas, estantes, caixas metálicas, gaveteiros, suportes, sofá, poltrona, geladeira, fogão frigobar","MESA ESCOLAR TRAPEZOIDAL ADULTO, METALON 40X20 FORMICADO LARANJA, ESTRUTURA PRETA

",155.0,9.0,ARANOUÁ - ANO 1 (10622-4),Luciana Cecilia Brito de Vasconcelos,Paulo Henrique Rocha Aride,Doado,725.0,2020-10-05,2025-12-10,022-2025
3108,"Móveis e estrutura: Armários, cadeiras, bancadas, mesas, estantes, caixas metálicas, gaveteiros, suportes, sofá, poltrona, geladeira, fogão frigobar","MESA ESCOLAR TRAPEZOIDAL ADULTO,
 METALON 40X20 FORMICADO BRANCO BR,
 ESTRUTURA PRETA

",155.0,9.0,ARANOUÁ - ANO 1 (10622-4),Luciana Cecilia Brito de Vasconcelos,Paulo Henrique Rocha Aride,Doado,725.0,2020-10-05,2025-12-10,022-2025
3109,"Móveis e estrutura: Armários, cadeiras, bancadas, mesas, estantes, caixas metálicas, gaveteiros, suportes, sofá, poltrona, geladeira, fogão frigobar","MESA ESCOLAR TRAPEZOIDAL ADULTO,
 METALON 40X20 FORMICADO BRANCO BR,
 ESTRUTURA PRETA

",155.0,9.0,ARANOUÁ - ANO 1 (10622-4),Luciana Cecilia Brito de Vasconcelos,Paulo Henrique Rocha Aride,Doado,725.0,2020-10-05,2025-12-10,022-2025
3110,"Móveis e estrutura: Armários, cadeiras, bancadas, mesas, estantes, caixas metálicas, gaveteiros, suportes, sofá, poltrona, geladeira, fogão frigobar","MESA ESCOLAR TRAPEZOIDAL ADULTO,
 METALON 40X20 FORMICADO BRANCO BR,
 ESTRUTURA PRETA
",155.0,9.0,ARANOUÁ - ANO 1 (10622-4),Luciana Cecilia Brito de Vasconcelos,Paulo Henrique Rocha Aride,Doado,725.0,2020-10-05,2025-12-10,022-2025
3111,"Móveis e estrutura: Armários, cadeiras, bancadas, mesas, estantes, caixas metálicas, gaveteiros, suportes, sofá, poltrona, geladeira, fogão frigobar","MESA ESCOLAR TRAPEZOIDAL ADULTO, METALON 40X20 FORMICADO LARANJA, ESTRUTURA PRETA


",155.0,9.0,ARANOUÁ - ANO 1 (10622-4),Luciana Cecilia Brito de Vasconcelos,Paulo Henrique Rocha Aride,Doado,725.0,2020-10-05,2025-12-10,022-2025
3112,"Móveis e estrutura: Armários, cadeiras, bancadas, mesas, estantes, caixas metálicas, gaveteiros, suportes, sofá, poltrona, geladeira, fogão frigobar","MESA ESCOLAR TRAPEZOIDAL ADULTO, METALON 40X20 FORMICADO LARANJA, ESTRUTURA PRETA



",155.0,9.0,ARANOUÁ - ANO 1 (10622-4),Luciana Cecilia Brito de Vasconcelos,Paulo Henrique Rocha Aride,Doado,725.0,2020-10-05,2025-12-10,022-2025
3113,"Móveis e estrutura: Armários, cadeiras, bancadas, mesas, estantes, caixas metálicas, gaveteiros, suportes, sofá, poltrona, geladeira, fogão frigobar","MESA ESCOLAR TRAPEZOIDAL ADULTO, METALON 40X20 FORMICADO LARANJA, ESTRUTURA PRETA



",155.0,9.0,ARANOUÁ - ANO 1 (10622-4),Luciana Cecilia Brito de Vasconcelos,Paulo Henrique Rocha Aride,Doado,725.0,2020-10-05,2025-12-10,022-2025
3114,"Móveis e estrutura: Armários, cadeiras, bancadas, mesas, estantes, caixas metálicas, gaveteiros, suportes, sofá, poltrona, geladeira, fogão frigobar","MESA ESCOLAR TRAPEZOIDAL ADULTO,
 METALON 40X20 FORMICADO BRANCO BR,
 ESTRUTURA PRETA

",155.0,9.0,ARANOUÁ - ANO 1 (10622-4),Luciana Cecilia Brito de Vasconcelos,Paulo Henrique Rocha Aride,Doado,725.0,2020-10-05,2025-12-10,022-2025
3115,"Móveis e estrutura: Armários, cadeiras, bancadas, mesas, estantes, caixas metálicas, gaveteiros, suportes, sofá, poltrona, geladeira, fogão frigobar","MESA ESCOLAR TRAPEZOIDAL ADULTO,
 METALON 40X20 FORMICADO BRANCO BR,
 ESTRUTURA PRETA
",155.0,9.0,ARANOUÁ - ANO 1 (10622-4),Luciana Cecilia Brito de Vasconcelos,Paulo Henrique Rocha Aride,Doado,725.0,2020-10-05,2025-12-10,022-2025
3116,"Móveis e estrutura: Armários, cadeiras, bancadas, mesas, estantes, caixas metálicas, gaveteiros, suportes, sofá, poltrona, geladeira, fogão frigobar","MESA ESCOLAR TRAPEZOIDAL ADULTO, METALON 40X20 FORMICADO LARANJA, ESTRUTURA PRETA


",155.0,9.0,ARANOUÁ - ANO 1 (10622-4),Luciana Cecilia Brito de Vasconcelos,Paulo Henrique Rocha Aride,Doado,725.0,2020-10-05,2025-12-10,022-2025
3117,"Móveis e estrutura: Armários, cadeiras, bancadas, mesas, estantes, caixas metálicas, gaveteiros, suportes, sofá, poltrona, geladeira, fogão frigobar","MESA CENTRAL PARA UNIAO DE 6 MESAS
 TRAPEZOIDAIS, EM MDF DE BRANCO.

",150.0,9.0,ARANOUÁ - ANO 1 (10622-4),Luciana Cecilia Brito de Vasconcelos,Paulo Henrique Rocha Aride,Doado,725.0,2020-10-05,2025-12-10,022-2025
3118,"Móveis e estrutura: Armários, cadeiras, bancadas, mesas, estantes, caixas metálicas, gaveteiros, suportes, sofá, poltrona, geladeira, fogão frigobar","MESA CENTRAL PARA UNIAO DE 6 MESAS
 TRAPEZOIDAIS, EM MDF DE BRANCO.

",150.0,9.0,ARANOUÁ - ANO 1 (10622-4),Luciana Cecilia Brito de Vasconcelos,Paulo Henrique Rocha Aride,Doado,725.0,2020-10-05,2025-12-10,022-2025
3119,"Móveis e estrutura: Armários, cadeiras, bancadas, mesas, estantes, caixas metálicas, gaveteiros, suportes, sofá, poltrona, geladeira, fogão frigobar","MESA CENTRAL PARA UNIAO DE 6 MESAS
 TRAPEZOIDAIS, EM MDF DE BRANCO.
",150.0,9.0,ARANOUÁ - ANO 1 (10622-4),Luciana Cecilia Brito de Vasconcelos,Paulo Henrique Rocha Aride,Doado,725.0,2020-10-05,2025-12-10,022-2025
3120,"Móveis e estrutura: Armários, cadeiras, bancadas, mesas, estantes, caixas metálicas, gaveteiros, suportes, sofá, poltrona, geladeira, fogão frigobar","MESA CENTRAL PARA UNIAO DE 6 MESAS
 TRAPEZOIDAIS, EM MDF DE BRANCO.
",150.0,9.0,ARANOUÁ - ANO 1 (10622-4),Luciana Cecilia Brito de Vasconcelos,Paulo Henrique Rocha Aride,Doado,725.0,2020-10-05,2025-12-10,022-2025
3121,Licença de Software ,SOFT OFFICE HOME STUDENT 2019 32/64B (L),549.95,9.0,ARANOUÁ - ANO 1 (10622-4),Luciana Cecilia Brito de Vasconcelos,Paulo Henrique Rocha Aride,Doado,16505.0,2020-09-16,2025-12-10,022-2025
3122,Máquina ou Equipamento,NOTEBOOK DELL INSPIRON 15 SERIE 3000 INTEL I7- 8565U ( 1.8 GHZ) WINDOWS 10 HOME PLACA DE VIDEO INTEGRADA GRAPHICS 620),6279.0,9.0,ARANOUÁ - ANO 1 (10622-4),Luciana Cecilia Brito de Vasconcelos,Paulo Henrique Rocha Aride,Doado,7706.0,2020-10-07,2025-12-10,022-2025
3123,Máquina ou Equipamento,NOTEBOOK SAMSUNG NP550XCJXS2BR X55 I7 16GB 1TB GFO,5999.0,9.0,ARANOUÁ - ANO 1 (10622-4),Luciana Cecilia Brito de Vasconcelos,Paulo Henrique Rocha Aride,Doado,101810.0,2020-11-24,2025-12-10,022-2025
3124,Máquina ou Equipamento,NOTEBOOK DELL INSPIRON 15 SERIE 3000 INTEL I7- 8565U ( 1.8 GHZ) WINDOWS 10 HOME PLACA DE VIDEO INTEGRADA GRAPHICS 620),6279.0,9.0,ARANOUÁ - ANO 1 (10622-4),Luciana Cecilia Brito de Vasconcelos,Paulo Henrique Rocha Aride,Doado,7706.0,2020-10-07,2025-12-10,022-2025
3125,"Móveis e estrutura: Armários, cadeiras, bancadas, mesas, estantes, caixas metálicas, gaveteiros, suportes, sofá, poltrona, geladeira, fogão frigobar","MESA ESCOLAR TRAPEZOIDAL ADULTO,
 METALON 40X20 FORMICADO AZUL
 FRANCES TX, ESTRUTURA PRETA.
",155.0,9.0,ARANOUÁ - ANO 1 (10622-4),Luciana Cecilia Brito de Vasconcelos,Paulo Henrique Rocha Aride,Doado,725.0,2020-10-05,2025-12-10,022-2025
3126,"Móveis e estrutura: Armários, cadeiras, bancadas, mesas, estantes, caixas metálicas, gaveteiros, suportes, sofá, poltrona, geladeira, fogão frigobar","POLTRONA DIRETOR GIRATÓRIA
 INJETADA, CORVIN PRETO ESTRUTURA
PRETA, COM BRAÇO CORSA",430.0,9.0,ARANOUÁ - ANO 1 (10622-4),Luciana Cecilia Brito de Vasconcelos,Paulo Henrique Rocha Aride,Doado,726.0,2020-10-05,2025-12-10,022-2025
3127,"Móveis e estrutura: Armários, cadeiras, bancadas, mesas, estantes, caixas metálicas, gaveteiros, suportes, sofá, poltrona, geladeira, fogão frigobar","MESA REUNIAO RETANGULAR 3000X1200X740 TAMPO DE 25MM COR CZ
",1359.0,9.0,ARANOUÁ - ANO 1 (10622-4),Luciana Cecilia Brito de Vasconcelos,Paulo Henrique Rocha Aride,Doado,6017.0,2020-09-14,2025-12-10,022-2025
3128,"Móveis e estrutura: Armários, cadeiras, bancadas, mesas, estantes, caixas metálicas, gaveteiros, suportes, sofá, poltrona, geladeira, fogão frigobar","MESA CENTRAL PARA UNIAO DE 6 MESAS
 TRAPEZOIDAIS, EM MDF DE BRANCO.

",150.0,9.0,ARANOUÁ - ANO 1 (10622-4),Luciana Cecilia Brito de Vasconcelos,Paulo Henrique Rocha Aride,Doado,725.0,2020-10-05,2025-12-10,022-2025
3129,"Móveis e estrutura: Armários, cadeiras, bancadas, mesas, estantes, caixas metálicas, gaveteiros, suportes, sofá, poltrona, geladeira, fogão frigobar","MESA ESCOLAR TRAPEZOIDAL ADULTO, METALON 40X20 FORMICADO LARANJA, ESTRUTURA PRETA



",155.0,9.0,ARANOUÁ - ANO 1 (10622-4),Luciana Cecilia Brito de Vasconcelos,Paulo Henrique Rocha Aride,Doado,725.0,2020-10-05,2025-12-10,022-2025
3130,"Móveis e estrutura: Armários, cadeiras, bancadas, mesas, estantes, caixas metálicas, gaveteiros, suportes, sofá, poltrona, geladeira, fogão frigobar","MESA ESCOLAR TRAPEZOIDAL ADULTO, METALON 40X20 FORMICADO AMARELO CROMO BR, ESTRUTURA PRETA

",155.0,9.0,ARANOUÁ - ANO 1 (10622-4),Luciana Cecilia Brito de Vasconcelos,Paulo Henrique Rocha Aride,Doado,725.0,2020-10-05,2025-12-10,022-2025
3131,"Móveis e estrutura: Armários, cadeiras, bancadas, mesas, estantes, caixas metálicas, gaveteiros, suportes, sofá, poltrona, geladeira, fogão frigobar","MESA ESCOLAR TRAPEZOIDAL ADULTO, METALON 40X20 FORMICADO LARANJA, ESTRUTURA PRETA


",155.0,9.0,ARANOUÁ - ANO 1 (10622-4),Luciana Cecilia Brito de Vasconcelos,Paulo Henrique Rocha Aride,Doado,725.0,2020-10-05,2025-12-10,022-2025
3132,"Móveis e estrutura: Armários, cadeiras, bancadas, mesas, estantes, caixas metálicas, gaveteiros, suportes, sofá, poltrona, geladeira, fogão frigobar","MESA ESCOLAR TRAPEZOIDAL ADULTO, METALON 40X20 FORMICADO LARANJA, ESTRUTURA PRETA

",155.0,9.0,ARANOUÁ - ANO 1 (10622-4),Luciana Cecilia Brito de Vasconcelos,Paulo Henrique Rocha Aride,Doado,725.0,2020-10-05,2025-12-10,022-2025
3133,"Móveis e estrutura: Armários, cadeiras, bancadas, mesas, estantes, caixas metálicas, gaveteiros, suportes, sofá, poltrona, geladeira, fogão frigobar","MESA ESCOLAR TRAPEZOIDAL ADULTO,
 METALON 40X20 FORMICADO AZUL
 FRANCES TX, ESTRUTURA PRETA.
",155.0,9.0,ARANOUÁ - ANO 1 (10622-4),Luciana Cecilia Brito de Vasconcelos,Paulo Henrique Rocha Aride,Doado,725.0,2020-10-05,2025-12-10,022-2025
3134,"Móveis e estrutura: Armários, cadeiras, bancadas, mesas, estantes, caixas metálicas, gaveteiros, suportes, sofá, poltrona, geladeira, fogão frigobar","MESA ESCOLAR TRAPEZOIDAL ADULTO,
 METALON 40X20 FORMICADO AZUL
 FRANCES TX, ESTRUTURA PRETA.

",155.0,9.0,ARANOUÁ - ANO 1 (10622-4),Luciana Cecilia Brito de Vasconcelos,Paulo Henrique Rocha Aride,Doado,725.0,2020-10-05,2025-12-10,022-2025
3135,"Livros, Coleções e Materiais Bibliográficos","Internet das Coisas com ESP8266, Arduino e Raspberry Pi / Sergio de
Oliveira",145.0,9.0,ARANOUÁ - ANO 1 (10622-4),Luciana Cecilia Brito de Vasconcelos,Paulo Henrique Rocha Aride,Doado,150.0,2021-03-24,2025-12-10,022-2025
3136,Máquina ou Equipamento,NOTEBOOK DELL INSPIRON 15 SERIE 3000 INTEL I7- 8565U ( 1.8 GHZ) WINDOWS 10 HOME PLACA DE VIDEO INTEGRADA GRAPHICS 620),6279.0,9.0,ARANOUÁ - ANO 1 (10622-4),Luciana Cecilia Brito de Vasconcelos,Paulo Henrique Rocha Aride,Doado,7706.0,2020-10-07,2025-12-10,022-2025
3137,Máquina ou Equipamento,NOTEBOOK DELL INSPIRON 15 SERIE 3000 INTEL I7- 8565U ( 1.8 GHZ) WINDOWS 10 HOME PLACA DE VIDEO INTEGRADA GRAPHICS 620),6279.0,9.0,ARANOUÁ - ANO 1 (10622-4),Luciana Cecilia Brito de Vasconcelos,Paulo Henrique Rocha Aride,Doado,7706.0,2020-10-07,2025-12-10,022-2025
3138,"Móveis e estrutura: Armários, cadeiras, bancadas, mesas, estantes, caixas metálicas, gaveteiros, suportes, sofá, poltrona, geladeira, fogão frigobar","MESA ESCOLAR TRAPEZOIDAL ADULTO,
 METALON 40X20 FORMICADO AZUL
 FRANCES TX, ESTRUTURA PRETA.
",155.0,9.0,ARANOUÁ - ANO 1 (10622-4),Luciana Cecilia Brito de Vasconcelos,Paulo Henrique Rocha Aride,Doado,725.0,2020-10-05,2025-12-10,022-2025
3139,"Móveis e estrutura: Armários, cadeiras, bancadas, mesas, estantes, caixas metálicas, gaveteiros, suportes, sofá, poltrona, geladeira, fogão frigobar","MESA ESCOLAR TRAPEZOIDAL ADULTO,
 METALON 40X20 FORMICADO VERDE
 OFICIAL TX, ESTRUTURA PRETA
",155.0,9.0,ARANOUÁ - ANO 1 (10622-4),Luciana Cecilia Brito de Vasconcelos,Paulo Henrique Rocha Aride,Doado,725.0,2020-10-05,2025-12-10,022-2025
3140,"Móveis e estrutura: Armários, cadeiras, bancadas, mesas, estantes, caixas metálicas, gaveteiros, suportes, sofá, poltrona, geladeira, fogão frigobar","MESA ESCOLAR TRAPEZOIDAL ADULTO,
 METALON 40X20 FORMICADO VERDE
 OFICIAL TX, ESTRUTURA PRETA
",155.0,9.0,ARANOUÁ - ANO 1 (10622-4),Luciana Cecilia Brito de Vasconcelos,Paulo Henrique Rocha Aride,Doado,725.0,2020-10-05,2025-12-10,022-2025
3141,Máquina ou Equipamento,NOTEBOOK SAMSUNG NP550XCJXS2BR X55 I7 16GB 1TB GFO,5999.0,9.0,ARANOUÁ - ANO 1 (10622-4),Luciana Cecilia Brito de Vasconcelos,Paulo Henrique Rocha Aride,Doado,101810.0,2020-11-24,2025-12-10,022-2025
3142,Máquina ou Equipamento,NOTEBOOK SAMSUNG NP550XCJXS2BR X55 I7 16GB 1TB GFO,5999.0,9.0,ARANOUÁ - ANO 1 (10622-4),Luciana Cecilia Brito de Vasconcelos,Paulo Henrique Rocha Aride,Doado,101810.0,2020-11-24,2025-12-10,022-2025
3143,Máquina ou Equipamento,NOTEBOOK SAMSUNG NP550XCJXS2BR X55 I7 16GB 1TB GFO,5999.0,9.0,ARANOUÁ - ANO 1 (10622-4),Luciana Cecilia Brito de Vasconcelos,Paulo Henrique Rocha Aride,Doado,101810.0,2020-11-24,2025-12-10,022-2025
3144,Máquina ou Equipamento,NOTEBOOK SAMSUNG NP550XCJXS2BR X55 I7 16GB 1TB GFO,5999.0,9.0,ARANOUÁ - ANO 1 (10622-4),Luciana Cecilia Brito de Vasconcelos,Paulo Henrique Rocha Aride,Doado,101810.0,2020-11-24,2025-12-10,022-2025
3145,Máquina ou Equipamento,NOTEBOOK SAMSUNG NP550XCJXS2BR X55 I7 16GB 1TB GFO,5999.0,9.0,ARANOUÁ - ANO 1 (10622-4),Luciana Cecilia Brito de Vasconcelos,Paulo Henrique Rocha Aride,Doado,101810.0,2020-11-24,2025-12-10,022-2025
3146,Máquina ou Equipamento,NOTEBOOK SAMSUNG NP550XCJXS2BR X55 I7 16GB 1TB GFO,5999.0,9.0,ARANOUÁ - ANO 1 (10622-4),Luciana Cecilia Brito de Vasconcelos,Paulo Henrique Rocha Aride,Doado,101810.0,2020-11-24,2025-12-10,022-2025
3147,Máquina ou Equipamento,NOTEBOOK SAMSUNG NP550XCJXS2BR X55 I7 16GB 1TB GFO,5999.0,9.0,ARANOUÁ - ANO 1 (10622-4),Luciana Cecilia Brito de Vasconcelos,Paulo Henrique Rocha Aride,Doado,101810.0,2020-11-24,2025-12-10,022-2025
3148,Máquina ou Equipamento,"Flip Chart Alum. c/Rodizio Luxo Ref.7007 Branco
Fonte da Carga Tributaria: IBPT",504.36,9.0,ARANOUÁ - ANO 1 (10622-4),Luciana Cecilia Brito de Vasconcelos,Paulo Henrique Rocha Aride,Doado,75332.0,2020-10-13,2025-12-10,022-2025
3149,"Livros, Coleções e Materiais Bibliográficos",Design Centrado no Usuario / Lowdermilk,53.0,9.0,ARANOUÁ - ANO 1 (10622-4),Luciana Cecilia Brito de Vasconcelos,Paulo Henrique Rocha Aride,Doado,150.0,2021-03-24,2025-12-10,022-2025
3150,"Livros, Coleções e Materiais Bibliográficos",DESIGN CENTRADO NO USUARIO / LOWDERMILK,53.0,9.0,ARANOUÁ - ANO 1 (10622-4),Luciana Cecilia Brito de Vasconcelos,Paulo Henrique Rocha Aride,Doado,150.0,2021-03-24,2025-12-10,022-2025
3151,"Livros, Coleções e Materiais Bibliográficos",Nao me Faca Pensar: Atualizado / Steve krug,92.0,9.0,ARANOUÁ - ANO 1 (10622-4),Luciana Cecilia Brito de Vasconcelos,Paulo Henrique Rocha Aride,Doado,150.0,2021-03-24,2025-12-10,022-2025
3152,"Livros, Coleções e Materiais Bibliográficos",Nao me Faca Pensar: Atualizado / Steve krug,92.0,9.0,ARANOUÁ - ANO 1 (10622-4),Luciana Cecilia Brito de Vasconcelos,Paulo Henrique Rocha Aride,Doado,150.0,2021-03-24,2025-12-10,022-2025
3153,"Livros, Coleções e Materiais Bibliográficos","Design digital: conceitos e aplicacoes para websites, animacoes, videos
e webgames / Fabiana Guerra",54.0,9.0,ARANOUÁ - ANO 1 (10622-4),Luciana Cecilia Brito de Vasconcelos,Paulo Henrique Rocha Aride,Doado,150.0,2021-03-24,2025-12-10,022-2025
3154,"Livros, Coleções e Materiais Bibliográficos","Engenharia de Requisitos: software orientado ao negocio / Carlos
Eduardo Vazquez",86.0,9.0,ARANOUÁ - ANO 1 (10622-4),Luciana Cecilia Brito de Vasconcelos,Paulo Henrique Rocha Aride,Doado,150.0,2021-03-24,2025-12-10,022-2025
3155,Máquina ou Equipamento,NOTEBOOK SAMSUNG NP550XCJXS2BR X55 I7 16GB 1TB GFO,5999.0,9.0,ARANOUÁ - ANO 1 (10622-4),Luciana Cecilia Brito de Vasconcelos,Paulo Henrique Rocha Aride,Doado,101810.0,2020-11-24,2025-12-10,022-2025
3156,Máquina ou Equipamento,NOTEBOOK SAMSUNG NP550XCJXS2BR X55 I7 16GB 1TB GFO,5999.0,9.0,ARANOUÁ - ANO 1 (10622-4),Luciana Cecilia Brito de Vasconcelos,Paulo Henrique Rocha Aride,Doado,101810.0,2020-11-24,2025-12-10,022-2025
3157,Máquina ou Equipamento,NOTEBOOK SAMSUNG NP550XCJXS2BR X55 I7 16GB 1TB GFO,5999.0,9.0,ARANOUÁ - ANO 1 (10622-4),Luciana Cecilia Brito de Vasconcelos,Paulo Henrique Rocha Aride,Doado,101810.0,2020-11-24,2025-12-10,022-2025
3158,Máquina ou Equipamento,NOTEBOOK SAMSUNG NP550XCJXS2BR X55 I7 16GB 1TB GFO,5999.0,9.0,ARANOUÁ - ANO 1 (10622-4),Luciana Cecilia Brito de Vasconcelos,Paulo Henrique Rocha Aride,Doado,101810.0,2020-11-24,2025-12-10,022-2025
3159,Máquina ou Equipamento,NOTEBOOK SAMSUNG NP550XCJXS2BR X55 I7 16GB 1TB GFO,5999.0,9.0,ARANOUÁ - ANO 1 (10622-4),Luciana Cecilia Brito de Vasconcelos,Paulo Henrique Rocha Aride,Doado,101810.0,2020-11-24,2025-12-10,022-2025
3160,Máquina ou Equipamento,NOTEBOOK DELL INSPIRON 15 SERIE 3000 INTEL I7- 8565U ( 1.8 GHZ) WINDOWS 10 HOME PLACA DE VIDEO INTEGRADA GRAPHICS 620),6279.0,9.0,ARANOUÁ - ANO 1 (10622-4),Luciana Cecilia Brito de Vasconcelos,Paulo Henrique Rocha Aride,Doado,7706.0,2020-10-07,2025-12-10,022-2025
3161,Máquina ou Equipamento,NOTEBOOK SAMSUNG NP550XCJXS2BR X55 I7 16GB 1TB GFO,5999.0,9.0,ARANOUÁ - ANO 1 (10622-4),Luciana Cecilia Brito de Vasconcelos,Paulo Henrique Rocha Aride,Doado,101810.0,2020-11-24,2025-12-10,022-2025
3162,Máquina ou Equipamento,NOTEBOOK SAMSUNG NP550XCJXS2BR X55 I7 16GB 1TB GFO,5999.0,9.0,ARANOUÁ - ANO 1 (10622-4),Luciana Cecilia Brito de Vasconcelos,Paulo Henrique Rocha Aride,Doado,101810.0,2020-11-24,2025-12-10,022-2025
3163,Máquina ou Equipamento,NOTEBOOK SAMSUNG NP550XCJXS2BR X55 I7 16GB 1TB GFO,5999.0,9.0,ARANOUÁ - ANO 1 (10622-4),Luciana Cecilia Brito de Vasconcelos,Paulo Henrique Rocha Aride,Doado,101810.0,2020-11-24,2025-12-10,022-2025
3164,Máquina ou Equipamento,NOTEBOOK DELL INSPIRON 15 SERIE 3000 INTEL I7- 8565U ( 1.8 GHZ) WINDOWS 10 HOME PLACA DE VIDEO INTEGRADA GRAPHICS 620),6279.0,9.0,ARANOUÁ - ANO 1 (10622-4),Luciana Cecilia Brito de Vasconcelos,Paulo Henrique Rocha Aride,Doado,7706.0,2020-10-07,2025-12-10,022-2025
3165,Máquina ou Equipamento,NOTEBOOK DELL INSPIRON 15 SERIE 3000 INTEL I7- 8565U ( 1.8 GHZ) WINDOWS 10 HOME PLACA DE VIDEO INTEGRADA GRAPHICS 620),6279.0,9.0,ARANOUÁ - ANO 1 (10622-4),Luciana Cecilia Brito de Vasconcelos,Paulo Henrique Rocha Aride,Doado,7706.0,2020-10-07,2025-12-10,022-2025
3166,Licença de Software ,"SOFT OFFICE HOME STUDENT 2019 32/64B (L)

",669.95,9.0,ARANOUÁ - ANO 1 (10622-4),Luciana Cecilia Brito de Vasconcelos,Paulo Henrique Rocha Aride,Doado,17965.0,2020-11-18,2025-12-10,022-2025
3167,Licença de Software ,"SOFT OFFICE HOME STUDENT 2019 32/64B (L)


",669.95,9.0,ARANOUÁ - ANO 1 (10622-4),Luciana Cecilia Brito de Vasconcelos,Paulo Henrique Rocha Aride,Doado,17965.0,2020-11-18,2025-12-10,022-2025
3168,Licença de Software ,"SOFT OFFICE HOME STUDENT 2019 32/64B (L)


",669.95,9.0,ARANOUÁ - ANO 1 (10622-4),Luciana Cecilia Brito de Vasconcelos,Paulo Henrique Rocha Aride,Doado,17965.0,2020-11-18,2025-12-10,022-2025
3169,"Livros, Coleções e Materiais Bibliográficos","Internet das Coisas com ESP8266, Arduino e Raspberry Pi / Sergio de
Oliveira",145.0,9.0,ARANOUÁ - ANO 1 (10622-4),Luciana Cecilia Brito de Vasconcelos,Paulo Henrique Rocha Aride,Doado,150.0,2021-03-24,2025-12-10,022-2025
3170,"Livros, Coleções e Materiais Bibliográficos",internet das Coisas - Introducao Pratica / Pedro Coelho,495.0,9.0,ARANOUÁ - ANO 1 (10622-4),Luciana Cecilia Brito de Vasconcelos,Paulo Henrique Rocha Aride,Doado,150.0,2021-03-24,2025-12-10,022-2025
3171,"Livros, Coleções e Materiais Bibliográficos",Java: como programar / Paul Deitel,449.0,9.0,ARANOUÁ - ANO 1 (10622-4),Luciana Cecilia Brito de Vasconcelos,Paulo Henrique Rocha Aride,Doado,150.0,2021-03-24,2025-12-10,022-2025
3172,Licença de Software ,SOFT OFFICE HOME STUDENT 2019 32/64B (L),549.95,9.0,ARANOUÁ - ANO 1 (10622-4),Luciana Cecilia Brito de Vasconcelos,Paulo Henrique Rocha Aride,Doado,16505.0,2020-09-16,2025-12-10,022-2025
3173,Licença de Software ,SOFT OFFICE HOME STUDENT 2019 32/64B (L),549.95,9.0,ARANOUÁ - ANO 1 (10622-4),Luciana Cecilia Brito de Vasconcelos,Paulo Henrique Rocha Aride,Doado,16505.0,2020-09-16,2025-12-10,022-2025
3174,Licença de Software ,"SOFT OFFICE HOME STUDENT 2019 32/64B (L)


",549.95,9.0,ARANOUÁ - ANO 1 (10622-4),Luciana Cecilia Brito de Vasconcelos,Paulo Henrique Rocha Aride,Doado,16505.0,2020-09-16,2025-12-10,022-2025
3175,Licença de Software ,"SOFT OFFICE HOME STUDENT 2019 32/64B (L)

",549.95,9.0,ARANOUÁ - ANO 1 (10622-4),Luciana Cecilia Brito de Vasconcelos,Paulo Henrique Rocha Aride,Doado,16505.0,2020-09-16,2025-12-10,022-2025
3176,Licença de Software ,"SOFT OFFICE HOME STUDENT 2019 32/64B (L)


",549.95,9.0,ARANOUÁ - ANO 1 (10622-4),Luciana Cecilia Brito de Vasconcelos,Paulo Henrique Rocha Aride,Doado,16505.0,2020-09-16,2025-12-10,022-2025
3177,Licença de Software ,"SOFT OFFICE HOME STUDENT 2019 32/64B (L)

",549.95,9.0,ARANOUÁ - ANO 1 (10622-4),Luciana Cecilia Brito de Vasconcelos,Paulo Henrique Rocha Aride,Doado,16505.0,2020-09-16,2025-12-10,022-2025
3178,Licença de Software ,"SOFT OFFICE HOME STUDENT 2019 32/64B (L)

",549.95,9.0,ARANOUÁ - ANO 1 (10622-4),Luciana Cecilia Brito de Vasconcelos,Paulo Henrique Rocha Aride,Doado,16505.0,2020-09-16,2025-12-10,022-2025
3179,Licença de Software ,"SOFT OFFICE HOME STUDENT 2019 32/64B (L)

",549.95,9.0,ARANOUÁ - ANO 1 (10622-4),Luciana Cecilia Brito de Vasconcelos,Paulo Henrique Rocha Aride,Doado,16505.0,2020-09-16,2025-12-10,022-2025
3180,Licença de Software ,"SOFT OFFICE HOME STUDENT 2019 32/64B (L)


",549.95,9.0,ARANOUÁ - ANO 1 (10622-4),Luciana Cecilia Brito de Vasconcelos,Paulo Henrique Rocha Aride,Doado,16505.0,2020-09-16,2025-12-10,022-2025
3181,Licença de Software ,SOFT OFFICE HOME STUDENT 2019 32/64B (L),549.95,9.0,ARANOUÁ - ANO 1 (10622-4),Luciana Cecilia Brito de Vasconcelos,Paulo Henrique Rocha Aride,Doado,16505.0,2020-09-16,2025-12-10,022-2025
3182,Licença de Software ,"SOFT OFFICE HOME STUDENT 2019 32/64B (L)
",549.95,9.0,ARANOUÁ - ANO 1 (10622-4),Luciana Cecilia Brito de Vasconcelos,Paulo Henrique Rocha Aride,Doado,16505.0,2020-09-16,2025-12-10,022-2025
3183,Máquina ou Equipamento,NOTEBOOK SAMSUNG NP550XCJXS2BR X55 I7 16GB 1TB GFO,5999.0,9.0,ARANOUÁ - ANO 1 (10622-4),Luciana Cecilia Brito de Vasconcelos,Paulo Henrique Rocha Aride,Doado,101810.0,2020-11-24,2025-12-10,022-2025
3184,Máquina ou Equipamento,NOTEBOOK SAMSUNG NP550XCJXS2BR X55 I7 16GB 1TB GFO,5999.0,9.0,ARANOUÁ - ANO 1 (10622-4),Luciana Cecilia Brito de Vasconcelos,Paulo Henrique Rocha Aride,Doado,101810.0,2020-11-24,2025-12-10,022-2025
3185,Máquina ou Equipamento,NOTEBOOK SAMSUNG NP550XCJXS2BR X55 I7 16GB 1TB GFO,5999.0,9.0,ARANOUÁ - ANO 1 (10622-4),Luciana Cecilia Brito de Vasconcelos,Paulo Henrique Rocha Aride,Doado,101810.0,2020-11-24,2025-12-10,022-2025
3186,Máquina ou Equipamento,NOTEBOOK SAMSUNG NP550XCJXS2BR X55 I7 16GB 1TB GFO,5999.0,9.0,ARANOUÁ - ANO 1 (10622-4),Luciana Cecilia Brito de Vasconcelos,Paulo Henrique Rocha Aride,Doado,101810.0,2020-11-24,2025-12-10,022-2025
3187,Máquina ou Equipamento,NOTEBOOK SAMSUNG NP550XCJXS2BR X55 I7 16GB 1TB GFO,5999.0,9.0,ARANOUÁ - ANO 1 (10622-4),Luciana Cecilia Brito de Vasconcelos,Paulo Henrique Rocha Aride,Doado,101810.0,2020-11-24,2025-12-10,022-2025
3188,Máquina ou Equipamento,NOTEBOOK SAMSUNG NP550XCJXS2BR X55 I7 16GB 1TB GFO,5999.0,9.0,ARANOUÁ - ANO 1 (10622-4),Luciana Cecilia Brito de Vasconcelos,Paulo Henrique Rocha Aride,Doado,101810.0,2020-11-24,2025-12-10,022-2025
3189,Máquina ou Equipamento,NOTEBOOK SAMSUNG NP550XCJXS2BR X55 I7 16GB 1TB GFO,5999.0,9.0,ARANOUÁ - ANO 1 (10622-4),Luciana Cecilia Brito de Vasconcelos,Paulo Henrique Rocha Aride,Doado,101810.0,2020-11-24,2025-12-10,022-2025
3190,Máquina ou Equipamento,NOTEBOOK SAMSUNG NP550XCJXS2BR X55 I7 16GB 1TB GFO,5999.0,9.0,ARANOUÁ - ANO 1 (10622-4),Luciana Cecilia Brito de Vasconcelos,Paulo Henrique Rocha Aride,Doado,101810.0,2020-11-24,2025-12-10,022-2025
3191,Máquina ou Equipamento,NOTEBOOK SAMSUNG NP550XCJXS2BR X55 I7 16GB 1TB GFO,5999.0,9.0,ARANOUÁ - ANO 1 (10622-4),Luciana Cecilia Brito de Vasconcelos,Paulo Henrique Rocha Aride,Doado,101810.0,2020-11-24,2025-12-10,022-2025
3192,Máquina ou Equipamento,NOTEBOOK SAMSUNG NP550XCJXS2BR X55 I7 16GB 1TB GFO,5999.0,9.0,ARANOUÁ - ANO 1 (10622-4),Luciana Cecilia Brito de Vasconcelos,Paulo Henrique Rocha Aride,Doado,101810.0,2020-11-24,2025-12-10,022-2025
3193,Máquina ou Equipamento,NOTEBOOK SAMSUNG NP550XCJXS2BR X55 I7 16GB 1TB GFO,5999.0,9.0,ARANOUÁ - ANO 1 (10622-4),Luciana Cecilia Brito de Vasconcelos,Paulo Henrique Rocha Aride,Doado,101810.0,2020-11-24,2025-12-10,022-2025
3194,Máquina ou Equipamento,NOTEBOOK SAMSUNG NP550XCJXS2BR X55 I7 16GB 1TB GFO,5999.0,9.0,ARANOUÁ - ANO 1 (10622-4),Luciana Cecilia Brito de Vasconcelos,Paulo Henrique Rocha Aride,Doado,101810.0,2020-11-24,2025-12-10,022-2025
3195,Máquina ou Equipamento,NOTEBOOK SAMSUNG NP550XCJXS2BR X55 I7 16GB 1TB GFO,5999.0,9.0,ARANOUÁ - ANO 1 (10622-4),Luciana Cecilia Brito de Vasconcelos,Paulo Henrique Rocha Aride,Doado,101810.0,2020-11-24,2025-12-10,022-2025
3196,Máquina ou Equipamento,NOTEBOOK SAMSUNG NP550XCJXS2BR X55 I7 16GB 1TB GFO,5999.0,9.0,ARANOUÁ - ANO 1 (10622-4),Luciana Cecilia Brito de Vasconcelos,Paulo Henrique Rocha Aride,Doado,101810.0,2020-11-24,2025-12-10,022-2025
3197,Máquina ou Equipamento,NOTEBOOK SAMSUNG NP550XCJXS2BR X55 I7 16GB 1TB GFO,5999.0,9.0,ARANOUÁ - ANO 1 (10622-4),Luciana Cecilia Brito de Vasconcelos,Paulo Henrique Rocha Aride,Doado,101810.0,2020-11-24,2025-12-10,022-2025
3198,Máquina ou Equipamento,NOTEBOOK SAMSUNG NP550XCJXS2BR X55 I7 16GB 1TB GFO,5999.0,9.0,ARANOUÁ - ANO 1 (10622-4),Luciana Cecilia Brito de Vasconcelos,Paulo Henrique Rocha Aride,Doado,101810.0,2020-11-24,2025-12-10,022-2025
3199,Máquina ou Equipamento,NOTEBOOK SAMSUNG NP550XCJXS2BR X55 I7 16GB 1TB GFO,5999.0,9.0,ARANOUÁ - ANO 1 (10622-4),Luciana Cecilia Brito de Vasconcelos,Paulo Henrique Rocha Aride,Doado,101810.0,2020-11-24,2025-12-10,022-2025
3200,Máquina ou Equipamento,NOTEBOOK SAMSUNG NP550XCJXS2BR X55 I7 16GB 1TB GFO,5999.0,9.0,ARANOUÁ - ANO 1 (10622-4),Luciana Cecilia Brito de Vasconcelos,Paulo Henrique Rocha Aride,Doado,101810.0,2020-11-24,2025-12-10,022-2025
3201,Máquina ou Equipamento,NOTEBOOK SAMSUNG NP550XCJXS2BR X55 I7 16GB 1TB GFO,5999.0,9.0,ARANOUÁ - ANO 1 (10622-4),Luciana Cecilia Brito de Vasconcelos,Paulo Henrique Rocha Aride,Doado,101810.0,2020-11-24,2025-12-10,022-2025
3202,Máquina ou Equipamento,NOTEBOOK SAMSUNG NP550XCJXS2BR X55 I7 16GB 1TB GFO,5999.0,9.0,ARANOUÁ - ANO 1 (10622-4),Luciana Cecilia Brito de Vasconcelos,Paulo Henrique Rocha Aride,Doado,101810.0,2020-11-24,2025-12-10,022-2025
3203,Máquina ou Equipamento,NOTEBOOK SAMSUNG NP550XCJXS2BR X55 I7 16GB 1TB GFO,5999.0,9.0,ARANOUÁ - ANO 1 (10622-4),Luciana Cecilia Brito de Vasconcelos,Paulo Henrique Rocha Aride,Doado,101810.0,2020-11-24,2025-12-10,022-2025
3204,Máquina ou Equipamento,IMPRESSORA EPSON MULT L3110,1249.9,9.0,ARANOUÁ - ANO 1 (10622-4),Luciana Cecilia Brito de Vasconcelos,Paulo Henrique Rocha Aride,Doado,40459.0,2020-12-11,2025-12-10,022-2025
3205,Máquina ou Equipamento,NOTEBOOK SAMSUNG NP550XCJXS2BR X55 I7 16GB 1TB GFO,5999.0,9.0,ARANOUÁ - ANO 1 (10622-4),Luciana Cecilia Brito de Vasconcelos,Paulo Henrique Rocha Aride,Doado,101810.0,2020-11-24,2025-12-10,022-2025
3206,Máquina ou Equipamento,NOTEBOOK DELL INSPIRON 15 SERIE 3000 INTEL I7- 8565U ( 1.8 GHZ) WINDOWS 10 HOME PLACA DE VIDEO INTEGRADA GRAPHICS 620),6279.0,9.0,ARANOUÁ - ANO 1 (10622-4),Luciana Cecilia Brito de Vasconcelos,Paulo Henrique Rocha Aride,Doado,7706.0,2020-10-07,2025-12-10,022-2025
3207,Máquina ou Equipamento,NOTEBOOK DELL INSPIRON 15 SERIE 3000 INTEL I7- 8565U ( 1.8 GHZ) WINDOWS 10 HOME PLACA DE VIDEO INTEGRADA GRAPHICS 620),6279.0,9.0,ARANOUÁ - ANO 1 (10622-4),Luciana Cecilia Brito de Vasconcelos,Paulo Henrique Rocha Aride,Doado,7706.0,2020-10-07,2025-12-10,022-2025
3208,Máquina ou Equipamento,NOTEBOOK DELL INSPIRON 15 SERIE 3000 INTEL I7- 8565U ( 1.8 GHZ) WINDOWS 10 HOME PLACA DE VIDEO INTEGRADA GRAPHICS 620),6279.0,9.0,ARANOUÁ - ANO 1 (10622-4),Luciana Cecilia Brito de Vasconcelos,Paulo Henrique Rocha Aride,Doado,7706.0,2020-10-07,2025-12-10,022-2025
3209,Máquina ou Equipamento,NOTEBOOK DELL INSPIRON 15 SERIE 3000 INTEL I7- 8565U ( 1.8 GHZ) WINDOWS 10 HOME PLACA DE VIDEO INTEGRADA GRAPHICS 620),6279.0,9.0,ARANOUÁ - ANO 1 (10622-4),Luciana Cecilia Brito de Vasconcelos,Paulo Henrique Rocha Aride,Doado,7706.0,2020-10-07,2025-12-10,022-2025
3210,Máquina ou Equipamento,NOTEBOOK DELL INSPIRON 15 SERIE 3000 INTEL I7- 8565U ( 1.8 GHZ) WINDOWS 10 HOME PLACA DE VIDEO INTEGRADA GRAPHICS 620),6279.0,9.0,ARANOUÁ - ANO 1 (10622-4),Luciana Cecilia Brito de Vasconcelos,Paulo Henrique Rocha Aride,Doado,7706.0,2020-10-07,2025-12-10,022-2025
3211,Máquina ou Equipamento,NOTEBOOK DELL INSPIRON 15 SERIE 3000 INTEL I7- 8565U ( 1.8 GHZ) WINDOWS 10 HOME PLACA DE VIDEO INTEGRADA GRAPHICS 620),6279.0,9.0,ARANOUÁ - ANO 1 (10622-4),Luciana Cecilia Brito de Vasconcelos,Paulo Henrique Rocha Aride,Doado,7706.0,2020-10-07,2025-12-10,022-2025
3212,Máquina ou Equipamento,NOTEBOOK DELL INSPIRON 15 SERIE 3000 INTEL I7- 8565U ( 1.8 GHZ) WINDOWS 10 HOME PLACA DE VIDEO INTEGRADA GRAPHICS 620),6279.0,9.0,ARANOUÁ - ANO 1 (10622-4),Luciana Cecilia Brito de Vasconcelos,Paulo Henrique Rocha Aride,Doado,7706.0,2020-10-07,2025-12-10,022-2025
3213,Máquina ou Equipamento,NOTEBOOK DELL INSPIRON 15 SERIE 3000 INTEL I7- 8565U ( 1.8 GHZ) WINDOWS 10 HOME PLACA DE VIDEO INTEGRADA GRAPHICS 620),6279.0,9.0,ARANOUÁ - ANO 1 (10622-4),Luciana Cecilia Brito de Vasconcelos,Paulo Henrique Rocha Aride,Doado,7706.0,2020-10-07,2025-12-10,022-2025
3214,Máquina ou Equipamento,IMPRESSORA MULTIFUNCIONAL ECOTANK L6171 - EPSON,2949.0,9.0,ARANOUÁ - ANO 1 (10622-4),Luciana Cecilia Brito de Vasconcelos,Paulo Henrique Rocha Aride,Doado,815.0,2021-02-11,2025-12-10,022-2025
3215,Máquina ou Equipamento,NOTEBOOK SAMSUNG NP550XCJXS2BR X55 I7 16GB 1TB GFO,5999.0,9.0,ARANOUÁ - ANO 1 (10622-4),Luciana Cecilia Brito de Vasconcelos,Paulo Henrique Rocha Aride,Doado,101810.0,2020-11-24,2025-12-10,022-2025
3216,Máquina ou Equipamento,NOTEBOOK SAMSUNG NP550XCJXS2BR X55 I7 16GB 1TB GFO,5999.0,9.0,ARANOUÁ - ANO 1 (10622-4),Luciana Cecilia Brito de Vasconcelos,Paulo Henrique Rocha Aride,Doado,101810.0,2020-11-24,2025-12-10,022-2025
3217,Máquina ou Equipamento,NOTEBOOK SAMSUNG NP550XCJXS2BR X55 I7 16GB 1TB GFO,5999.0,9.0,ARANOUÁ - ANO 1 (10622-4),Luciana Cecilia Brito de Vasconcelos,Paulo Henrique Rocha Aride,Doado,101810.0,2020-11-24,2025-12-10,022-2025
3218,Máquina ou Equipamento,NOTEBOOK SAMSUNG NP550XCJXS2BR X55 I7 16GB 1TB GFO,5999.0,9.0,ARANOUÁ - ANO 1 (10622-4),Luciana Cecilia Brito de Vasconcelos,Paulo Henrique Rocha Aride,Doado,101810.0,2020-11-24,2025-12-10,022-2025
3219,Máquina ou Equipamento,NOTEBOOK SAMSUNG NP550XCJXS2BR X55 I7 16GB 1TB GFO',5999.0,9.0,ARANOUÁ - ANO 1 (10622-4),Luciana Cecilia Brito de Vasconcelos,Paulo Henrique Rocha Aride,Doado,101810.0,2020-11-24,2025-12-10,022-2025
3220,Máquina ou Equipamento,NOTEBOOK SAMSUNG NP550XCJXS2BR X55 I7 16GB 1TB GFO,5999.0,9.0,ARANOUÁ - ANO 1 (10622-4),Luciana Cecilia Brito de Vasconcelos,Paulo Henrique Rocha Aride,Doado,101810.0,2020-11-24,2025-12-10,022-2025
3221,Máquina ou Equipamento,NOTEBOOK DELL INSPIRON 15 SERIE 3000 INTEL I7- 8565U ( 1.8 GHZ) WINDOWS 10 HOME PLACA DE VIDEO INTEGRADA GRAPHICS 620),6279.0,9.0,ARANOUÁ - ANO 1 (10622-4),Luciana Cecilia Brito de Vasconcelos,Paulo Henrique Rocha Aride,Doado,7706.0,2020-10-07,2025-12-10,022-2025
3222,Máquina ou Equipamento,NOTEBOOK DELL INSPIRON 15 SERIE 3000 INTEL I7- 8565U ( 1.8 GHZ) WINDOWS 10 HOME PLACA DE VIDEO INTEGRADA GRAPHICS 620),6279.0,9.0,ARANOUÁ - ANO 1 (10622-4),Luciana Cecilia Brito de Vasconcelos,Paulo Henrique Rocha Aride,Doado,7706.0,2020-10-07,2025-12-10,022-2025
3223,Máquina ou Equipamento,"NOTEBOOK DELL INSPIRON 15 SERIE 3000 INTEL I7- 8565U ( 1.8 GHZ) WINDOWS 10 HOME PLACA DE VIDEO INTEGRADA GRAPHICS 620)
",6279.0,9.0,ARANOUÁ - ANO 1 (10622-4),Luciana Cecilia Brito de Vasconcelos,Paulo Henrique Rocha Aride,Doado,7706.0,2020-10-07,2025-12-10,022-2025
3224,Máquina ou Equipamento,NOTEBOOK DELL INSPIRON 15 SERIE 3000 INTEL I7- 8565U ( 1.8 GHZ) WINDOWS 10 HOME PLACA DE VIDEO INTEGRADA GRAPHICS 620),6279.0,9.0,ARANOUÁ - ANO 1 (10622-4),Luciana Cecilia Brito de Vasconcelos,Paulo Henrique Rocha Aride,Doado,7706.0,2020-10-07,2025-12-10,022-2025
3225,Máquina ou Equipamento,NOTEBOOK DELL INSPIRON 15 SERIE 3000 INTEL I7- 8565U ( 1.8 GHZ) WINDOWS 10 HOME PLACA DE VIDEO INTEGRADA GRAPHICS 620),6279.0,9.0,ARANOUÁ - ANO 1 (10622-4),Luciana Cecilia Brito de Vasconcelos,Paulo Henrique Rocha Aride,Doado,7706.0,2020-10-07,2025-12-10,022-2025
3226,Máquina ou Equipamento,NOTEBOOK DELL INSPIRON 15 SERIE 3000 INTEL I7- 8565U ( 1.8 GHZ) WINDOWS 10 HOME PLACA DE VIDEO INTEGRADA GRAPHICS 620),6279.0,9.0,ARANOUÁ - ANO 1 (10622-4),Luciana Cecilia Brito de Vasconcelos,Paulo Henrique Rocha Aride,Doado,7706.0,2020-10-07,2025-12-10,022-2025
3227,Máquina ou Equipamento,NOTEBOOK DELL INSPIRON 15 SERIE 3000 INTEL I7- 8565U ( 1.8 GHZ) WINDOWS 10 HOME PLACA DE VIDEO INTEGRADA GRAPHICS 620),6279.0,9.0,ARANOUÁ - ANO 1 (10622-4),Luciana Cecilia Brito de Vasconcelos,Paulo Henrique Rocha Aride,Doado,7706.0,2020-10-07,2025-12-10,022-2025
3228,Máquina ou Equipamento,NOTEBOOK DELL INSPIRON 15 SERIE 3000 INTEL I7- 8565U ( 1.8 GHZ) WINDOWS 10 HOME PLACA DE VIDEO INTEGRADA GRAPHICS 620),6279.0,9.0,ARANOUÁ - ANO 1 (10622-4),Luciana Cecilia Brito de Vasconcelos,Paulo Henrique Rocha Aride,Doado,7706.0,2020-10-07,2025-12-10,022-2025
3229,Máquina ou Equipamento,NOTEBOOK DELL INSPIRON 15 SERIE 3000 INTEL I7- 8565U ( 1.8 GHZ) WINDOWS 10 HOME PLACA DE VIDEO INTEGRADA GRAPHICS 620),6279.0,9.0,ARANOUÁ - ANO 1 (10622-4),Luciana Cecilia Brito de Vasconcelos,Paulo Henrique Rocha Aride,Doado,7706.0,2020-10-07,2025-12-10,022-2025
3230,Máquina ou Equipamento,NOTEBOOK SAMSUNG NP550XCJXS2BR X55 I7 16GB 1TB GFO,5999.0,9.0,ARANOUÁ - ANO 1 (10622-4),Luciana Cecilia Brito de Vasconcelos,Paulo Henrique Rocha Aride,Doado,101810.0,2020-11-24,2025-12-10,022-2025
3231,Máquina ou Equipamento,NOTEBOOK SAMSUNG NP550XCJXS2BR X55 I7 16GB 1TB GFO,5999.0,9.0,ARANOUÁ - ANO 1 (10622-4),Luciana Cecilia Brito de Vasconcelos,Paulo Henrique Rocha Aride,Doado,101810.0,2020-11-24,2025-12-10,022-2025
3232,Máquina ou Equipamento,NOTEBOOK SAMSUNG NP550XCJXS2BR X55 I7 16GB 1TB GFO,5999.0,9.0,ARANOUÁ - ANO 1 (10622-4),Luciana Cecilia Brito de Vasconcelos,Paulo Henrique Rocha Aride,Doado,101810.0,2020-11-24,2025-12-10,022-2025
3233,Máquina ou Equipamento,NOTEBOOK SAMSUNG NP550XCJXS2BR X55 I7 16GB 1TB GFO,5999.0,9.0,ARANOUÁ - ANO 1 (10622-4),Luciana Cecilia Brito de Vasconcelos,Paulo Henrique Rocha Aride,Doado,101810.0,2020-11-24,2025-12-10,022-2025
3234,Máquina ou Equipamento,NOTEBOOK SAMSUNG NP550XCJXS2BR X55 I7 16GB 1TB GFO,5999.0,9.0,ARANOUÁ - ANO 1 (10622-4),Luciana Cecilia Brito de Vasconcelos,Paulo Henrique Rocha Aride,Doado,101810.0,2020-11-24,2025-12-10,022-2025
3235,Máquina ou Equipamento,NOTEBOOK SAMSUNG NP550XCJXS2BR X55 I7 16GB 1TB GFO,5999.0,9.0,ARANOUÁ - ANO 1 (10622-4),Luciana Cecilia Brito de Vasconcelos,Paulo Henrique Rocha Aride,Doado,101810.0,2020-11-24,2025-12-10,022-2025
3236,Máquina ou Equipamento,NOTEBOOK SAMSUNG NP550XCJXS2BR X55 I7 16GB 1TB GFO,5999.0,9.0,ARANOUÁ - ANO 1 (10622-4),Luciana Cecilia Brito de Vasconcelos,Paulo Henrique Rocha Aride,Doado,101810.0,2020-11-24,2025-12-10,022-2025
3237,Máquina ou Equipamento,NOTEBOOK SAMSUNG NP550XCJXS2BR X55 I7 16GB 1TB GFO,5999.0,9.0,ARANOUÁ - ANO 1 (10622-4),Luciana Cecilia Brito de Vasconcelos,Paulo Henrique Rocha Aride,Doado,101810.0,2020-11-24,2025-12-10,022-2025
3238,Máquina ou Equipamento,NOTEBOOK SAMSUNG NP550XCJXS2BR X55 I7 16GB 1TB GFO,5999.0,9.0,ARANOUÁ - ANO 1 (10622-4),Luciana Cecilia Brito de Vasconcelos,Paulo Henrique Rocha Aride,Doado,101810.0,2020-11-24,2025-12-10,022-2025
3239,Máquina ou Equipamento,NOTEBOOK SAMSUNG NP550XCJXS2BR X55 I7 16GB 1TB GFO,5999.0,9.0,ARANOUÁ - ANO 1 (10622-4),Luciana Cecilia Brito de Vasconcelos,Paulo Henrique Rocha Aride,Doado,101810.0,2020-11-24,2025-12-10,022-2025
3240,Máquina ou Equipamento,NOTEBOOK SAMSUNG NP550XCJXS2BR X55 I7 16GB 1TB GFO,5999.0,9.0,ARANOUÁ - ANO 1 (10622-4),Luciana Cecilia Brito de Vasconcelos,Paulo Henrique Rocha Aride,Doado,101810.0,2020-11-24,2025-12-10,022-2025
3241,Máquina ou Equipamento,NOTEBOOK SAMSUNG NP550XCJXS2BR X55 I7 16GB 1TB GFO,5999.0,9.0,ARANOUÁ - ANO 1 (10622-4),Luciana Cecilia Brito de Vasconcelos,Paulo Henrique Rocha Aride,Doado,101810.0,2020-11-24,2025-12-10,022-2025
3242,Máquina ou Equipamento,NOTEBOOK SAMSUNG NP550XCJXS2BR X55 I7 16GB 1TB GFO,5999.0,9.0,ARANOUÁ - ANO 1 (10622-4),Luciana Cecilia Brito de Vasconcelos,Paulo Henrique Rocha Aride,Doado,101810.0,2020-11-24,2025-12-10,022-2025
3243,Máquina ou Equipamento,NOTEBOOK SAMSUNG NP550XCJXS2BR X55 I7 16GB 1TB GFO,5999.0,9.0,ARANOUÁ - ANO 1 (10622-4),Luciana Cecilia Brito de Vasconcelos,Paulo Henrique Rocha Aride,Doado,101810.0,2020-11-24,2025-12-10,022-2025
3244,Máquina ou Equipamento,NOTEBOOK SAMSUNG NP550XCJXS2BR X55 I7 16GB 1TB GFO,5999.0,9.0,ARANOUÁ - ANO 1 (10622-4),Luciana Cecilia Brito de Vasconcelos,Paulo Henrique Rocha Aride,Doado,101810.0,2020-11-24,2025-12-10,022-2025
3245,Máquina ou Equipamento,NOTEBOOK SAMSUNG NP550XCJXS2BR X55 I7 16GB 1TB GFO,5999.0,9.0,ARANOUÁ - ANO 1 (10622-4),Luciana Cecilia Brito de Vasconcelos,Paulo Henrique Rocha Aride,Doado,101810.0,2020-11-24,2025-12-10,022-2025
3246,Máquina ou Equipamento,NOTEBOOK SAMSUNG NP550XCJXS2BR X55 I7 16GB 1TB GFO,5999.0,9.0,ARANOUÁ - ANO 1 (10622-4),Luciana Cecilia Brito de Vasconcelos,Paulo Henrique Rocha Aride,Doado,101810.0,2020-11-24,2025-12-10,022-2025
3247,Máquina ou Equipamento,NOTEBOOK SAMSUNG NP550XCJXS2BR X55 I7 16GB 1TB GFO,5999.0,9.0,ARANOUÁ - ANO 1 (10622-4),Luciana Cecilia Brito de Vasconcelos,Paulo Henrique Rocha Aride,Doado,101810.0,2020-11-24,2025-12-10,022-2025
3248,"Móveis e estrutura: Armários, cadeiras, bancadas, mesas, estantes, caixas metálicas, gaveteiros, suportes, sofá, poltrona, geladeira, fogão frigobar","MESA ESCOLAR TRAPEZOIDAL ADULTO, METALON 40X20 FORMICADO AMARELO CROMO BR, ESTRUTURA PRETA



",155.0,9.0,ARANOUÁ - ANO 1 (10622-4),Luciana Cecilia Brito de Vasconcelos,Paulo Henrique Rocha Aride,Doado,725.0,2020-10-05,2025-12-10,022-2025
3249,"Móveis e estrutura: Armários, cadeiras, bancadas, mesas, estantes, caixas metálicas, gaveteiros, suportes, sofá, poltrona, geladeira, fogão frigobar","MESA ESCOLAR TRAPEZOIDAL ADULTO,
 METALON 40X20 FORMICADO VERDE
 OFICIAL TX, ESTRUTURA PRETA",155.0,9.0,ARANOUÁ - ANO 1 (10622-4),Luciana Cecilia Brito de Vasconcelos,Paulo Henrique Rocha Aride,Doado,725.0,2020-10-05,2025-12-10,022-2025
3250,"Móveis e estrutura: Armários, cadeiras, bancadas, mesas, estantes, caixas metálicas, gaveteiros, suportes, sofá, poltrona, geladeira, fogão frigobar","MESA ESCOLAR TRAPEZOIDAL ADULTO, METALON 40X20 FORMICADO AMARELO CROMO BR, ESTRUTURA PRETA

",155.0,9.0,ARANOUÁ - ANO 1 (10622-4),Luciana Cecilia Brito de Vasconcelos,Paulo Henrique Rocha Aride,Doado,725.0,2020-10-05,2025-12-10,022-2025
3251,"Móveis e estrutura: Armários, cadeiras, bancadas, mesas, estantes, caixas metálicas, gaveteiros, suportes, sofá, poltrona, geladeira, fogão frigobar","MESA ESCOLAR TRAPEZOIDAL ADULTO, METALON 40X20 FORMICADO LARANJA, ESTRUTURA PRETA



",155.0,9.0,ARANOUÁ - ANO 1 (10622-4),Luciana Cecilia Brito de Vasconcelos,Paulo Henrique Rocha Aride,Doado,725.0,2020-10-05,2025-12-10,022-2025
3252,"Móveis e estrutura: Armários, cadeiras, bancadas, mesas, estantes, caixas metálicas, gaveteiros, suportes, sofá, poltrona, geladeira, fogão frigobar","MESA ESCOLAR TRAPEZOIDAL ADULTO,
 METALON 40X20 FORMICADO VERDE
 OFICIAL TX, ESTRUTURA PRETA",155.0,9.0,ARANOUÁ - ANO 1 (10622-4),Luciana Cecilia Brito de Vasconcelos,Paulo Henrique Rocha Aride,Doado,725.0,2020-10-05,2025-12-10,022-2025
3253,"Móveis e estrutura: Armários, cadeiras, bancadas, mesas, estantes, caixas metálicas, gaveteiros, suportes, sofá, poltrona, geladeira, fogão frigobar","
MESA ESCOLAR TRAPEZOIDAL ADULTO, METALON 40X20 FORMICADO AMARELO CROMO BR, ESTRUTURA PRETA

",155.0,9.0,ARANOUÁ - ANO 1 (10622-4),Luciana Cecilia Brito de Vasconcelos,Paulo Henrique Rocha Aride,Doado,725.0,2020-10-05,2025-12-10,022-2025
3254,"Móveis e estrutura: Armários, cadeiras, bancadas, mesas, estantes, caixas metálicas, gaveteiros, suportes, sofá, poltrona, geladeira, fogão frigobar","MESA ESCOLAR TRAPEZOIDAL ADULTO, METALON 40X20 FORMICADO AMARELO CROMO BR, ESTRUTURA PRETA


",155.0,9.0,ARANOUÁ - ANO 1 (10622-4),Luciana Cecilia Brito de Vasconcelos,Paulo Henrique Rocha Aride,Doado,725.0,2020-10-05,2025-12-10,022-2025
3255,"Móveis e estrutura: Armários, cadeiras, bancadas, mesas, estantes, caixas metálicas, gaveteiros, suportes, sofá, poltrona, geladeira, fogão frigobar","MESA ESCOLAR TRAPEZOIDAL ADULTO,
 METALON 40X20 FORMICADO VERDE
 OFICIAL TX, ESTRUTURA PRETA
",155.0,9.0,ARANOUÁ - ANO 1 (10622-4),Luciana Cecilia Brito de Vasconcelos,Paulo Henrique Rocha Aride,Doado,725.0,2020-10-05,2025-12-10,022-2025
3256,"Móveis e estrutura: Armários, cadeiras, bancadas, mesas, estantes, caixas metálicas, gaveteiros, suportes, sofá, poltrona, geladeira, fogão frigobar","MESA ESCOLAR TRAPEZOIDAL ADULTO,
 METALON 40X20 FORMICADO VERDE
 OFICIAL TX, ESTRUTURA PRETAr
",155.0,9.0,ARANOUÁ - ANO 1 (10622-4),Luciana Cecilia Brito de Vasconcelos,Paulo Henrique Rocha Aride,Doado,725.0,2020-10-05,2025-12-10,022-2025
3257,"Móveis e estrutura: Armários, cadeiras, bancadas, mesas, estantes, caixas metálicas, gaveteiros, suportes, sofá, poltrona, geladeira, fogão frigobar","MESA ESCOLAR TRAPEZOIDAL ADULTO,
 METALON 40X20 FORMICADO AZUL
 FRANCES TX, ESTRUTURA PRETA.

",155.0,9.0,ARANOUÁ - ANO 1 (10622-4),Luciana Cecilia Brito de Vasconcelos,Paulo Henrique Rocha Aride,Doado,725.0,2020-10-05,2025-12-10,022-2025
3258,"Móveis e estrutura: Armários, cadeiras, bancadas, mesas, estantes, caixas metálicas, gaveteiros, suportes, sofá, poltrona, geladeira, fogão frigobar","MESA ESCOLAR TRAPEZOIDAL ADULTO, METALON 40X20 FORMICADO VERMELHO CARDEAL TX, ESTRUTURA PRETA

",155.0,9.0,ARANOUÁ - ANO 1 (10622-4),Luciana Cecilia Brito de Vasconcelos,Paulo Henrique Rocha Aride,Doado,725.0,2020-10-05,2025-12-10,022-2025
3259,"Móveis e estrutura: Armários, cadeiras, bancadas, mesas, estantes, caixas metálicas, gaveteiros, suportes, sofá, poltrona, geladeira, fogão frigobar","MESA ESCOLAR TRAPEZOIDAL ADULTO,
 METALON 40X20 FORMICADO AZUL
 FRANCES TX, ESTRUTURA PRETA.
",155.0,9.0,ARANOUÁ - ANO 1 (10622-4),Luciana Cecilia Brito de Vasconcelos,Paulo Henrique Rocha Aride,Doado,725.0,2020-10-05,2025-12-10,022-2025
3260,"Móveis e estrutura: Armários, cadeiras, bancadas, mesas, estantes, caixas metálicas, gaveteiros, suportes, sofá, poltrona, geladeira, fogão frigobar","MESA ESCOLAR TRAPEZOIDAL ADULTO, METALON 40X20 FORMICADO VERMELHO CARDEAL TX, ESTRUTURA PRETA


",155.0,9.0,ARANOUÁ - ANO 1 (10622-4),Luciana Cecilia Brito de Vasconcelos,Paulo Henrique Rocha Aride,Doado,725.0,2020-10-05,2025-12-10,022-2025
3261,"Móveis e estrutura: Armários, cadeiras, bancadas, mesas, estantes, caixas metálicas, gaveteiros, suportes, sofá, poltrona, geladeira, fogão frigobar","MESA ESCOLAR TRAPEZOIDAL ADULTO,
 METALON 40X20 FORMICADO AZUL
 FRANCES TX, ESTRUTURA PRETA.

",155.0,9.0,ARANOUÁ - ANO 1 (10622-4),Luciana Cecilia Brito de Vasconcelos,Paulo Henrique Rocha Aride,Doado,725.0,2020-10-05,2025-12-10,022-2025
3262,"Móveis e estrutura: Armários, cadeiras, bancadas, mesas, estantes, caixas metálicas, gaveteiros, suportes, sofá, poltrona, geladeira, fogão frigobar","MESA ESCOLAR TRAPEZOIDAL ADULTO,
 METALON 40X20 FORMICADO VERDE
 OFICIAL TX, ESTRUTURA PRETA",155.0,9.0,ARANOUÁ - ANO 1 (10622-4),Luciana Cecilia Brito de Vasconcelos,Paulo Henrique Rocha Aride,Doado,725.0,2020-10-05,2025-12-10,022-2025
3263,"Móveis e estrutura: Armários, cadeiras, bancadas, mesas, estantes, caixas metálicas, gaveteiros, suportes, sofá, poltrona, geladeira, fogão frigobar","MESA ESCOLAR TRAPEZOIDAL ADULTO,
 METALON 40X20 FORMICADO VERDE
 OFICIAL TX, ESTRUTURA PRETA
",155.0,9.0,ARANOUÁ - ANO 1 (10622-4),Luciana Cecilia Brito de Vasconcelos,Paulo Henrique Rocha Aride,Doado,725.0,2020-10-05,2025-12-10,022-2025
3264,"Móveis e estrutura: Armários, cadeiras, bancadas, mesas, estantes, caixas metálicas, gaveteiros, suportes, sofá, poltrona, geladeira, fogão frigobar","MESA ESCOLAR TRAPEZOIDAL ADULTO, METALON 40X20 FORMICADO AMARELO CROMO BR, ESTRUTURA PRETA



",155.0,9.0,ARANOUÁ - ANO 1 (10622-4),Luciana Cecilia Brito de Vasconcelos,Paulo Henrique Rocha Aride,Doado,725.0,2020-10-05,2025-12-10,022-2025
3265,"Móveis e estrutura: Armários, cadeiras, bancadas, mesas, estantes, caixas metálicas, gaveteiros, suportes, sofá, poltrona, geladeira, fogão frigobar","MESA ESCOLAR TRAPEZOIDAL ADULTO, METALON 40X20 FORMICADO AMARELO CROMO BR, ESTRUTURA PRETA



",155.0,9.0,ARANOUÁ - ANO 1 (10622-4),Luciana Cecilia Brito de Vasconcelos,Paulo Henrique Rocha Aride,Doado,725.0,2020-10-05,2025-12-10,022-2025
3266,"Móveis e estrutura: Armários, cadeiras, bancadas, mesas, estantes, caixas metálicas, gaveteiros, suportes, sofá, poltrona, geladeira, fogão frigobar","MESA ESCOLAR TRAPEZOIDAL ADULTO,
 METALON 40X20 FORMICADO BRANCO BR,
 ESTRUTURA PRETA
",155.0,9.0,ARANOUÁ - ANO 1 (10622-4),Luciana Cecilia Brito de Vasconcelos,Paulo Henrique Rocha Aride,Doado,725.0,2020-10-05,2025-12-10,022-2025
3267,"Móveis e estrutura: Armários, cadeiras, bancadas, mesas, estantes, caixas metálicas, gaveteiros, suportes, sofá, poltrona, geladeira, fogão frigobar","MESA ESCOLAR TRAPEZOIDAL ADULTO, METALON 40X20 FORMICADO LARANJA, ESTRUTURA PRETA


",155.0,9.0,ARANOUÁ - ANO 1 (10622-4),Luciana Cecilia Brito de Vasconcelos,Paulo Henrique Rocha Aride,Doado,725.0,2020-10-05,2025-12-10,022-2025
3268,"Móveis e estrutura: Armários, cadeiras, bancadas, mesas, estantes, caixas metálicas, gaveteiros, suportes, sofá, poltrona, geladeira, fogão frigobar","MESA ESCOLAR TRAPEZOIDAL ADULTO,
 METALON 40X20 FORMICADO BRANCO BR,
 ESTRUTURA PRETA",155.0,9.0,ARANOUÁ - ANO 1 (10622-4),Luciana Cecilia Brito de Vasconcelos,Paulo Henrique Rocha Aride,Doado,725.0,2020-10-05,2025-12-10,022-2025
3269,"Móveis e estrutura: Armários, cadeiras, bancadas, mesas, estantes, caixas metálicas, gaveteiros, suportes, sofá, poltrona, geladeira, fogão frigobar","MESA ESCOLAR TRAPEZOIDAL ADULTO, METALON 40X20 FORMICADO LARANJA, ESTRUTURA PRETA

",155.0,9.0,ARANOUÁ - ANO 1 (10622-4),Luciana Cecilia Brito de Vasconcelos,Paulo Henrique Rocha Aride,Doado,725.0,2020-10-05,2025-12-10,022-2025
3270,"Móveis e estrutura: Armários, cadeiras, bancadas, mesas, estantes, caixas metálicas, gaveteiros, suportes, sofá, poltrona, geladeira, fogão frigobar","MESA ESCOLAR TRAPEZOIDAL ADULTO, METALON 40X20 FORMICADO LARANJA, ESTRUTURA PRETA


",155.0,9.0,ARANOUÁ - ANO 1 (10622-4),Luciana Cecilia Brito de Vasconcelos,Paulo Henrique Rocha Aride,Doado,725.0,2020-10-05,2025-12-10,022-2025
3271,"Móveis e estrutura: Armários, cadeiras, bancadas, mesas, estantes, caixas metálicas, gaveteiros, suportes, sofá, poltrona, geladeira, fogão frigobar","MESA ESCOLAR TRAPEZOIDAL ADULTO,
 METALON 40X20 FORMICADO BRANCO BR,
 ESTRUTURA PRETA

",155.0,9.0,ARANOUÁ - ANO 1 (10622-4),Luciana Cecilia Brito de Vasconcelos,Paulo Henrique Rocha Aride,Doado,725.0,2020-10-05,2025-12-10,022-2025
3272,"Móveis e estrutura: Armários, cadeiras, bancadas, mesas, estantes, caixas metálicas, gaveteiros, suportes, sofá, poltrona, geladeira, fogão frigobar","MESA ESCOLAR TRAPEZOIDAL ADULTO,
 METALON 40X20 FORMICADO BRANCO BR,
 ESTRUTURA PRETA

",155.0,9.0,ARANOUÁ - ANO 1 (10622-4),Luciana Cecilia Brito de Vasconcelos,Paulo Henrique Rocha Aride,Doado,725.0,2020-10-05,2025-12-10,022-2025
3273,"Móveis e estrutura: Armários, cadeiras, bancadas, mesas, estantes, caixas metálicas, gaveteiros, suportes, sofá, poltrona, geladeira, fogão frigobar","MESA ESCOLAR TRAPEZOIDAL ADULTO, METALON 40X20 FORMICADO LARANJA, ESTRUTURA PRETA

NF. 725 - FENMOV INDÚSTRIA E COMÉR
",155.0,9.0,ARANOUÁ - ANO 1 (10622-4),Luciana Cecilia Brito de Vasconcelos,Paulo Henrique Rocha Aride,Doado,725.0,2020-10-05,2025-12-10,022-2025
3274,"Móveis e estrutura: Armários, cadeiras, bancadas, mesas, estantes, caixas metálicas, gaveteiros, suportes, sofá, poltrona, geladeira, fogão frigobar","MESA ESCOLAR TRAPEZOIDAL ADULTO,
 METALON 40X20 FORMICADO BRANCO BR,
 ESTRUTURA PRETA

",155.0,9.0,ARANOUÁ - ANO 1 (10622-4),Luciana Cecilia Brito de Vasconcelos,Paulo Henrique Rocha Aride,Doado,725.0,2020-10-05,2025-12-10,022-2025
3275,"Móveis e estrutura: Armários, cadeiras, bancadas, mesas, estantes, caixas metálicas, gaveteiros, suportes, sofá, poltrona, geladeira, fogão frigobar","MESA ESCOLAR TRAPEZOIDAL ADULTO, METALON 40X20 FORMICADO LARANJA, ESTRUTURA PRETA



",155.0,9.0,ARANOUÁ - ANO 1 (10622-4),Luciana Cecilia Brito de Vasconcelos,Paulo Henrique Rocha Aride,Doado,725.0,2020-10-05,2025-12-10,022-2025
3276,"Móveis e estrutura: Armários, cadeiras, bancadas, mesas, estantes, caixas metálicas, gaveteiros, suportes, sofá, poltrona, geladeira, fogão frigobar","MESA ESCOLAR TRAPEZOIDAL ADULTO,
 METALON 40X20 FORMICADO VERDE
 OFICIAL TX, ESTRUTURA PRETA",155.0,9.0,ARANOUÁ - ANO 1 (10622-4),Luciana Cecilia Brito de Vasconcelos,Paulo Henrique Rocha Aride,Doado,725.0,2020-10-05,2025-12-10,022-2025
3277,"Móveis e estrutura: Armários, cadeiras, bancadas, mesas, estantes, caixas metálicas, gaveteiros, suportes, sofá, poltrona, geladeira, fogão frigobar","MESA ESCOLAR TRAPEZOIDAL ADULTO,
 METALON 40X20 FORMICADO VERDE
 OFICIAL TX, ESTRUTURA PRETA
",155.0,9.0,ARANOUÁ - ANO 1 (10622-4),Luciana Cecilia Brito de Vasconcelos,Paulo Henrique Rocha Aride,Doado,725.0,2020-10-05,2025-12-10,022-2025
3278,"Móveis e estrutura: Armários, cadeiras, bancadas, mesas, estantes, caixas metálicas, gaveteiros, suportes, sofá, poltrona, geladeira, fogão frigobar","MESA ESCOLAR TRAPEZOIDAL ADULTO,
 METALON 40X20 FORMICADO BRANCO BR,
 ESTRUTURA PRETA
",155.0,9.0,ARANOUÁ - ANO 1 (10622-4),Luciana Cecilia Brito de Vasconcelos,Paulo Henrique Rocha Aride,Doado,725.0,2020-10-05,2025-12-10,022-2025
3279,"Móveis e estrutura: Armários, cadeiras, bancadas, mesas, estantes, caixas metálicas, gaveteiros, suportes, sofá, poltrona, geladeira, fogão frigobar","MESA ESCOLAR TRAPEZOIDAL ADULTO,
 METALON 40X20 FORMICADO BRANCO BR,
 ESTRUTURA PRETA
",155.0,9.0,ARANOUÁ - ANO 1 (10622-4),Luciana Cecilia Brito de Vasconcelos,Paulo Henrique Rocha Aride,Doado,725.0,2020-10-05,2025-12-10,022-2025
3280,"Móveis e estrutura: Armários, cadeiras, bancadas, mesas, estantes, caixas metálicas, gaveteiros, suportes, sofá, poltrona, geladeira, fogão frigobar","MESA ESCOLAR TRAPEZOIDAL ADULTO,
 METALON 40X20 FORMICADO BRANCO BR,
 ESTRUTURA PRETA

",155.0,9.0,ARANOUÁ - ANO 1 (10622-4),Luciana Cecilia Brito de Vasconcelos,Paulo Henrique Rocha Aride,Doado,725.0,2020-10-05,2025-12-10,022-2025
3281,"Móveis e estrutura: Armários, cadeiras, bancadas, mesas, estantes, caixas metálicas, gaveteiros, suportes, sofá, poltrona, geladeira, fogão frigobar","MESA ESCOLAR TRAPEZOIDAL ADULTO,
 METALON 40X20 FORMICADO BRANCO BR,
 ESTRUTURA PRETA
",155.0,9.0,ARANOUÁ - ANO 1 (10622-4),Luciana Cecilia Brito de Vasconcelos,Paulo Henrique Rocha Aride,Doado,725.0,2020-10-05,2025-12-10,022-2025
3282,"Móveis e estrutura: Armários, cadeiras, bancadas, mesas, estantes, caixas metálicas, gaveteiros, suportes, sofá, poltrona, geladeira, fogão frigobar","MESA ESCOLAR TRAPEZOIDAL ADULTO,
 METALON 40X20 FORMICADO BRANCO BR,
 ESTRUTURA PRETA

",155.0,9.0,ARANOUÁ - ANO 1 (10622-4),Luciana Cecilia Brito de Vasconcelos,Paulo Henrique Rocha Aride,Doado,725.0,2020-10-05,2025-12-10,022-2025
3283,"Móveis e estrutura: Armários, cadeiras, bancadas, mesas, estantes, caixas metálicas, gaveteiros, suportes, sofá, poltrona, geladeira, fogão frigobar","MESA ESCOLAR TRAPEZOIDAL ADULTO,
 METALON 40X20 FORMICADO BRANCO BR,
 ESTRUTURA PRETA
",155.0,9.0,ARANOUÁ - ANO 1 (10622-4),Luciana Cecilia Brito de Vasconcelos,Paulo Henrique Rocha Aride,Doado,725.0,2020-10-05,2025-12-10,022-2025
3284,"Móveis e estrutura: Armários, cadeiras, bancadas, mesas, estantes, caixas metálicas, gaveteiros, suportes, sofá, poltrona, geladeira, fogão frigobar","MESA ESCOLAR TRAPEZOIDAL ADULTO,
 METALON 40X20 FORMICADO VERDE
 OFICIAL TX, ESTRUTURA PRETA
",155.0,9.0,ARANOUÁ - ANO 1 (10622-4),Luciana Cecilia Brito de Vasconcelos,Paulo Henrique Rocha Aride,Doado,725.0,2020-10-05,2025-12-10,022-2025
3285,"Móveis e estrutura: Armários, cadeiras, bancadas, mesas, estantes, caixas metálicas, gaveteiros, suportes, sofá, poltrona, geladeira, fogão frigobar","MESA ESCOLAR TRAPEZOIDAL ADULTO,
 METALON 40X20 FORMICADO VERDE
 OFICIAL TX, ESTRUTURA PRETA
",155.0,9.0,ARANOUÁ - ANO 1 (10622-4),Luciana Cecilia Brito de Vasconcelos,Paulo Henrique Rocha Aride,Doado,725.0,2020-10-05,2025-12-10,022-2025
3286,"Móveis e estrutura: Armários, cadeiras, bancadas, mesas, estantes, caixas metálicas, gaveteiros, suportes, sofá, poltrona, geladeira, fogão frigobar","MESA ESCOLAR TRAPEZOIDAL ADULTO,
 METALON 40X20 FORMICADO VERDE
 OFICIAL TX, ESTRUTURA PRETA",155.0,9.0,ARANOUÁ - ANO 1 (10622-4),Luciana Cecilia Brito de Vasconcelos,Paulo Henrique Rocha Aride,Doado,725.0,2020-10-05,2025-12-10,022-2025
3287,"Móveis e estrutura: Armários, cadeiras, bancadas, mesas, estantes, caixas metálicas, gaveteiros, suportes, sofá, poltrona, geladeira, fogão frigobar","MESA ESCOLAR TRAPEZOIDAL ADULTO,
 METALON 40X20 FORMICADO VERDE
 OFICIAL TX, ESTRUTURA PRETA
",155.0,9.0,ARANOUÁ - ANO 1 (10622-4),Luciana Cecilia Brito de Vasconcelos,Paulo Henrique Rocha Aride,Doado,725.0,2020-10-05,2025-12-10,022-2025
3288,"Móveis e estrutura: Armários, cadeiras, bancadas, mesas, estantes, caixas metálicas, gaveteiros, suportes, sofá, poltrona, geladeira, fogão frigobar","MESA ESCOLAR TRAPEZOIDAL ADULTO,
 METALON 40X20 FORMICADO AZUL
 FRANCES TX, ESTRUTURA PRETA.

",155.0,9.0,ARANOUÁ - ANO 1 (10622-4),Luciana Cecilia Brito de Vasconcelos,Paulo Henrique Rocha Aride,Doado,725.0,2020-10-05,2025-12-10,022-2025
3289,"Móveis e estrutura: Armários, cadeiras, bancadas, mesas, estantes, caixas metálicas, gaveteiros, suportes, sofá, poltrona, geladeira, fogão frigobar","MESA ESCOLAR TRAPEZOIDAL ADULTO, METALON 40X20 FORMICADO VERMELHO CARDEAL TX, ESTRUTURA PRETA
",155.0,9.0,ARANOUÁ - ANO 1 (10622-4),Luciana Cecilia Brito de Vasconcelos,Paulo Henrique Rocha Aride,Doado,725.0,2020-10-05,2025-12-10,022-2025
3290,"Móveis e estrutura: Armários, cadeiras, bancadas, mesas, estantes, caixas metálicas, gaveteiros, suportes, sofá, poltrona, geladeira, fogão frigobar","MESA ESCOLAR TRAPEZOIDAL ADULTO, METALON 40X20 FORMICADO VERMELHO CARDEAL TX, ESTRUTURA PRETA",155.0,9.0,ARANOUÁ - ANO 1 (10622-4),Luciana Cecilia Brito de Vasconcelos,Paulo Henrique Rocha Aride,Doado,725.0,2020-10-05,2025-12-10,022-2025
3291,"Móveis e estrutura: Armários, cadeiras, bancadas, mesas, estantes, caixas metálicas, gaveteiros, suportes, sofá, poltrona, geladeira, fogão frigobar","MESA ESCOLAR TRAPEZOIDAL ADULTO,
 METALON 40X20 FORMICADO AZUL
 FRANCES TX, ESTRUTURA PRETA.
",155.0,9.0,ARANOUÁ - ANO 1 (10622-4),Luciana Cecilia Brito de Vasconcelos,Paulo Henrique Rocha Aride,Doado,725.0,2020-10-05,2025-12-10,022-2025
3292,"Móveis e estrutura: Armários, cadeiras, bancadas, mesas, estantes, caixas metálicas, gaveteiros, suportes, sofá, poltrona, geladeira, fogão frigobar","MESA ESCOLAR TRAPEZOIDAL ADULTO, METALON 40X20 FORMICADO VERMELHO CARDEAL TX, ESTRUTURA PRETA
",155.0,9.0,ARANOUÁ - ANO 1 (10622-4),Luciana Cecilia Brito de Vasconcelos,Paulo Henrique Rocha Aride,Doado,725.0,2020-10-05,2025-12-10,022-2025
3293,"Móveis e estrutura: Armários, cadeiras, bancadas, mesas, estantes, caixas metálicas, gaveteiros, suportes, sofá, poltrona, geladeira, fogão frigobar","MESA ESCOLAR TRAPEZOIDAL ADULTO, METALON 40X20 FORMICADO VERMELHO CARDEAL TX, ESTRUTURA PRETA
",155.0,9.0,ARANOUÁ - ANO 1 (10622-4),Luciana Cecilia Brito de Vasconcelos,Paulo Henrique Rocha Aride,Doado,725.0,2020-10-05,2025-12-10,022-2025
3294,"Móveis e estrutura: Armários, cadeiras, bancadas, mesas, estantes, caixas metálicas, gaveteiros, suportes, sofá, poltrona, geladeira, fogão frigobar","MESA ESCOLAR TRAPEZOIDAL ADULTO,
 METALON 40X20 FORMICADO AZUL
 FRANCES TX, ESTRUTURA PRETA.

",155.0,9.0,ARANOUÁ - ANO 1 (10622-4),Luciana Cecilia Brito de Vasconcelos,Paulo Henrique Rocha Aride,Doado,725.0,2020-10-05,2025-12-10,022-2025
3295,"Móveis e estrutura: Armários, cadeiras, bancadas, mesas, estantes, caixas metálicas, gaveteiros, suportes, sofá, poltrona, geladeira, fogão frigobar","MESA ESCOLAR TRAPEZOIDAL ADULTO,
 METALON 40X20 FORMICADO AZUL
 FRANCES TX, ESTRUTURA PRETA.
",155.0,9.0,ARANOUÁ - ANO 1 (10622-4),Luciana Cecilia Brito de Vasconcelos,Paulo Henrique Rocha Aride,Doado,725.0,2020-10-05,2025-12-10,022-2025
3296,"Móveis e estrutura: Armários, cadeiras, bancadas, mesas, estantes, caixas metálicas, gaveteiros, suportes, sofá, poltrona, geladeira, fogão frigobar","MESA ESCOLAR TRAPEZOIDAL ADULTO,
 METALON 40X20 FORMICADO AZUL
 FRANCES TX, ESTRUTURA PRETA.
",155.0,9.0,ARANOUÁ - ANO 1 (10622-4),Luciana Cecilia Brito de Vasconcelos,Paulo Henrique Rocha Aride,Doado,725.0,2020-10-05,2025-12-10,022-2025
3297,"Móveis e estrutura: Armários, cadeiras, bancadas, mesas, estantes, caixas metálicas, gaveteiros, suportes, sofá, poltrona, geladeira, fogão frigobar","MESA ESCOLAR TRAPEZOIDAL ADULTO,
 METALON 40X20 FORMICADO AZUL
 FRANCES TX, ESTRUTURA PRETA.

",155.0,9.0,ARANOUÁ - ANO 1 (10622-4),Luciana Cecilia Brito de Vasconcelos,Paulo Henrique Rocha Aride,Doado,725.0,2020-10-05,2025-12-10,022-2025
3298,Licença de Software ,"SOFT OFFICE HOME STUDENT 2019 32/64B (L)

NF. 16505 - INFO STORE COMPUTADORE
",549.95,9.0,ARANOUÁ - ANO 1 (10622-4),Luciana Cecilia Brito de Vasconcelos,Paulo Henrique Rocha Aride,Doado,16505.0,2020-09-16,2025-12-10,022-2025
3299,"Móveis e estrutura: Armários, cadeiras, bancadas, mesas, estantes, caixas metálicas, gaveteiros, suportes, sofá, poltrona, geladeira, fogão frigobar","MESA ESCOLAR TRAPEZOIDAL ADULTO, METALON 40X20 FORMICADO VERMELHO CARDEAL TX, ESTRUTURA PRETA",155.0,9.0,ARANOUÁ - ANO 1 (10622-4),Luciana Cecilia Brito de Vasconcelos,Paulo Henrique Rocha Aride,Doado,725.0,2020-10-05,2025-12-10,022-2025
3300,"Móveis e estrutura: Armários, cadeiras, bancadas, mesas, estantes, caixas metálicas, gaveteiros, suportes, sofá, poltrona, geladeira, fogão frigobar","MESA ESCOLAR TRAPEZOIDAL ADULTO, METALON 40X20 FORMICADO VERMELHO CARDEAL TX, ESTRUTURA PRETA",155.0,9.0,ARANOUÁ - ANO 1 (10622-4),Luciana Cecilia Brito de Vasconcelos,Paulo Henrique Rocha Aride,Doado,725.0,2020-10-05,2025-12-10,022-2025
3301,"Móveis e estrutura: Armários, cadeiras, bancadas, mesas, estantes, caixas metálicas, gaveteiros, suportes, sofá, poltrona, geladeira, fogão frigobar","MESA ESCOLAR TRAPEZOIDAL
 ADULTO, METALON 40X20 FORMICADO
VERMELHO CARDEAL TX, ESTRUTURA
 PRETA",155.0,9.0,ARANOUÁ - ANO 1 (10622-4),Luciana Cecilia Brito de Vasconcelos,Paulo Henrique Rocha Aride,Doado,725.0,2020-10-05,2025-12-10,022-2025
3302,"Móveis e estrutura: Armários, cadeiras, bancadas, mesas, estantes, caixas metálicas, gaveteiros, suportes, sofá, poltrona, geladeira, fogão frigobar","MESA CENTRAL PARA UNIAO DE 6 MESAS
 TRAPEZOIDAIS, EM MDF DE BRANCO.

",150.0,9.0,ARANOUÁ - ANO 1 (10622-4),Luciana Cecilia Brito de Vasconcelos,Paulo Henrique Rocha Aride,Doado,725.0,2020-10-05,2025-12-10,022-2025
3303,"Móveis e estrutura: Armários, cadeiras, bancadas, mesas, estantes, caixas metálicas, gaveteiros, suportes, sofá, poltrona, geladeira, fogão frigobar","MESA CENTRAL PARA UNIAO DE 6 MESAS
 TRAPEZOIDAIS, EM MDF DE BRANCO.

",150.0,9.0,ARANOUÁ - ANO 1 (10622-4),Luciana Cecilia Brito de Vasconcelos,Paulo Henrique Rocha Aride,Doado,725.0,2020-10-05,2025-12-10,022-2025
3304,"Móveis e estrutura: Armários, cadeiras, bancadas, mesas, estantes, caixas metálicas, gaveteiros, suportes, sofá, poltrona, geladeira, fogão frigobar","MESA CENTRAL PARA UNIAO DE 6 MESAS
 TRAPEZOIDAIS, EM MDF DE BRANCO.
",150.0,9.0,ARANOUÁ - ANO 1 (10622-4),Luciana Cecilia Brito de Vasconcelos,Paulo Henrique Rocha Aride,Doado,725.0,2020-10-05,2025-12-10,022-2025
3305,"Móveis e estrutura: Armários, cadeiras, bancadas, mesas, estantes, caixas metálicas, gaveteiros, suportes, sofá, poltrona, geladeira, fogão frigobar","MESA CENTRAL PARA UNIAO DE 6 MESAS
 TRAPEZOIDAIS, EM MDF DE BRANCO.
",150.0,9.0,ARANOUÁ - ANO 1 (10622-4),Luciana Cecilia Brito de Vasconcelos,Paulo Henrique Rocha Aride,Doado,725.0,2020-10-05,2025-12-10,022-2025
3306,Licença de Software ,"SOFT OFFICE HOME STUDENT 2019 32/64B (L)

",549.95,9.0,ARANOUÁ - ANO 1 (10622-4),Luciana Cecilia Brito de Vasconcelos,Paulo Henrique Rocha Aride,Doado,16505.0,2020-09-16,2025-12-10,022-2025
3307,Licença de Software ,"SOFT OFFICE HOME STUDENT 2019 32/64B (L)


",549.95,9.0,ARANOUÁ - ANO 1 (10622-4),Luciana Cecilia Brito de Vasconcelos,Paulo Henrique Rocha Aride,Doado,16505.0,2020-09-16,2025-12-10,022-2025
3308,Licença de Software ,"SOFT OFFICE HOME STUDENT 2019 32/64B (L)


",549.95,9.0,ARANOUÁ - ANO 1 (10622-4),Luciana Cecilia Brito de Vasconcelos,Paulo Henrique Rocha Aride,Doado,16505.0,2020-09-16,2025-12-10,022-2025
3309,Licença de Software ,"SOFT OFFICE HOME STUDENT 2019 32/64B (L)

",549.95,9.0,ARANOUÁ - ANO 1 (10622-4),Luciana Cecilia Brito de Vasconcelos,Paulo Henrique Rocha Aride,Doado,16505.0,2020-09-16,2025-12-10,022-2025
3310,Licença de Software ,"SOFT OFFICE HOME STUDENT 2019 32/64B (L)


",549.95,9.0,ARANOUÁ - ANO 1 (10622-4),Luciana Cecilia Brito de Vasconcelos,Paulo Henrique Rocha Aride,Doado,16505.0,2020-09-16,2025-12-10,022-2025
3311,Licença de Software ,"SOFT OFFICE HOME STUDENT 2019 32/64B (L)

",549.95,9.0,ARANOUÁ - ANO 1 (10622-4),Luciana Cecilia Brito de Vasconcelos,Paulo Henrique Rocha Aride,Doado,16505.0,2020-09-16,2025-12-10,022-2025
3312,Licença de Software ,"SOFT OFFICE HOME STUDENT 2019 32/64B (L)

",549.95,9.0,ARANOUÁ - ANO 1 (10622-4),Luciana Cecilia Brito de Vasconcelos,Paulo Henrique Rocha Aride,Doado,16505.0,2020-09-16,2025-12-10,022-2025
3313,"Móveis e estrutura: Armários, cadeiras, bancadas, mesas, estantes, caixas metálicas, gaveteiros, suportes, sofá, poltrona, geladeira, fogão frigobar","MESA CENTRAL PARA UNIAO DE 6 MESAS
 TRAPEZOIDAIS, EM MDF DE BRANCO.
",150.0,9.0,ARANOUÁ - ANO 1 (10622-4),Luciana Cecilia Brito de Vasconcelos,Paulo Henrique Rocha Aride,Doado,725.0,2020-10-05,2025-12-10,022-2025
3314,"Móveis e estrutura: Armários, cadeiras, bancadas, mesas, estantes, caixas metálicas, gaveteiros, suportes, sofá, poltrona, geladeira, fogão frigobar","MESA ESCOLAR TRAPEZOIDAL ADULTO, METALON 40X20 FORMICADO VERMELHO CARDEAL TX, ESTRUTURA PRETA
",155.0,9.0,ARANOUÁ - ANO 1 (10622-4),Luciana Cecilia Brito de Vasconcelos,Paulo Henrique Rocha Aride,Doado,725.0,2020-10-05,2025-12-10,022-2025
3315,"Móveis e estrutura: Armários, cadeiras, bancadas, mesas, estantes, caixas metálicas, gaveteiros, suportes, sofá, poltrona, geladeira, fogão frigobar","MESA ESCOLAR TRAPEZOIDAL ADULTO,
 METALON 40X20 FORMICADO AZUL
 FRANCES TX, ESTRUTURA PRETA.
",155.0,9.0,ARANOUÁ - ANO 1 (10622-4),Luciana Cecilia Brito de Vasconcelos,Paulo Henrique Rocha Aride,Doado,725.0,2020-10-05,2025-12-10,022-2025
3316,"Móveis e estrutura: Armários, cadeiras, bancadas, mesas, estantes, caixas metálicas, gaveteiros, suportes, sofá, poltrona, geladeira, fogão frigobar","MESA ESCOLAR TRAPEZOIDAL ADULTO,
METALON 40X20 FORMICADO AZUL
FRANCES TX, ESTRUTURA PRETA
",155.0,9.0,ARANOUÁ - ANO 1 (10622-4),Luciana Cecilia Brito de Vasconcelos,Paulo Henrique Rocha Aride,Doado,725.0,2020-10-05,2025-12-10,022-2025
3317,"Móveis e estrutura: Armários, cadeiras, bancadas, mesas, estantes, caixas metálicas, gaveteiros, suportes, sofá, poltrona, geladeira, fogão frigobar","MESA ESCOLAR TRAPEZOIDAL ADULTO, METALON 40X20 FORMICADO VERMELHO CARDEAL TX, ESTRUTURA PRETA",155.0,9.0,ARANOUÁ - ANO 1 (10622-4),Luciana Cecilia Brito de Vasconcelos,Paulo Henrique Rocha Aride,Doado,725.0,2020-10-05,2025-12-10,022-2025
3318,"Móveis e estrutura: Armários, cadeiras, bancadas, mesas, estantes, caixas metálicas, gaveteiros, suportes, sofá, poltrona, geladeira, fogão frigobar","MESA ESCOLAR TRAPEZOIDAL ADULTO, METALON 40X20 FORMICADO VERMELHO CARDEAL TX, ESTRUTURA PRETA
",155.0,9.0,ARANOUÁ - ANO 1 (10622-4),Luciana Cecilia Brito de Vasconcelos,Paulo Henrique Rocha Aride,Doado,725.0,2020-10-05,2025-12-10,022-2025
3319,"Móveis e estrutura: Armários, cadeiras, bancadas, mesas, estantes, caixas metálicas, gaveteiros, suportes, sofá, poltrona, geladeira, fogão frigobar","MESA ESCOLAR TRAPEZOIDAL ADULTO,
 METALON 40X20 FORMICADO AZUL
 FRANCES TX, ESTRUTURA PRETA.
",155.0,9.0,ARANOUÁ - ANO 1 (10622-4),Luciana Cecilia Brito de Vasconcelos,Paulo Henrique Rocha Aride,Doado,725.0,2020-10-05,2025-12-10,022-2025
3320,"Móveis e estrutura: Armários, cadeiras, bancadas, mesas, estantes, caixas metálicas, gaveteiros, suportes, sofá, poltrona, geladeira, fogão frigobar","MESA ESCOLAR TRAPEZOIDAL ADULTO,
 METALON 40X20 FORMICADO BRANCO BR,
 ESTRUTURA PRETA
",155.0,9.0,ARANOUÁ - ANO 1 (10622-4),Luciana Cecilia Brito de Vasconcelos,Paulo Henrique Rocha Aride,Doado,725.0,2020-10-05,2025-12-10,022-2025
3321,"Móveis e estrutura: Armários, cadeiras, bancadas, mesas, estantes, caixas metálicas, gaveteiros, suportes, sofá, poltrona, geladeira, fogão frigobar","MESA ESCOLAR TRAPEZOIDAL ADULTO, METALON 40X20 FORMICADO LARANJA, ESTRUTURA PRETA

",155.0,9.0,ARANOUÁ - ANO 1 (10622-4),Luciana Cecilia Brito de Vasconcelos,Paulo Henrique Rocha Aride,Doado,725.0,2020-10-05,2025-12-10,022-2025
3322,"Móveis e estrutura: Armários, cadeiras, bancadas, mesas, estantes, caixas metálicas, gaveteiros, suportes, sofá, poltrona, geladeira, fogão frigobar","MESA ESCOLAR TRAPEZOIDAL ADULTO,
 METALON 40X20 FORMICADO BRANCO BR,
 ESTRUTURA PRETA
",155.0,9.0,ARANOUÁ - ANO 1 (10622-4),Luciana Cecilia Brito de Vasconcelos,Paulo Henrique Rocha Aride,Doado,725.0,2020-10-05,2025-12-10,022-2025
3323,"Móveis e estrutura: Armários, cadeiras, bancadas, mesas, estantes, caixas metálicas, gaveteiros, suportes, sofá, poltrona, geladeira, fogão frigobar","MESA ESCOLAR TRAPEZOIDAL ADULTO,
 METALON 40X20 FORMICADO BRANCO BR,
 ESTRUTURA PRETA

",155.0,9.0,ARANOUÁ - ANO 1 (10622-4),Luciana Cecilia Brito de Vasconcelos,Paulo Henrique Rocha Aride,Doado,725.0,2020-10-05,2025-12-10,022-2025
3324,"Móveis e estrutura: Armários, cadeiras, bancadas, mesas, estantes, caixas metálicas, gaveteiros, suportes, sofá, poltrona, geladeira, fogão frigobar","MESA CENTRAL PARA UNIAO DE 6 MESAS
 TRAPEZOIDAIS, EM MDF DE BRANCO.
",150.0,9.0,ARANOUÁ - ANO 1 (10622-4),Luciana Cecilia Brito de Vasconcelos,Paulo Henrique Rocha Aride,Doado,725.0,2020-10-05,2025-12-10,022-2025
3325,"Móveis e estrutura: Armários, cadeiras, bancadas, mesas, estantes, caixas metálicas, gaveteiros, suportes, sofá, poltrona, geladeira, fogão frigobar","MESA CENTRAL PARA UNIAO DE 6 MESAS
 TRAPEZOIDAIS, EM MDF DE BRANCO.
",150.0,9.0,ARANOUÁ - ANO 1 (10622-4),Luciana Cecilia Brito de Vasconcelos,Paulo Henrique Rocha Aride,Doado,725.0,2020-10-05,2025-12-10,022-2025
3326,"Móveis e estrutura: Armários, cadeiras, bancadas, mesas, estantes, caixas metálicas, gaveteiros, suportes, sofá, poltrona, geladeira, fogão frigobar","MESA CENTRAL PARA UNIAO DE 6 MESAS
 TRAPEZOIDAIS, EM MDF DE BRANCO.

",150.0,9.0,ARANOUÁ - ANO 1 (10622-4),Luciana Cecilia Brito de Vasconcelos,Paulo Henrique Rocha Aride,Doado,725.0,2020-10-05,2025-12-10,022-2025
3327,"Móveis e estrutura: Armários, cadeiras, bancadas, mesas, estantes, caixas metálicas, gaveteiros, suportes, sofá, poltrona, geladeira, fogão frigobar","MESA ESCOLAR TRAPEZOIDAL ADULTO,
 METALON 40X20 FORMICADO AZUL
 FRANCES TX, ESTRUTURA PRETA.

",155.0,9.0,ARANOUÁ - ANO 1 (10622-4),Luciana Cecilia Brito de Vasconcelos,Paulo Henrique Rocha Aride,Doado,725.0,2020-10-05,2025-12-10,022-2025
3328,Máquina ou Equipamento,NOTEBOOK DELL INSPIRON 15 SERIE 3000 INTEL I7- 8565U ( 1.8 GHZ) WINDOWS 10 HOME PLACA DE VIDEO INTEGRADA GRAPHICS 620),6279.0,9.0,ARANOUÁ - ANO 1 (10622-4),Luciana Cecilia Brito de Vasconcelos,Paulo Henrique Rocha Aride,Doado,7706.0,2020-10-07,2025-12-10,022-2025
3329,Licença de Software ,"SOFT OFFICE HOME STUDENT 2019 32/64B (L)

",549.95,9.0,ARANOUÁ - ANO 1 (10622-4),Luciana Cecilia Brito de Vasconcelos,Paulo Henrique Rocha Aride,Doado,16505.0,2020-09-16,2025-12-10,022-2025
3330,Licença de Software ,SOFT OFFICE HOME STUDENT 2019 32/64B (L),549.95,9.0,ARANOUÁ - ANO 1 (10622-4),Luciana Cecilia Brito de Vasconcelos,Paulo Henrique Rocha Aride,Doado,16505.0,2020-09-16,2025-12-10,022-2025
Valor total permanentes,,,752178.1599999999,,,,,,,,,
