Nº Patrimônio,Produto,Descrição,Valor,Logradouro,Complemento,Bairro,Cep,Cidade,Estado,Observacao,Telefone,Cód. Projeto,Projeto,Gestor,Coordenador,Situação
,Computador Notebook,"Notebook, com as seguintes especificações:
- Intel® Core™ i7-10750H (2.6 GHz até 5 GHz, cache de 12MB, hexa-core, 10ª geração) - Windows 10 Home Single Language, de 64 bits - em português (Brasil)
- Placa de vídeo dedicada NVIDIA® GeForce® RTX 2060 Ti com 6GB de GDDR6
- Memória de 16GB (2x8GB), DDR4, 2933MHz
- SSD de 512GB PCIe NVMe M.2
- Tela Full HD WVA de 15.6"" (1920 x 1080)
- Bateria de 4 células e 68Whr (integrada)",11669.0,Av. João Valério,Sala 5,São Geraldo,69053358,Manaus,Amazonas,,,95,IFAM 2022-007 - TELLESCOM.EMBRAPII - STIPARE_INOVA (11419-7/11420-0),Ana Carolina Góes Martins,Luiz Henrique Portela de Abreu,Registrado
,Computador Notebook,"Notebook, com as seguintes especificações:
- Intel® Core™ i7-10750H (2.6 GHz até 5 GHz, cache de 12MB, hexa-core, 10ª geração) - Windows 10 Home Single Language, de 64 bits - em português (Brasil)
- Placa de vídeo dedicada NVIDIA® GeForce® RTX 2060 Ti com 6GB de GDDR6
- Memória de 16GB (2x8GB), DDR4, 2933MHz
- SSD de 512GB PCIe NVMe M.2
- Tela Full HD WVA de 15.6"" (1920 x 1080)
- Bateria de 4 células e 68Whr (integrada)",11669.0,Av. João Valério,Sala 5,São Geraldo,69053358,Manaus,Amazonas,,,95,IFAM 2022-007 - TELLESCOM.EMBRAPII - STIPARE_INOVA (11419-7/11420-0),Ana Carolina Góes Martins,Luiz Henrique Portela de Abreu,Registrado
,Protetor para câmera ,Protetor frontal para câmera Cognex IS7000,1019.18,Av. João Valério,Sala 5,São Geraldo,69053358,Manaus,Amazonas,,,95,IFAM 2022-007 - TELLESCOM.EMBRAPII - STIPARE_INOVA (11419-7/11420-0),Ana Carolina Góes Martins,Luiz Henrique Portela de Abreu,Registrado
,Lente ,"Lente Fujinon 16mm Megapixel 2/3"" Fixed Focal",2645.56,Av. João Valério,Sala 5,São Geraldo,69053358,Manaus,Amazonas,,,95,IFAM 2022-007 - TELLESCOM.EMBRAPII - STIPARE_INOVA (11419-7/11420-0),Ana Carolina Góes Martins,Luiz Henrique Portela de Abreu,Registrado
,Impressora ,Impressora Zebra ZE500 PN: ZE50062-R0A0000Z USB Serial Paralela ETH,62190.0,Av. João Valério,Sala 5,São Geraldo,69053358,Manaus,Amazonas,,,95,IFAM 2022-007 - TELLESCOM.EMBRAPII - STIPARE_INOVA (11419-7/11420-0),Ana Carolina Góes Martins,Luiz Henrique Portela de Abreu,Registrado
,Impressora ,Impressora Zebra ZE500 PN: ZE50062-R0A0000Z USB Serial Paralela ETH,62190.0,Av. João Valério,Sala 5,São Geraldo,69053358,Manaus,Amazonas,,,95,IFAM 2022-007 - TELLESCOM.EMBRAPII - STIPARE_INOVA (11419-7/11420-0),Ana Carolina Góes Martins,Luiz Henrique Portela de Abreu,Registrado
,Impressora ,Impressora Zebra ZE500 PN: ZE50062-R0A0000Z USB Serial Paralela ETH,62190.0,Av. João Valério,Sala 5,São Geraldo,69053358,Manaus,Amazonas,,,95,IFAM 2022-007 - TELLESCOM.EMBRAPII - STIPARE_INOVA (11419-7/11420-0),Ana Carolina Góes Martins,Luiz Henrique Portela de Abreu,Registrado
,Controlador lógico,Controlador Lógico Programa com 2MB de memória e modulo de expansão com 16 I/O,14805.205,Av. João Valério,Sala 5,São Geraldo,69053358,Manaus,Amazonas,,,95,IFAM 2022-007 - TELLESCOM.EMBRAPII - STIPARE_INOVA (11419-7/11420-0),Ana Carolina Góes Martins,Luiz Henrique Portela de Abreu,Registrado
,Controlador lógico,Controlador Lógico Programa com 2MB de memória e modulo de expansão com 16 I/O,14805.205,Av. João Valério,Sala 5,São Geraldo,69053358,Manaus,Amazonas,,,95,IFAM 2022-007 - TELLESCOM.EMBRAPII - STIPARE_INOVA (11419-7/11420-0),Ana Carolina Góes Martins,Luiz Henrique Portela de Abreu,Registrado
,Switch,Switch 6x10/100bt IP20 gerenciável,3752.81,Av. João Valério,Sala 5,São Geraldo,69053358,Manaus,Amazonas,,,95,IFAM 2022-007 - TELLESCOM.EMBRAPII - STIPARE_INOVA (11419-7/11420-0),Ana Carolina Góes Martins,Luiz Henrique Portela de Abreu,Registrado
,Switch,Switch 6x10/100bt IP20 gerenciável,3752.81,Av. João Valério,Sala 5,São Geraldo,69053358,Manaus,Amazonas,,,95,IFAM 2022-007 - TELLESCOM.EMBRAPII - STIPARE_INOVA (11419-7/11420-0),Ana Carolina Góes Martins,Luiz Henrique Portela de Abreu,Registrado
,Montadora de caixas,Montadora de caixas - DKX4540-60MM,173435.03,Av. Gov. Danilo de Matos Are,,"Distrito Industrial,",69075351,MANAUS,Amazonas,,,95,IFAM 2022-007 - TELLESCOM.EMBRAPII - STIPARE_INOVA (11419-7/11420-0),Ana Carolina Góes Martins,Luiz Henrique Portela de Abreu,Registrado
,Sofá,"Abraçadeira nylon 200x2,5mm PT T-18R",0.4468,Av. João Valério,Sala 5,São Geraldo,69053358,Manaus,Amazonas,,,95,IFAM 2022-007 - TELLESCOM.EMBRAPII - STIPARE_INOVA (11419-7/11420-0),Ana Carolina Góes Martins,Luiz Henrique Portela de Abreu,Registrado
,Sofá,"Abraçadeira nylon 200x2,5mm PT T-18R",0.4468,Av. João Valério,Sala 5,São Geraldo,69053358,Manaus,Amazonas,,,95,IFAM 2022-007 - TELLESCOM.EMBRAPII - STIPARE_INOVA (11419-7/11420-0),Ana Carolina Góes Martins,Luiz Henrique Portela de Abreu,Registrado
,Sofá,"Abraçadeira nylon 200x2,5mm PT T-18R",0.4468,Av. João Valério,Sala 5,São Geraldo,69053358,Manaus,Amazonas,,,95,IFAM 2022-007 - TELLESCOM.EMBRAPII - STIPARE_INOVA (11419-7/11420-0),Ana Carolina Góes Martins,Luiz Henrique Portela de Abreu,Registrado
,Sofá,"Abraçadeira nylon 200x2,5mm PT T-18R",0.4468,Av. João Valério,Sala 5,São Geraldo,69053358,Manaus,Amazonas,,,95,IFAM 2022-007 - TELLESCOM.EMBRAPII - STIPARE_INOVA (11419-7/11420-0),Ana Carolina Góes Martins,Luiz Henrique Portela de Abreu,Registrado
,Sofá,"Abraçadeira nylon 200x2,5mm PT T-18R",0.4468,Av. João Valério,Sala 5,São Geraldo,69053358,Manaus,Amazonas,,,95,IFAM 2022-007 - TELLESCOM.EMBRAPII - STIPARE_INOVA (11419-7/11420-0),Ana Carolina Góes Martins,Luiz Henrique Portela de Abreu,Registrado
,Sofá,"Abraçadeira nylon 200x2,5mm PT T-18R",0.4468,Av. João Valério,Sala 5,São Geraldo,69053358,Manaus,Amazonas,,,95,IFAM 2022-007 - TELLESCOM.EMBRAPII - STIPARE_INOVA (11419-7/11420-0),Ana Carolina Góes Martins,Luiz Henrique Portela de Abreu,Registrado
,Sofá,"Abraçadeira nylon 200x2,5mm PT T-18R",0.4468,Av. João Valério,Sala 5,São Geraldo,69053358,Manaus,Amazonas,,,95,IFAM 2022-007 - TELLESCOM.EMBRAPII - STIPARE_INOVA (11419-7/11420-0),Ana Carolina Góes Martins,Luiz Henrique Portela de Abreu,Registrado
,Sofá,"Abraçadeira nylon 200x2,5mm PT T-18R",0.4468,Av. João Valério,Sala 5,São Geraldo,69053358,Manaus,Amazonas,,,95,IFAM 2022-007 - TELLESCOM.EMBRAPII - STIPARE_INOVA (11419-7/11420-0),Ana Carolina Góes Martins,Luiz Henrique Portela de Abreu,Registrado
,Sofá,"Abraçadeira nylon 200x2,5mm PT T-18R",0.4468,Av. João Valério,Sala 5,São Geraldo,69053358,Manaus,Amazonas,,,95,IFAM 2022-007 - TELLESCOM.EMBRAPII - STIPARE_INOVA (11419-7/11420-0),Ana Carolina Góes Martins,Luiz Henrique Portela de Abreu,Registrado
,Sofá,"Abraçadeira nylon 200x2,5mm PT T-18R",0.4468,Av. João Valério,Sala 5,São Geraldo,69053358,Manaus,Amazonas,,,95,IFAM 2022-007 - TELLESCOM.EMBRAPII - STIPARE_INOVA (11419-7/11420-0),Ana Carolina Góes Martins,Luiz Henrique Portela de Abreu,Registrado
,Sofá,"Abraçadeira nylon 200x2,5mm PT T-18R",0.4468,Av. João Valério,Sala 5,São Geraldo,69053358,Manaus,Amazonas,,,95,IFAM 2022-007 - TELLESCOM.EMBRAPII - STIPARE_INOVA (11419-7/11420-0),Ana Carolina Góes Martins,Luiz Henrique Portela de Abreu,Registrado
,Sofá,"Abraçadeira nylon 200x2,5mm PT T-18R",0.4468,Av. João Valério,Sala 5,São Geraldo,69053358,Manaus,Amazonas,,,95,IFAM 2022-007 - TELLESCOM.EMBRAPII - STIPARE_INOVA (11419-7/11420-0),Ana Carolina Góes Martins,Luiz Henrique Portela de Abreu,Registrado
,Sofá,"Abraçadeira nylon 200x2,5mm PT T-18R",0.4468,Av. João Valério,Sala 5,São Geraldo,69053358,Manaus,Amazonas,,,95,IFAM 2022-007 - TELLESCOM.EMBRAPII - STIPARE_INOVA (11419-7/11420-0),Ana Carolina Góes Martins,Luiz Henrique Portela de Abreu,Registrado
,Sofá,"Abraçadeira nylon 200x2,5mm PT T-18R",0.4468,Av. João Valério,Sala 5,São Geraldo,69053358,Manaus,Amazonas,,,95,IFAM 2022-007 - TELLESCOM.EMBRAPII - STIPARE_INOVA (11419-7/11420-0),Ana Carolina Góes Martins,Luiz Henrique Portela de Abreu,Registrado
,Sofá,"Abraçadeira nylon 200x2,5mm PT T-18R",0.4468,Av. João Valério,Sala 5,São Geraldo,69053358,Manaus,Amazonas,,,95,IFAM 2022-007 - TELLESCOM.EMBRAPII - STIPARE_INOVA (11419-7/11420-0),Ana Carolina Góes Martins,Luiz Henrique Portela de Abreu,Registrado
,Sofá,"Abraçadeira nylon 200x2,5mm PT T-18R",0.4468,Av. João Valério,Sala 5,São Geraldo,69053358,Manaus,Amazonas,,,95,IFAM 2022-007 - TELLESCOM.EMBRAPII - STIPARE_INOVA (11419-7/11420-0),Ana Carolina Góes Martins,Luiz Henrique Portela de Abreu,Registrado
,Sofá,"Abraçadeira nylon 200x2,5mm PT T-18R",0.4468,Av. João Valério,Sala 5,São Geraldo,69053358,Manaus,Amazonas,,,95,IFAM 2022-007 - TELLESCOM.EMBRAPII - STIPARE_INOVA (11419-7/11420-0),Ana Carolina Góes Martins,Luiz Henrique Portela de Abreu,Registrado
,Sofá,"Abraçadeira nylon 200x2,5mm PT T-18R",0.4468,Av. João Valério,Sala 5,São Geraldo,69053358,Manaus,Amazonas,,,95,IFAM 2022-007 - TELLESCOM.EMBRAPII - STIPARE_INOVA (11419-7/11420-0),Ana Carolina Góes Martins,Luiz Henrique Portela de Abreu,Registrado
,Sofá,"Abraçadeira nylon 200x2,5mm PT T-18R",0.4468,Av. João Valério,Sala 5,São Geraldo,69053358,Manaus,Amazonas,,,95,IFAM 2022-007 - TELLESCOM.EMBRAPII - STIPARE_INOVA (11419-7/11420-0),Ana Carolina Góes Martins,Luiz Henrique Portela de Abreu,Registrado
,Sofá,"Abraçadeira nylon 200x2,5mm PT T-18R",0.4468,Av. João Valério,Sala 5,São Geraldo,69053358,Manaus,Amazonas,,,95,IFAM 2022-007 - TELLESCOM.EMBRAPII - STIPARE_INOVA (11419-7/11420-0),Ana Carolina Góes Martins,Luiz Henrique Portela de Abreu,Registrado
,Sofá,"Abraçadeira nylon 200x2,5mm PT T-18R",0.4468,Av. João Valério,Sala 5,São Geraldo,69053358,Manaus,Amazonas,,,95,IFAM 2022-007 - TELLESCOM.EMBRAPII - STIPARE_INOVA (11419-7/11420-0),Ana Carolina Góes Martins,Luiz Henrique Portela de Abreu,Registrado
,Sofá,"Abraçadeira nylon 200x2,5mm PT T-18R",0.4468,Av. João Valério,Sala 5,São Geraldo,69053358,Manaus,Amazonas,,,95,IFAM 2022-007 - TELLESCOM.EMBRAPII - STIPARE_INOVA (11419-7/11420-0),Ana Carolina Góes Martins,Luiz Henrique Portela de Abreu,Registrado
,Sofá,"Abraçadeira nylon 200x2,5mm PT T-18R",0.4468,Av. João Valério,Sala 5,São Geraldo,69053358,Manaus,Amazonas,,,95,IFAM 2022-007 - TELLESCOM.EMBRAPII - STIPARE_INOVA (11419-7/11420-0),Ana Carolina Góes Martins,Luiz Henrique Portela de Abreu,Registrado
,Sofá,"Abraçadeira nylon 200x2,5mm PT T-18R",0.4468,Av. João Valério,Sala 5,São Geraldo,69053358,Manaus,Amazonas,,,95,IFAM 2022-007 - TELLESCOM.EMBRAPII - STIPARE_INOVA (11419-7/11420-0),Ana Carolina Góes Martins,Luiz Henrique Portela de Abreu,Registrado
,Sofá,"Abraçadeira nylon 200x2,5mm PT T-18R",0.4468,Av. João Valério,Sala 5,São Geraldo,69053358,Manaus,Amazonas,,,95,IFAM 2022-007 - TELLESCOM.EMBRAPII - STIPARE_INOVA (11419-7/11420-0),Ana Carolina Góes Martins,Luiz Henrique Portela de Abreu,Registrado
,Sofá,"Abraçadeira nylon 200x2,5mm PT T-18R",0.4468,Av. João Valério,Sala 5,São Geraldo,69053358,Manaus,Amazonas,,,95,IFAM 2022-007 - TELLESCOM.EMBRAPII - STIPARE_INOVA (11419-7/11420-0),Ana Carolina Góes Martins,Luiz Henrique Portela de Abreu,Registrado
,Sofá,"Abraçadeira nylon 200x2,5mm PT T-18R",0.4468,Av. João Valério,Sala 5,São Geraldo,69053358,Manaus,Amazonas,,,95,IFAM 2022-007 - TELLESCOM.EMBRAPII - STIPARE_INOVA (11419-7/11420-0),Ana Carolina Góes Martins,Luiz Henrique Portela de Abreu,Registrado
,Sofá,"Abraçadeira nylon 200x2,5mm PT T-18R",0.4468,Av. João Valério,Sala 5,São Geraldo,69053358,Manaus,Amazonas,,,95,IFAM 2022-007 - TELLESCOM.EMBRAPII - STIPARE_INOVA (11419-7/11420-0),Ana Carolina Góes Martins,Luiz Henrique Portela de Abreu,Registrado
,Sofá,"Abraçadeira nylon 200x2,5mm PT T-18R",0.4468,Av. João Valério,Sala 5,São Geraldo,69053358,Manaus,Amazonas,,,95,IFAM 2022-007 - TELLESCOM.EMBRAPII - STIPARE_INOVA (11419-7/11420-0),Ana Carolina Góes Martins,Luiz Henrique Portela de Abreu,Registrado
,Sofá,"Abraçadeira nylon 200x2,5mm PT T-18R",0.4468,Av. João Valério,Sala 5,São Geraldo,69053358,Manaus,Amazonas,,,95,IFAM 2022-007 - TELLESCOM.EMBRAPII - STIPARE_INOVA (11419-7/11420-0),Ana Carolina Góes Martins,Luiz Henrique Portela de Abreu,Registrado
,Sofá,"Abraçadeira nylon 200x2,5mm PT T-18R",0.4468,Av. João Valério,Sala 5,São Geraldo,69053358,Manaus,Amazonas,,,95,IFAM 2022-007 - TELLESCOM.EMBRAPII - STIPARE_INOVA (11419-7/11420-0),Ana Carolina Góes Martins,Luiz Henrique Portela de Abreu,Registrado
,Sofá,"Abraçadeira nylon 200x2,5mm PT T-18R",0.4468,Av. João Valério,Sala 5,São Geraldo,69053358,Manaus,Amazonas,,,95,IFAM 2022-007 - TELLESCOM.EMBRAPII - STIPARE_INOVA (11419-7/11420-0),Ana Carolina Góes Martins,Luiz Henrique Portela de Abreu,Registrado
,Sofá,"Abraçadeira nylon 200x2,5mm PT T-18R",0.4468,Av. João Valério,Sala 5,São Geraldo,69053358,Manaus,Amazonas,,,95,IFAM 2022-007 - TELLESCOM.EMBRAPII - STIPARE_INOVA (11419-7/11420-0),Ana Carolina Góes Martins,Luiz Henrique Portela de Abreu,Registrado
,Sofá,"Abraçadeira nylon 200x2,5mm PT T-18R",0.4468,Av. João Valério,Sala 5,São Geraldo,69053358,Manaus,Amazonas,,,95,IFAM 2022-007 - TELLESCOM.EMBRAPII - STIPARE_INOVA (11419-7/11420-0),Ana Carolina Góes Martins,Luiz Henrique Portela de Abreu,Registrado
,Sofá,"Abraçadeira nylon 200x2,5mm PT T-18R",0.4468,Av. João Valério,Sala 5,São Geraldo,69053358,Manaus,Amazonas,,,95,IFAM 2022-007 - TELLESCOM.EMBRAPII - STIPARE_INOVA (11419-7/11420-0),Ana Carolina Góes Martins,Luiz Henrique Portela de Abreu,Registrado
,Sofá,"Abraçadeira nylon 200x2,5mm PT T-18R",0.4468,Av. João Valério,Sala 5,São Geraldo,69053358,Manaus,Amazonas,,,95,IFAM 2022-007 - TELLESCOM.EMBRAPII - STIPARE_INOVA (11419-7/11420-0),Ana Carolina Góes Martins,Luiz Henrique Portela de Abreu,Registrado
,Sofá,"Abraçadeira nylon 200x2,5mm PT T-18R",0.4468,Av. João Valério,Sala 5,São Geraldo,69053358,Manaus,Amazonas,,,95,IFAM 2022-007 - TELLESCOM.EMBRAPII - STIPARE_INOVA (11419-7/11420-0),Ana Carolina Góes Martins,Luiz Henrique Portela de Abreu,Registrado
,Sofá,"Abraçadeira nylon 200x2,5mm PT T-18R",0.4468,Av. João Valério,Sala 5,São Geraldo,69053358,Manaus,Amazonas,,,95,IFAM 2022-007 - TELLESCOM.EMBRAPII - STIPARE_INOVA (11419-7/11420-0),Ana Carolina Góes Martins,Luiz Henrique Portela de Abreu,Registrado
,Sofá,"Abraçadeira nylon 200x2,5mm PT T-18R",0.4468,Av. João Valério,Sala 5,São Geraldo,69053358,Manaus,Amazonas,,,95,IFAM 2022-007 - TELLESCOM.EMBRAPII - STIPARE_INOVA (11419-7/11420-0),Ana Carolina Góes Martins,Luiz Henrique Portela de Abreu,Registrado
,Sofá,"Abraçadeira nylon 200x2,5mm PT T-18R",0.4468,Av. João Valério,Sala 5,São Geraldo,69053358,Manaus,Amazonas,,,95,IFAM 2022-007 - TELLESCOM.EMBRAPII - STIPARE_INOVA (11419-7/11420-0),Ana Carolina Góes Martins,Luiz Henrique Portela de Abreu,Registrado
,Sofá,"Abraçadeira nylon 200x2,5mm PT T-18R",0.4468,Av. João Valério,Sala 5,São Geraldo,69053358,Manaus,Amazonas,,,95,IFAM 2022-007 - TELLESCOM.EMBRAPII - STIPARE_INOVA (11419-7/11420-0),Ana Carolina Góes Martins,Luiz Henrique Portela de Abreu,Registrado
,Sofá,"Abraçadeira nylon 200x2,5mm PT T-18R",0.4468,Av. João Valério,Sala 5,São Geraldo,69053358,Manaus,Amazonas,,,95,IFAM 2022-007 - TELLESCOM.EMBRAPII - STIPARE_INOVA (11419-7/11420-0),Ana Carolina Góes Martins,Luiz Henrique Portela de Abreu,Registrado
,Sofá,"Abraçadeira nylon 200x2,5mm PT T-18R",0.4468,Av. João Valério,Sala 5,São Geraldo,69053358,Manaus,Amazonas,,,95,IFAM 2022-007 - TELLESCOM.EMBRAPII - STIPARE_INOVA (11419-7/11420-0),Ana Carolina Góes Martins,Luiz Henrique Portela de Abreu,Registrado
,Sofá,"Abraçadeira nylon 200x2,5mm PT T-18R",0.4468,Av. João Valério,Sala 5,São Geraldo,69053358,Manaus,Amazonas,,,95,IFAM 2022-007 - TELLESCOM.EMBRAPII - STIPARE_INOVA (11419-7/11420-0),Ana Carolina Góes Martins,Luiz Henrique Portela de Abreu,Registrado
,Sofá,"Abraçadeira nylon 200x2,5mm PT T-18R",0.4468,Av. João Valério,Sala 5,São Geraldo,69053358,Manaus,Amazonas,,,95,IFAM 2022-007 - TELLESCOM.EMBRAPII - STIPARE_INOVA (11419-7/11420-0),Ana Carolina Góes Martins,Luiz Henrique Portela de Abreu,Registrado
,Sofá,"Abraçadeira nylon 200x2,5mm PT T-18R",0.4468,Av. João Valério,Sala 5,São Geraldo,69053358,Manaus,Amazonas,,,95,IFAM 2022-007 - TELLESCOM.EMBRAPII - STIPARE_INOVA (11419-7/11420-0),Ana Carolina Góes Martins,Luiz Henrique Portela de Abreu,Registrado
,Sofá,"Abraçadeira nylon 200x2,5mm PT T-18R",0.4468,Av. João Valério,Sala 5,São Geraldo,69053358,Manaus,Amazonas,,,95,IFAM 2022-007 - TELLESCOM.EMBRAPII - STIPARE_INOVA (11419-7/11420-0),Ana Carolina Góes Martins,Luiz Henrique Portela de Abreu,Registrado
,Sofá,"Abraçadeira nylon 200x2,5mm PT T-18R",0.4468,Av. João Valério,Sala 5,São Geraldo,69053358,Manaus,Amazonas,,,95,IFAM 2022-007 - TELLESCOM.EMBRAPII - STIPARE_INOVA (11419-7/11420-0),Ana Carolina Góes Martins,Luiz Henrique Portela de Abreu,Registrado
,Sofá,"Abraçadeira nylon 200x2,5mm PT T-18R",0.4468,Av. João Valério,Sala 5,São Geraldo,69053358,Manaus,Amazonas,,,95,IFAM 2022-007 - TELLESCOM.EMBRAPII - STIPARE_INOVA (11419-7/11420-0),Ana Carolina Góes Martins,Luiz Henrique Portela de Abreu,Registrado
,Sofá,"Abraçadeira nylon 200x2,5mm PT T-18R",0.4468,Av. João Valério,Sala 5,São Geraldo,69053358,Manaus,Amazonas,,,95,IFAM 2022-007 - TELLESCOM.EMBRAPII - STIPARE_INOVA (11419-7/11420-0),Ana Carolina Góes Martins,Luiz Henrique Portela de Abreu,Registrado
,Sofá,"Abraçadeira nylon 200x2,5mm PT T-18R",0.4468,Av. João Valério,Sala 5,São Geraldo,69053358,Manaus,Amazonas,,,95,IFAM 2022-007 - TELLESCOM.EMBRAPII - STIPARE_INOVA (11419-7/11420-0),Ana Carolina Góes Martins,Luiz Henrique Portela de Abreu,Registrado
,Sofá,"Abraçadeira nylon 200x2,5mm PT T-18R",0.4468,Av. João Valério,Sala 5,São Geraldo,69053358,Manaus,Amazonas,,,95,IFAM 2022-007 - TELLESCOM.EMBRAPII - STIPARE_INOVA (11419-7/11420-0),Ana Carolina Góes Martins,Luiz Henrique Portela de Abreu,Registrado
,Sofá,"Abraçadeira nylon 200x2,5mm PT T-18R",0.4468,Av. João Valério,Sala 5,São Geraldo,69053358,Manaus,Amazonas,,,95,IFAM 2022-007 - TELLESCOM.EMBRAPII - STIPARE_INOVA (11419-7/11420-0),Ana Carolina Góes Martins,Luiz Henrique Portela de Abreu,Registrado
,Sofá,"Abraçadeira nylon 200x2,5mm PT T-18R",0.4468,Av. João Valério,Sala 5,São Geraldo,69053358,Manaus,Amazonas,,,95,IFAM 2022-007 - TELLESCOM.EMBRAPII - STIPARE_INOVA (11419-7/11420-0),Ana Carolina Góes Martins,Luiz Henrique Portela de Abreu,Registrado
,Sofá,"Abraçadeira nylon 200x2,5mm PT T-18R",0.4468,Av. João Valério,Sala 5,São Geraldo,69053358,Manaus,Amazonas,,,95,IFAM 2022-007 - TELLESCOM.EMBRAPII - STIPARE_INOVA (11419-7/11420-0),Ana Carolina Góes Martins,Luiz Henrique Portela de Abreu,Registrado
,Sofá,"Abraçadeira nylon 200x2,5mm PT T-18R",0.4468,Av. João Valério,Sala 5,São Geraldo,69053358,Manaus,Amazonas,,,95,IFAM 2022-007 - TELLESCOM.EMBRAPII - STIPARE_INOVA (11419-7/11420-0),Ana Carolina Góes Martins,Luiz Henrique Portela de Abreu,Registrado
,Sofá,"Abraçadeira nylon 200x2,5mm PT T-18R",0.4468,Av. João Valério,Sala 5,São Geraldo,69053358,Manaus,Amazonas,,,95,IFAM 2022-007 - TELLESCOM.EMBRAPII - STIPARE_INOVA (11419-7/11420-0),Ana Carolina Góes Martins,Luiz Henrique Portela de Abreu,Registrado
,Sofá,"Abraçadeira nylon 200x2,5mm PT T-18R",0.4468,Av. João Valério,Sala 5,São Geraldo,69053358,Manaus,Amazonas,,,95,IFAM 2022-007 - TELLESCOM.EMBRAPII - STIPARE_INOVA (11419-7/11420-0),Ana Carolina Góes Martins,Luiz Henrique Portela de Abreu,Registrado
,Sofá,"Abraçadeira nylon 200x2,5mm PT T-18R",0.4468,Av. João Valério,Sala 5,São Geraldo,69053358,Manaus,Amazonas,,,95,IFAM 2022-007 - TELLESCOM.EMBRAPII - STIPARE_INOVA (11419-7/11420-0),Ana Carolina Góes Martins,Luiz Henrique Portela de Abreu,Registrado
,Sofá,"Abraçadeira nylon 200x2,5mm PT T-18R",0.4468,Av. João Valério,Sala 5,São Geraldo,69053358,Manaus,Amazonas,,,95,IFAM 2022-007 - TELLESCOM.EMBRAPII - STIPARE_INOVA (11419-7/11420-0),Ana Carolina Góes Martins,Luiz Henrique Portela de Abreu,Registrado
,Sofá,"Abraçadeira nylon 200x2,5mm PT T-18R",0.4468,Av. João Valério,Sala 5,São Geraldo,69053358,Manaus,Amazonas,,,95,IFAM 2022-007 - TELLESCOM.EMBRAPII - STIPARE_INOVA (11419-7/11420-0),Ana Carolina Góes Martins,Luiz Henrique Portela de Abreu,Registrado
,Sofá,"Abraçadeira nylon 200x2,5mm PT T-18R",0.4468,Av. João Valério,Sala 5,São Geraldo,69053358,Manaus,Amazonas,,,95,IFAM 2022-007 - TELLESCOM.EMBRAPII - STIPARE_INOVA (11419-7/11420-0),Ana Carolina Góes Martins,Luiz Henrique Portela de Abreu,Registrado
,Sofá,"Abraçadeira nylon 200x2,5mm PT T-18R",0.4468,Av. João Valério,Sala 5,São Geraldo,69053358,Manaus,Amazonas,,,95,IFAM 2022-007 - TELLESCOM.EMBRAPII - STIPARE_INOVA (11419-7/11420-0),Ana Carolina Góes Martins,Luiz Henrique Portela de Abreu,Registrado
,Sofá,"Abraçadeira nylon 200x2,5mm PT T-18R",0.4468,Av. João Valério,Sala 5,São Geraldo,69053358,Manaus,Amazonas,,,95,IFAM 2022-007 - TELLESCOM.EMBRAPII - STIPARE_INOVA (11419-7/11420-0),Ana Carolina Góes Martins,Luiz Henrique Portela de Abreu,Registrado
,Sofá,"Abraçadeira nylon 200x2,5mm PT T-18R",0.4468,Av. João Valério,Sala 5,São Geraldo,69053358,Manaus,Amazonas,,,95,IFAM 2022-007 - TELLESCOM.EMBRAPII - STIPARE_INOVA (11419-7/11420-0),Ana Carolina Góes Martins,Luiz Henrique Portela de Abreu,Registrado
,Sofá,"Abraçadeira nylon 200x2,5mm PT T-18R",0.4468,Av. João Valério,Sala 5,São Geraldo,69053358,Manaus,Amazonas,,,95,IFAM 2022-007 - TELLESCOM.EMBRAPII - STIPARE_INOVA (11419-7/11420-0),Ana Carolina Góes Martins,Luiz Henrique Portela de Abreu,Registrado
,Sofá,"Abraçadeira nylon 200x2,5mm PT T-18R",0.4468,Av. João Valério,Sala 5,São Geraldo,69053358,Manaus,Amazonas,,,95,IFAM 2022-007 - TELLESCOM.EMBRAPII - STIPARE_INOVA (11419-7/11420-0),Ana Carolina Góes Martins,Luiz Henrique Portela de Abreu,Registrado
,Sofá,"Abraçadeira nylon 200x2,5mm PT T-18R",0.4468,Av. João Valério,Sala 5,São Geraldo,69053358,Manaus,Amazonas,,,95,IFAM 2022-007 - TELLESCOM.EMBRAPII - STIPARE_INOVA (11419-7/11420-0),Ana Carolina Góes Martins,Luiz Henrique Portela de Abreu,Registrado
,Sofá,"Abraçadeira nylon 200x2,5mm PT T-18R",0.4468,Av. João Valério,Sala 5,São Geraldo,69053358,Manaus,Amazonas,,,95,IFAM 2022-007 - TELLESCOM.EMBRAPII - STIPARE_INOVA (11419-7/11420-0),Ana Carolina Góes Martins,Luiz Henrique Portela de Abreu,Registrado
,Sofá,"Abraçadeira nylon 200x2,5mm PT T-18R",0.4468,Av. João Valério,Sala 5,São Geraldo,69053358,Manaus,Amazonas,,,95,IFAM 2022-007 - TELLESCOM.EMBRAPII - STIPARE_INOVA (11419-7/11420-0),Ana Carolina Góes Martins,Luiz Henrique Portela de Abreu,Registrado
,Sofá,"Abraçadeira nylon 200x2,5mm PT T-18R",0.4468,Av. João Valério,Sala 5,São Geraldo,69053358,Manaus,Amazonas,,,95,IFAM 2022-007 - TELLESCOM.EMBRAPII - STIPARE_INOVA (11419-7/11420-0),Ana Carolina Góes Martins,Luiz Henrique Portela de Abreu,Registrado
,Sofá,"Abraçadeira nylon 200x2,5mm PT T-18R",0.4468,Av. João Valério,Sala 5,São Geraldo,69053358,Manaus,Amazonas,,,95,IFAM 2022-007 - TELLESCOM.EMBRAPII - STIPARE_INOVA (11419-7/11420-0),Ana Carolina Góes Martins,Luiz Henrique Portela de Abreu,Registrado
,Sofá,"Abraçadeira nylon 200x2,5mm PT T-18R",0.4468,Av. João Valério,Sala 5,São Geraldo,69053358,Manaus,Amazonas,,,95,IFAM 2022-007 - TELLESCOM.EMBRAPII - STIPARE_INOVA (11419-7/11420-0),Ana Carolina Góes Martins,Luiz Henrique Portela de Abreu,Registrado
,Sofá,"Abraçadeira nylon 200x2,5mm PT T-18R",0.4468,Av. João Valério,Sala 5,São Geraldo,69053358,Manaus,Amazonas,,,95,IFAM 2022-007 - TELLESCOM.EMBRAPII - STIPARE_INOVA (11419-7/11420-0),Ana Carolina Góes Martins,Luiz Henrique Portela de Abreu,Registrado
,Sofá,"Abraçadeira nylon 200x2,5mm PT T-18R",0.4468,Av. João Valério,Sala 5,São Geraldo,69053358,Manaus,Amazonas,,,95,IFAM 2022-007 - TELLESCOM.EMBRAPII - STIPARE_INOVA (11419-7/11420-0),Ana Carolina Góes Martins,Luiz Henrique Portela de Abreu,Registrado
,Sofá,"Abraçadeira nylon 200x2,5mm PT T-18R",0.4468,Av. João Valério,Sala 5,São Geraldo,69053358,Manaus,Amazonas,,,95,IFAM 2022-007 - TELLESCOM.EMBRAPII - STIPARE_INOVA (11419-7/11420-0),Ana Carolina Góes Martins,Luiz Henrique Portela de Abreu,Registrado
,Sofá,"Abraçadeira nylon 200x2,5mm PT T-18R",0.4468,Av. João Valério,Sala 5,São Geraldo,69053358,Manaus,Amazonas,,,95,IFAM 2022-007 - TELLESCOM.EMBRAPII - STIPARE_INOVA (11419-7/11420-0),Ana Carolina Góes Martins,Luiz Henrique Portela de Abreu,Registrado
,Sofá,"Abraçadeira nylon 200x2,5mm PT T-18R",0.4468,Av. João Valério,Sala 5,São Geraldo,69053358,Manaus,Amazonas,,,95,IFAM 2022-007 - TELLESCOM.EMBRAPII - STIPARE_INOVA (11419-7/11420-0),Ana Carolina Góes Martins,Luiz Henrique Portela de Abreu,Registrado
,Sofá,"Abraçadeira nylon 200x2,5mm PT T-18R",0.4468,Av. João Valério,Sala 5,São Geraldo,69053358,Manaus,Amazonas,,,95,IFAM 2022-007 - TELLESCOM.EMBRAPII - STIPARE_INOVA (11419-7/11420-0),Ana Carolina Góes Martins,Luiz Henrique Portela de Abreu,Registrado
,Sofá,"Abraçadeira nylon 200x2,5mm PT T-18R",0.4468,Av. João Valério,Sala 5,São Geraldo,69053358,Manaus,Amazonas,,,95,IFAM 2022-007 - TELLESCOM.EMBRAPII - STIPARE_INOVA (11419-7/11420-0),Ana Carolina Góes Martins,Luiz Henrique Portela de Abreu,Registrado
,Sofá,"Abraçadeira nylon 200x2,5mm PT T-18R",0.4468,Av. João Valério,Sala 5,São Geraldo,69053358,Manaus,Amazonas,,,95,IFAM 2022-007 - TELLESCOM.EMBRAPII - STIPARE_INOVA (11419-7/11420-0),Ana Carolina Góes Martins,Luiz Henrique Portela de Abreu,Registrado
,Sofá,"Abraçadeira nylon 200x2,5mm PT T-18R",0.4468,Av. João Valério,Sala 5,São Geraldo,69053358,Manaus,Amazonas,,,95,IFAM 2022-007 - TELLESCOM.EMBRAPII - STIPARE_INOVA (11419-7/11420-0),Ana Carolina Góes Martins,Luiz Henrique Portela de Abreu,Registrado
,Sofá,"Abraçadeira nylon 200x2,5mm PT T-18R",0.4468,Av. João Valério,Sala 5,São Geraldo,69053358,Manaus,Amazonas,,,95,IFAM 2022-007 - TELLESCOM.EMBRAPII - STIPARE_INOVA (11419-7/11420-0),Ana Carolina Góes Martins,Luiz Henrique Portela de Abreu,Registrado
,Sofá,"Abraçadeira nylon 200x2,5mm PT T-18R",0.4468,Av. João Valério,Sala 5,São Geraldo,69053358,Manaus,Amazonas,,,95,IFAM 2022-007 - TELLESCOM.EMBRAPII - STIPARE_INOVA (11419-7/11420-0),Ana Carolina Góes Martins,Luiz Henrique Portela de Abreu,Registrado
,Sofá,"Abraçadeira nylon 200x2,5mm PT T-18R",0.4468,Av. João Valério,Sala 5,São Geraldo,69053358,Manaus,Amazonas,,,95,IFAM 2022-007 - TELLESCOM.EMBRAPII - STIPARE_INOVA (11419-7/11420-0),Ana Carolina Góes Martins,Luiz Henrique Portela de Abreu,Registrado
,Sofá,"Abraçadeira nylon 200x2,5mm PT T-18R",0.4468,Av. João Valério,Sala 5,São Geraldo,69053358,Manaus,Amazonas,,,95,IFAM 2022-007 - TELLESCOM.EMBRAPII - STIPARE_INOVA (11419-7/11420-0),Ana Carolina Góes Martins,Luiz Henrique Portela de Abreu,Registrado
,Sofá,"Abraçadeira nylon 200x2,5mm PT T-18R",0.4468,Av. João Valério,Sala 5,São Geraldo,69053358,Manaus,Amazonas,,,95,IFAM 2022-007 - TELLESCOM.EMBRAPII - STIPARE_INOVA (11419-7/11420-0),Ana Carolina Góes Martins,Luiz Henrique Portela de Abreu,Registrado
,Sofá,"Abraçadeira nylon 200x2,5mm PT T-18R",0.4468,Av. João Valério,Sala 5,São Geraldo,69053358,Manaus,Amazonas,,,95,IFAM 2022-007 - TELLESCOM.EMBRAPII - STIPARE_INOVA (11419-7/11420-0),Ana Carolina Góes Martins,Luiz Henrique Portela de Abreu,Registrado
,Sofá,"Abraçadeira nylon 200x2,5mm PT T-18R",0.4468,Av. João Valério,Sala 5,São Geraldo,69053358,Manaus,Amazonas,,,95,IFAM 2022-007 - TELLESCOM.EMBRAPII - STIPARE_INOVA (11419-7/11420-0),Ana Carolina Góes Martins,Luiz Henrique Portela de Abreu,Registrado
,Sofá,"Abraçadeira nylon 200x2,5mm PT T-18R",0.4468,Av. João Valério,Sala 5,São Geraldo,69053358,Manaus,Amazonas,,,95,IFAM 2022-007 - TELLESCOM.EMBRAPII - STIPARE_INOVA (11419-7/11420-0),Ana Carolina Góes Martins,Luiz Henrique Portela de Abreu,Registrado
,Sofá,"Abraçadeira nylon 200x2,5mm PT T-18R",0.4468,Av. João Valério,Sala 5,São Geraldo,69053358,Manaus,Amazonas,,,95,IFAM 2022-007 - TELLESCOM.EMBRAPII - STIPARE_INOVA (11419-7/11420-0),Ana Carolina Góes Martins,Luiz Henrique Portela de Abreu,Registrado
,Sofá,"Abraçadeira nylon 200x2,5mm PT T-18R",0.4468,Av. João Valério,Sala 5,São Geraldo,69053358,Manaus,Amazonas,,,95,IFAM 2022-007 - TELLESCOM.EMBRAPII - STIPARE_INOVA (11419-7/11420-0),Ana Carolina Góes Martins,Luiz Henrique Portela de Abreu,Registrado
,Sofá,"Abraçadeira nylon 200x2,5mm PT T-18R",0.4468,Av. João Valério,Sala 5,São Geraldo,69053358,Manaus,Amazonas,,,95,IFAM 2022-007 - TELLESCOM.EMBRAPII - STIPARE_INOVA (11419-7/11420-0),Ana Carolina Góes Martins,Luiz Henrique Portela de Abreu,Registrado
,Sofá,"Abraçadeira nylon 200x2,5mm PT T-18R",0.4468,Av. João Valério,Sala 5,São Geraldo,69053358,Manaus,Amazonas,,,95,IFAM 2022-007 - TELLESCOM.EMBRAPII - STIPARE_INOVA (11419-7/11420-0),Ana Carolina Góes Martins,Luiz Henrique Portela de Abreu,Registrado
,Sofá,"Abraçadeira nylon 200x2,5mm PT T-18R",0.4468,Av. João Valério,Sala 5,São Geraldo,69053358,Manaus,Amazonas,,,95,IFAM 2022-007 - TELLESCOM.EMBRAPII - STIPARE_INOVA (11419-7/11420-0),Ana Carolina Góes Martins,Luiz Henrique Portela de Abreu,Registrado
,Sofá,"Abraçadeira nylon 200x2,5mm PT T-18R",0.4468,Av. João Valério,Sala 5,São Geraldo,69053358,Manaus,Amazonas,,,95,IFAM 2022-007 - TELLESCOM.EMBRAPII - STIPARE_INOVA (11419-7/11420-0),Ana Carolina Góes Martins,Luiz Henrique Portela de Abreu,Registrado
,Sofá,"Abraçadeira nylon 200x2,5mm PT T-18R",0.4468,Av. João Valério,Sala 5,São Geraldo,69053358,Manaus,Amazonas,,,95,IFAM 2022-007 - TELLESCOM.EMBRAPII - STIPARE_INOVA (11419-7/11420-0),Ana Carolina Góes Martins,Luiz Henrique Portela de Abreu,Registrado
,Sofá,"Abraçadeira nylon 200x2,5mm PT T-18R",0.4468,Av. João Valério,Sala 5,São Geraldo,69053358,Manaus,Amazonas,,,95,IFAM 2022-007 - TELLESCOM.EMBRAPII - STIPARE_INOVA (11419-7/11420-0),Ana Carolina Góes Martins,Luiz Henrique Portela de Abreu,Registrado
,Sofá,"Abraçadeira nylon 200x2,5mm PT T-18R",0.4468,Av. João Valério,Sala 5,São Geraldo,69053358,Manaus,Amazonas,,,95,IFAM 2022-007 - TELLESCOM.EMBRAPII - STIPARE_INOVA (11419-7/11420-0),Ana Carolina Góes Martins,Luiz Henrique Portela de Abreu,Registrado
,Sofá,"Abraçadeira nylon 200x2,5mm PT T-18R",0.4468,Av. João Valério,Sala 5,São Geraldo,69053358,Manaus,Amazonas,,,95,IFAM 2022-007 - TELLESCOM.EMBRAPII - STIPARE_INOVA (11419-7/11420-0),Ana Carolina Góes Martins,Luiz Henrique Portela de Abreu,Registrado
,Sofá,"Abraçadeira nylon 200x2,5mm PT T-18R",0.4468,Av. João Valério,Sala 5,São Geraldo,69053358,Manaus,Amazonas,,,95,IFAM 2022-007 - TELLESCOM.EMBRAPII - STIPARE_INOVA (11419-7/11420-0),Ana Carolina Góes Martins,Luiz Henrique Portela de Abreu,Registrado
,Sofá,"Abraçadeira nylon 200x2,5mm PT T-18R",0.4468,Av. João Valério,Sala 5,São Geraldo,69053358,Manaus,Amazonas,,,95,IFAM 2022-007 - TELLESCOM.EMBRAPII - STIPARE_INOVA (11419-7/11420-0),Ana Carolina Góes Martins,Luiz Henrique Portela de Abreu,Registrado
,Sofá,"Abraçadeira nylon 200x2,5mm PT T-18R",0.4468,Av. João Valério,Sala 5,São Geraldo,69053358,Manaus,Amazonas,,,95,IFAM 2022-007 - TELLESCOM.EMBRAPII - STIPARE_INOVA (11419-7/11420-0),Ana Carolina Góes Martins,Luiz Henrique Portela de Abreu,Registrado
,Sofá,"Abraçadeira nylon 200x2,5mm PT T-18R",0.4468,Av. João Valério,Sala 5,São Geraldo,69053358,Manaus,Amazonas,,,95,IFAM 2022-007 - TELLESCOM.EMBRAPII - STIPARE_INOVA (11419-7/11420-0),Ana Carolina Góes Martins,Luiz Henrique Portela de Abreu,Registrado
,Sofá,"Abraçadeira nylon 200x2,5mm PT T-18R",0.4468,Av. João Valério,Sala 5,São Geraldo,69053358,Manaus,Amazonas,,,95,IFAM 2022-007 - TELLESCOM.EMBRAPII - STIPARE_INOVA (11419-7/11420-0),Ana Carolina Góes Martins,Luiz Henrique Portela de Abreu,Registrado
,Sofá,"Abraçadeira nylon 200x2,5mm PT T-18R",0.4468,Av. João Valério,Sala 5,São Geraldo,69053358,Manaus,Amazonas,,,95,IFAM 2022-007 - TELLESCOM.EMBRAPII - STIPARE_INOVA (11419-7/11420-0),Ana Carolina Góes Martins,Luiz Henrique Portela de Abreu,Registrado
,Sofá,"Abraçadeira nylon 200x2,5mm PT T-18R",0.4468,Av. João Valério,Sala 5,São Geraldo,69053358,Manaus,Amazonas,,,95,IFAM 2022-007 - TELLESCOM.EMBRAPII - STIPARE_INOVA (11419-7/11420-0),Ana Carolina Góes Martins,Luiz Henrique Portela de Abreu,Registrado
,Sofá,"Abraçadeira nylon 200x2,5mm PT T-18R",0.4468,Av. João Valério,Sala 5,São Geraldo,69053358,Manaus,Amazonas,,,95,IFAM 2022-007 - TELLESCOM.EMBRAPII - STIPARE_INOVA (11419-7/11420-0),Ana Carolina Góes Martins,Luiz Henrique Portela de Abreu,Registrado
,Sofá,"Abraçadeira nylon 200x2,5mm PT T-18R",0.4468,Av. João Valério,Sala 5,São Geraldo,69053358,Manaus,Amazonas,,,95,IFAM 2022-007 - TELLESCOM.EMBRAPII - STIPARE_INOVA (11419-7/11420-0),Ana Carolina Góes Martins,Luiz Henrique Portela de Abreu,Registrado
,Sofá,"Abraçadeira nylon 200x2,5mm PT T-18R",0.4468,Av. João Valério,Sala 5,São Geraldo,69053358,Manaus,Amazonas,,,95,IFAM 2022-007 - TELLESCOM.EMBRAPII - STIPARE_INOVA (11419-7/11420-0),Ana Carolina Góes Martins,Luiz Henrique Portela de Abreu,Registrado
,Sofá,"Abraçadeira nylon 200x2,5mm PT T-18R",0.4468,Av. João Valério,Sala 5,São Geraldo,69053358,Manaus,Amazonas,,,95,IFAM 2022-007 - TELLESCOM.EMBRAPII - STIPARE_INOVA (11419-7/11420-0),Ana Carolina Góes Martins,Luiz Henrique Portela de Abreu,Registrado
,Sofá,"Abraçadeira nylon 200x2,5mm PT T-18R",0.4468,Av. João Valério,Sala 5,São Geraldo,69053358,Manaus,Amazonas,,,95,IFAM 2022-007 - TELLESCOM.EMBRAPII - STIPARE_INOVA (11419-7/11420-0),Ana Carolina Góes Martins,Luiz Henrique Portela de Abreu,Registrado
,Sofá,"Abraçadeira nylon 200x2,5mm PT T-18R",0.4468,Av. João Valério,Sala 5,São Geraldo,69053358,Manaus,Amazonas,,,95,IFAM 2022-007 - TELLESCOM.EMBRAPII - STIPARE_INOVA (11419-7/11420-0),Ana Carolina Góes Martins,Luiz Henrique Portela de Abreu,Registrado
,Sofá,"Abraçadeira nylon 200x2,5mm PT T-18R",0.4468,Av. João Valério,Sala 5,São Geraldo,69053358,Manaus,Amazonas,,,95,IFAM 2022-007 - TELLESCOM.EMBRAPII - STIPARE_INOVA (11419-7/11420-0),Ana Carolina Góes Martins,Luiz Henrique Portela de Abreu,Registrado
,Sofá,"Abraçadeira nylon 200x2,5mm PT T-18R",0.4468,Av. João Valério,Sala 5,São Geraldo,69053358,Manaus,Amazonas,,,95,IFAM 2022-007 - TELLESCOM.EMBRAPII - STIPARE_INOVA (11419-7/11420-0),Ana Carolina Góes Martins,Luiz Henrique Portela de Abreu,Registrado
,Sofá,"Abraçadeira nylon 200x2,5mm PT T-18R",0.4468,Av. João Valério,Sala 5,São Geraldo,69053358,Manaus,Amazonas,,,95,IFAM 2022-007 - TELLESCOM.EMBRAPII - STIPARE_INOVA (11419-7/11420-0),Ana Carolina Góes Martins,Luiz Henrique Portela de Abreu,Registrado
,Sofá,"Abraçadeira nylon 200x2,5mm PT T-18R",0.4468,Av. João Valério,Sala 5,São Geraldo,69053358,Manaus,Amazonas,,,95,IFAM 2022-007 - TELLESCOM.EMBRAPII - STIPARE_INOVA (11419-7/11420-0),Ana Carolina Góes Martins,Luiz Henrique Portela de Abreu,Registrado
,Sofá,"Abraçadeira nylon 200x2,5mm PT T-18R",0.4468,Av. João Valério,Sala 5,São Geraldo,69053358,Manaus,Amazonas,,,95,IFAM 2022-007 - TELLESCOM.EMBRAPII - STIPARE_INOVA (11419-7/11420-0),Ana Carolina Góes Martins,Luiz Henrique Portela de Abreu,Registrado
,Sofá,"Abraçadeira nylon 200x2,5mm PT T-18R",0.4468,Av. João Valério,Sala 5,São Geraldo,69053358,Manaus,Amazonas,,,95,IFAM 2022-007 - TELLESCOM.EMBRAPII - STIPARE_INOVA (11419-7/11420-0),Ana Carolina Góes Martins,Luiz Henrique Portela de Abreu,Registrado
,Sofá,"Abraçadeira nylon 200x2,5mm PT T-18R",0.4468,Av. João Valério,Sala 5,São Geraldo,69053358,Manaus,Amazonas,,,95,IFAM 2022-007 - TELLESCOM.EMBRAPII - STIPARE_INOVA (11419-7/11420-0),Ana Carolina Góes Martins,Luiz Henrique Portela de Abreu,Registrado
,Sofá,"Abraçadeira nylon 200x2,5mm PT T-18R",0.4468,Av. João Valério,Sala 5,São Geraldo,69053358,Manaus,Amazonas,,,95,IFAM 2022-007 - TELLESCOM.EMBRAPII - STIPARE_INOVA (11419-7/11420-0),Ana Carolina Góes Martins,Luiz Henrique Portela de Abreu,Registrado
,Sofá,"Abraçadeira nylon 200x2,5mm PT T-18R",0.4468,Av. João Valério,Sala 5,São Geraldo,69053358,Manaus,Amazonas,,,95,IFAM 2022-007 - TELLESCOM.EMBRAPII - STIPARE_INOVA (11419-7/11420-0),Ana Carolina Góes Martins,Luiz Henrique Portela de Abreu,Registrado
,Sofá,"Abraçadeira nylon 200x2,5mm PT T-18R",0.4468,Av. João Valério,Sala 5,São Geraldo,69053358,Manaus,Amazonas,,,95,IFAM 2022-007 - TELLESCOM.EMBRAPII - STIPARE_INOVA (11419-7/11420-0),Ana Carolina Góes Martins,Luiz Henrique Portela de Abreu,Registrado
,Sofá,"Abraçadeira nylon 200x2,5mm PT T-18R",0.4468,Av. João Valério,Sala 5,São Geraldo,69053358,Manaus,Amazonas,,,95,IFAM 2022-007 - TELLESCOM.EMBRAPII - STIPARE_INOVA (11419-7/11420-0),Ana Carolina Góes Martins,Luiz Henrique Portela de Abreu,Registrado
,Sofá,"Abraçadeira nylon 200x2,5mm PT T-18R",0.4468,Av. João Valério,Sala 5,São Geraldo,69053358,Manaus,Amazonas,,,95,IFAM 2022-007 - TELLESCOM.EMBRAPII - STIPARE_INOVA (11419-7/11420-0),Ana Carolina Góes Martins,Luiz Henrique Portela de Abreu,Registrado
,Sofá,"Abraçadeira nylon 200x2,5mm PT T-18R",0.4468,Av. João Valério,Sala 5,São Geraldo,69053358,Manaus,Amazonas,,,95,IFAM 2022-007 - TELLESCOM.EMBRAPII - STIPARE_INOVA (11419-7/11420-0),Ana Carolina Góes Martins,Luiz Henrique Portela de Abreu,Registrado
,Sofá,"Abraçadeira nylon 200x2,5mm PT T-18R",0.4468,Av. João Valério,Sala 5,São Geraldo,69053358,Manaus,Amazonas,,,95,IFAM 2022-007 - TELLESCOM.EMBRAPII - STIPARE_INOVA (11419-7/11420-0),Ana Carolina Góes Martins,Luiz Henrique Portela de Abreu,Registrado
,Sofá,"Abraçadeira nylon 200x2,5mm PT T-18R",0.4468,Av. João Valério,Sala 5,São Geraldo,69053358,Manaus,Amazonas,,,95,IFAM 2022-007 - TELLESCOM.EMBRAPII - STIPARE_INOVA (11419-7/11420-0),Ana Carolina Góes Martins,Luiz Henrique Portela de Abreu,Registrado
,Sofá,"Abraçadeira nylon 200x2,5mm PT T-18R",0.4468,Av. João Valério,Sala 5,São Geraldo,69053358,Manaus,Amazonas,,,95,IFAM 2022-007 - TELLESCOM.EMBRAPII - STIPARE_INOVA (11419-7/11420-0),Ana Carolina Góes Martins,Luiz Henrique Portela de Abreu,Registrado
,Sofá,"Abraçadeira nylon 200x2,5mm PT T-18R",0.4468,Av. João Valério,Sala 5,São Geraldo,69053358,Manaus,Amazonas,,,95,IFAM 2022-007 - TELLESCOM.EMBRAPII - STIPARE_INOVA (11419-7/11420-0),Ana Carolina Góes Martins,Luiz Henrique Portela de Abreu,Registrado
,Sofá,"Abraçadeira nylon 200x2,5mm PT T-18R",0.4468,Av. João Valério,Sala 5,São Geraldo,69053358,Manaus,Amazonas,,,95,IFAM 2022-007 - TELLESCOM.EMBRAPII - STIPARE_INOVA (11419-7/11420-0),Ana Carolina Góes Martins,Luiz Henrique Portela de Abreu,Registrado
,Sofá,"Abraçadeira nylon 200x2,5mm PT T-18R",0.4468,Av. João Valério,Sala 5,São Geraldo,69053358,Manaus,Amazonas,,,95,IFAM 2022-007 - TELLESCOM.EMBRAPII - STIPARE_INOVA (11419-7/11420-0),Ana Carolina Góes Martins,Luiz Henrique Portela de Abreu,Registrado
,Sofá,"Abraçadeira nylon 200x2,5mm PT T-18R",0.4468,Av. João Valério,Sala 5,São Geraldo,69053358,Manaus,Amazonas,,,95,IFAM 2022-007 - TELLESCOM.EMBRAPII - STIPARE_INOVA (11419-7/11420-0),Ana Carolina Góes Martins,Luiz Henrique Portela de Abreu,Registrado
,Sofá,"Abraçadeira nylon 200x2,5mm PT T-18R",0.4468,Av. João Valério,Sala 5,São Geraldo,69053358,Manaus,Amazonas,,,95,IFAM 2022-007 - TELLESCOM.EMBRAPII - STIPARE_INOVA (11419-7/11420-0),Ana Carolina Góes Martins,Luiz Henrique Portela de Abreu,Registrado
,Sofá,"Abraçadeira nylon 200x2,5mm PT T-18R",0.4468,Av. João Valério,Sala 5,São Geraldo,69053358,Manaus,Amazonas,,,95,IFAM 2022-007 - TELLESCOM.EMBRAPII - STIPARE_INOVA (11419-7/11420-0),Ana Carolina Góes Martins,Luiz Henrique Portela de Abreu,Registrado
,Sofá,"Abraçadeira nylon 200x2,5mm PT T-18R",0.4468,Av. João Valério,Sala 5,São Geraldo,69053358,Manaus,Amazonas,,,95,IFAM 2022-007 - TELLESCOM.EMBRAPII - STIPARE_INOVA (11419-7/11420-0),Ana Carolina Góes Martins,Luiz Henrique Portela de Abreu,Registrado
,Sofá,"Abraçadeira nylon 200x2,5mm PT T-18R",0.4468,Av. João Valério,Sala 5,São Geraldo,69053358,Manaus,Amazonas,,,95,IFAM 2022-007 - TELLESCOM.EMBRAPII - STIPARE_INOVA (11419-7/11420-0),Ana Carolina Góes Martins,Luiz Henrique Portela de Abreu,Registrado
,Sofá,"Abraçadeira nylon 200x2,5mm PT T-18R",0.4468,Av. João Valério,Sala 5,São Geraldo,69053358,Manaus,Amazonas,,,95,IFAM 2022-007 - TELLESCOM.EMBRAPII - STIPARE_INOVA (11419-7/11420-0),Ana Carolina Góes Martins,Luiz Henrique Portela de Abreu,Registrado
,Sofá,"Abraçadeira nylon 200x2,5mm PT T-18R",0.4468,Av. João Valério,Sala 5,São Geraldo,69053358,Manaus,Amazonas,,,95,IFAM 2022-007 - TELLESCOM.EMBRAPII - STIPARE_INOVA (11419-7/11420-0),Ana Carolina Góes Martins,Luiz Henrique Portela de Abreu,Registrado
,Sofá,"Abraçadeira nylon 200x2,5mm PT T-18R",0.4468,Av. João Valério,Sala 5,São Geraldo,69053358,Manaus,Amazonas,,,95,IFAM 2022-007 - TELLESCOM.EMBRAPII - STIPARE_INOVA (11419-7/11420-0),Ana Carolina Góes Martins,Luiz Henrique Portela de Abreu,Registrado
,Sofá,"Abraçadeira nylon 200x2,5mm PT T-18R",0.4468,Av. João Valério,Sala 5,São Geraldo,69053358,Manaus,Amazonas,,,95,IFAM 2022-007 - TELLESCOM.EMBRAPII - STIPARE_INOVA (11419-7/11420-0),Ana Carolina Góes Martins,Luiz Henrique Portela de Abreu,Registrado
,Sofá,"Abraçadeira nylon 200x2,5mm PT T-18R",0.4468,Av. João Valério,Sala 5,São Geraldo,69053358,Manaus,Amazonas,,,95,IFAM 2022-007 - TELLESCOM.EMBRAPII - STIPARE_INOVA (11419-7/11420-0),Ana Carolina Góes Martins,Luiz Henrique Portela de Abreu,Registrado
,Sofá,"Abraçadeira nylon 200x2,5mm PT T-18R",0.4468,Av. João Valério,Sala 5,São Geraldo,69053358,Manaus,Amazonas,,,95,IFAM 2022-007 - TELLESCOM.EMBRAPII - STIPARE_INOVA (11419-7/11420-0),Ana Carolina Góes Martins,Luiz Henrique Portela de Abreu,Registrado
,Sofá,"Abraçadeira nylon 200x2,5mm PT T-18R",0.4468,Av. João Valério,Sala 5,São Geraldo,69053358,Manaus,Amazonas,,,95,IFAM 2022-007 - TELLESCOM.EMBRAPII - STIPARE_INOVA (11419-7/11420-0),Ana Carolina Góes Martins,Luiz Henrique Portela de Abreu,Registrado
,Sofá,"Abraçadeira nylon 200x2,5mm PT T-18R",0.4468,Av. João Valério,Sala 5,São Geraldo,69053358,Manaus,Amazonas,,,95,IFAM 2022-007 - TELLESCOM.EMBRAPII - STIPARE_INOVA (11419-7/11420-0),Ana Carolina Góes Martins,Luiz Henrique Portela de Abreu,Registrado
,Sofá,"Abraçadeira nylon 200x2,5mm PT T-18R",0.4468,Av. João Valério,Sala 5,São Geraldo,69053358,Manaus,Amazonas,,,95,IFAM 2022-007 - TELLESCOM.EMBRAPII - STIPARE_INOVA (11419-7/11420-0),Ana Carolina Góes Martins,Luiz Henrique Portela de Abreu,Registrado
,Sofá,"Abraçadeira nylon 200x2,5mm PT T-18R",0.4468,Av. João Valério,Sala 5,São Geraldo,69053358,Manaus,Amazonas,,,95,IFAM 2022-007 - TELLESCOM.EMBRAPII - STIPARE_INOVA (11419-7/11420-0),Ana Carolina Góes Martins,Luiz Henrique Portela de Abreu,Registrado
,Sofá,"Abraçadeira nylon 200x2,5mm PT T-18R",0.4468,Av. João Valério,Sala 5,São Geraldo,69053358,Manaus,Amazonas,,,95,IFAM 2022-007 - TELLESCOM.EMBRAPII - STIPARE_INOVA (11419-7/11420-0),Ana Carolina Góes Martins,Luiz Henrique Portela de Abreu,Registrado
,Sofá,"Abraçadeira nylon 200x2,5mm PT T-18R",0.4468,Av. João Valério,Sala 5,São Geraldo,69053358,Manaus,Amazonas,,,95,IFAM 2022-007 - TELLESCOM.EMBRAPII - STIPARE_INOVA (11419-7/11420-0),Ana Carolina Góes Martins,Luiz Henrique Portela de Abreu,Registrado
,Sofá,"Abraçadeira nylon 200x2,5mm PT T-18R",0.4468,Av. João Valério,Sala 5,São Geraldo,69053358,Manaus,Amazonas,,,95,IFAM 2022-007 - TELLESCOM.EMBRAPII - STIPARE_INOVA (11419-7/11420-0),Ana Carolina Góes Martins,Luiz Henrique Portela de Abreu,Registrado
,Sofá,"Abraçadeira nylon 200x2,5mm PT T-18R",0.4468,Av. João Valério,Sala 5,São Geraldo,69053358,Manaus,Amazonas,,,95,IFAM 2022-007 - TELLESCOM.EMBRAPII - STIPARE_INOVA (11419-7/11420-0),Ana Carolina Góes Martins,Luiz Henrique Portela de Abreu,Registrado
,Sofá,"Abraçadeira nylon 200x2,5mm PT T-18R",0.4468,Av. João Valério,Sala 5,São Geraldo,69053358,Manaus,Amazonas,,,95,IFAM 2022-007 - TELLESCOM.EMBRAPII - STIPARE_INOVA (11419-7/11420-0),Ana Carolina Góes Martins,Luiz Henrique Portela de Abreu,Registrado
,Sofá,"Abraçadeira nylon 200x2,5mm PT T-18R",0.4468,Av. João Valério,Sala 5,São Geraldo,69053358,Manaus,Amazonas,,,95,IFAM 2022-007 - TELLESCOM.EMBRAPII - STIPARE_INOVA (11419-7/11420-0),Ana Carolina Góes Martins,Luiz Henrique Portela de Abreu,Registrado
,Sofá,"Abraçadeira nylon 200x2,5mm PT T-18R",0.4468,Av. João Valério,Sala 5,São Geraldo,69053358,Manaus,Amazonas,,,95,IFAM 2022-007 - TELLESCOM.EMBRAPII - STIPARE_INOVA (11419-7/11420-0),Ana Carolina Góes Martins,Luiz Henrique Portela de Abreu,Registrado
,Sofá,"Abraçadeira nylon 200x2,5mm PT T-18R",0.4468,Av. João Valério,Sala 5,São Geraldo,69053358,Manaus,Amazonas,,,95,IFAM 2022-007 - TELLESCOM.EMBRAPII - STIPARE_INOVA (11419-7/11420-0),Ana Carolina Góes Martins,Luiz Henrique Portela de Abreu,Registrado
,Sofá,"Abraçadeira nylon 200x2,5mm PT T-18R",0.4468,Av. João Valério,Sala 5,São Geraldo,69053358,Manaus,Amazonas,,,95,IFAM 2022-007 - TELLESCOM.EMBRAPII - STIPARE_INOVA (11419-7/11420-0),Ana Carolina Góes Martins,Luiz Henrique Portela de Abreu,Registrado
,Sofá,"Abraçadeira nylon 200x2,5mm PT T-18R",0.4468,Av. João Valério,Sala 5,São Geraldo,69053358,Manaus,Amazonas,,,95,IFAM 2022-007 - TELLESCOM.EMBRAPII - STIPARE_INOVA (11419-7/11420-0),Ana Carolina Góes Martins,Luiz Henrique Portela de Abreu,Registrado
,Sofá,"Abraçadeira nylon 200x2,5mm PT T-18R",0.4468,Av. João Valério,Sala 5,São Geraldo,69053358,Manaus,Amazonas,,,95,IFAM 2022-007 - TELLESCOM.EMBRAPII - STIPARE_INOVA (11419-7/11420-0),Ana Carolina Góes Martins,Luiz Henrique Portela de Abreu,Registrado
,Sofá,"Abraçadeira nylon 200x2,5mm PT T-18R",0.4468,Av. João Valério,Sala 5,São Geraldo,69053358,Manaus,Amazonas,,,95,IFAM 2022-007 - TELLESCOM.EMBRAPII - STIPARE_INOVA (11419-7/11420-0),Ana Carolina Góes Martins,Luiz Henrique Portela de Abreu,Registrado
,Sofá,"Abraçadeira nylon 200x2,5mm PT T-18R",0.4468,Av. João Valério,Sala 5,São Geraldo,69053358,Manaus,Amazonas,,,95,IFAM 2022-007 - TELLESCOM.EMBRAPII - STIPARE_INOVA (11419-7/11420-0),Ana Carolina Góes Martins,Luiz Henrique Portela de Abreu,Registrado
,Sofá,"Abraçadeira nylon 200x2,5mm PT T-18R",0.4468,Av. João Valério,Sala 5,São Geraldo,69053358,Manaus,Amazonas,,,95,IFAM 2022-007 - TELLESCOM.EMBRAPII - STIPARE_INOVA (11419-7/11420-0),Ana Carolina Góes Martins,Luiz Henrique Portela de Abreu,Registrado
,Sofá,"Abraçadeira nylon 200x2,5mm PT T-18R",0.4468,Av. João Valério,Sala 5,São Geraldo,69053358,Manaus,Amazonas,,,95,IFAM 2022-007 - TELLESCOM.EMBRAPII - STIPARE_INOVA (11419-7/11420-0),Ana Carolina Góes Martins,Luiz Henrique Portela de Abreu,Registrado
,Sofá,"Abraçadeira nylon 200x2,5mm PT T-18R",0.4468,Av. João Valério,Sala 5,São Geraldo,69053358,Manaus,Amazonas,,,95,IFAM 2022-007 - TELLESCOM.EMBRAPII - STIPARE_INOVA (11419-7/11420-0),Ana Carolina Góes Martins,Luiz Henrique Portela de Abreu,Registrado
,Sofá,"Abraçadeira nylon 200x2,5mm PT T-18R",0.4468,Av. João Valério,Sala 5,São Geraldo,69053358,Manaus,Amazonas,,,95,IFAM 2022-007 - TELLESCOM.EMBRAPII - STIPARE_INOVA (11419-7/11420-0),Ana Carolina Góes Martins,Luiz Henrique Portela de Abreu,Registrado
,Sofá,"Abraçadeira nylon 200x2,5mm PT T-18R",0.4468,Av. João Valério,Sala 5,São Geraldo,69053358,Manaus,Amazonas,,,95,IFAM 2022-007 - TELLESCOM.EMBRAPII - STIPARE_INOVA (11419-7/11420-0),Ana Carolina Góes Martins,Luiz Henrique Portela de Abreu,Registrado
,Sofá,"Abraçadeira nylon 200x2,5mm PT T-18R",0.4468,Av. João Valério,Sala 5,São Geraldo,69053358,Manaus,Amazonas,,,95,IFAM 2022-007 - TELLESCOM.EMBRAPII - STIPARE_INOVA (11419-7/11420-0),Ana Carolina Góes Martins,Luiz Henrique Portela de Abreu,Registrado
,Sofá,"Abraçadeira nylon 200x2,5mm PT T-18R",0.4468,Av. João Valério,Sala 5,São Geraldo,69053358,Manaus,Amazonas,,,95,IFAM 2022-007 - TELLESCOM.EMBRAPII - STIPARE_INOVA (11419-7/11420-0),Ana Carolina Góes Martins,Luiz Henrique Portela de Abreu,Registrado
,Sofá,"Abraçadeira nylon 200x2,5mm PT T-18R",0.4468,Av. João Valério,Sala 5,São Geraldo,69053358,Manaus,Amazonas,,,95,IFAM 2022-007 - TELLESCOM.EMBRAPII - STIPARE_INOVA (11419-7/11420-0),Ana Carolina Góes Martins,Luiz Henrique Portela de Abreu,Registrado
,Sofá,"Abraçadeira nylon 200x2,5mm PT T-18R",0.4468,Av. João Valério,Sala 5,São Geraldo,69053358,Manaus,Amazonas,,,95,IFAM 2022-007 - TELLESCOM.EMBRAPII - STIPARE_INOVA (11419-7/11420-0),Ana Carolina Góes Martins,Luiz Henrique Portela de Abreu,Registrado
,Sofá,"Abraçadeira nylon 200x2,5mm PT T-18R",0.4468,Av. João Valério,Sala 5,São Geraldo,69053358,Manaus,Amazonas,,,95,IFAM 2022-007 - TELLESCOM.EMBRAPII - STIPARE_INOVA (11419-7/11420-0),Ana Carolina Góes Martins,Luiz Henrique Portela de Abreu,Registrado
,Sofá,"Abraçadeira nylon 200x2,5mm PT T-18R",0.4468,Av. João Valério,Sala 5,São Geraldo,69053358,Manaus,Amazonas,,,95,IFAM 2022-007 - TELLESCOM.EMBRAPII - STIPARE_INOVA (11419-7/11420-0),Ana Carolina Góes Martins,Luiz Henrique Portela de Abreu,Registrado
,Sofá,"Abraçadeira nylon 200x2,5mm PT T-18R",0.4468,Av. João Valério,Sala 5,São Geraldo,69053358,Manaus,Amazonas,,,95,IFAM 2022-007 - TELLESCOM.EMBRAPII - STIPARE_INOVA (11419-7/11420-0),Ana Carolina Góes Martins,Luiz Henrique Portela de Abreu,Registrado
,Sofá,"Abraçadeira nylon 200x2,5mm PT T-18R",0.4468,Av. João Valério,Sala 5,São Geraldo,69053358,Manaus,Amazonas,,,95,IFAM 2022-007 - TELLESCOM.EMBRAPII - STIPARE_INOVA (11419-7/11420-0),Ana Carolina Góes Martins,Luiz Henrique Portela de Abreu,Registrado
,Sofá,"Abraçadeira nylon 200x2,5mm PT T-18R",0.4468,Av. João Valério,Sala 5,São Geraldo,69053358,Manaus,Amazonas,,,95,IFAM 2022-007 - TELLESCOM.EMBRAPII - STIPARE_INOVA (11419-7/11420-0),Ana Carolina Góes Martins,Luiz Henrique Portela de Abreu,Registrado
,Sofá,"Abraçadeira nylon 200x2,5mm PT T-18R",0.4468,Av. João Valério,Sala 5,São Geraldo,69053358,Manaus,Amazonas,,,95,IFAM 2022-007 - TELLESCOM.EMBRAPII - STIPARE_INOVA (11419-7/11420-0),Ana Carolina Góes Martins,Luiz Henrique Portela de Abreu,Registrado
,Sofá,"Abraçadeira nylon 200x2,5mm PT T-18R",0.4468,Av. João Valério,Sala 5,São Geraldo,69053358,Manaus,Amazonas,,,95,IFAM 2022-007 - TELLESCOM.EMBRAPII - STIPARE_INOVA (11419-7/11420-0),Ana Carolina Góes Martins,Luiz Henrique Portela de Abreu,Registrado
,Sofá,"Abraçadeira nylon 200x2,5mm PT T-18R",0.4468,Av. João Valério,Sala 5,São Geraldo,69053358,Manaus,Amazonas,,,95,IFAM 2022-007 - TELLESCOM.EMBRAPII - STIPARE_INOVA (11419-7/11420-0),Ana Carolina Góes Martins,Luiz Henrique Portela de Abreu,Registrado
,Sofá,"Abraçadeira nylon 200x2,5mm PT T-18R",0.4468,Av. João Valério,Sala 5,São Geraldo,69053358,Manaus,Amazonas,,,95,IFAM 2022-007 - TELLESCOM.EMBRAPII - STIPARE_INOVA (11419-7/11420-0),Ana Carolina Góes Martins,Luiz Henrique Portela de Abreu,Registrado
,Sofá,"Abraçadeira nylon 200x2,5mm PT T-18R",0.4468,Av. João Valério,Sala 5,São Geraldo,69053358,Manaus,Amazonas,,,95,IFAM 2022-007 - TELLESCOM.EMBRAPII - STIPARE_INOVA (11419-7/11420-0),Ana Carolina Góes Martins,Luiz Henrique Portela de Abreu,Registrado
,Sofá,"Abraçadeira nylon 200x2,5mm PT T-18R",0.4468,Av. João Valério,Sala 5,São Geraldo,69053358,Manaus,Amazonas,,,95,IFAM 2022-007 - TELLESCOM.EMBRAPII - STIPARE_INOVA (11419-7/11420-0),Ana Carolina Góes Martins,Luiz Henrique Portela de Abreu,Registrado
,Sofá,"Abraçadeira nylon 200x2,5mm PT T-18R",0.4468,Av. João Valério,Sala 5,São Geraldo,69053358,Manaus,Amazonas,,,95,IFAM 2022-007 - TELLESCOM.EMBRAPII - STIPARE_INOVA (11419-7/11420-0),Ana Carolina Góes Martins,Luiz Henrique Portela de Abreu,Registrado
,Sofá,"Abraçadeira nylon 200x2,5mm PT T-18R",0.4468,Av. João Valério,Sala 5,São Geraldo,69053358,Manaus,Amazonas,,,95,IFAM 2022-007 - TELLESCOM.EMBRAPII - STIPARE_INOVA (11419-7/11420-0),Ana Carolina Góes Martins,Luiz Henrique Portela de Abreu,Registrado
,Sofá,"Abraçadeira nylon 200x2,5mm PT T-18R",0.4468,Av. João Valério,Sala 5,São Geraldo,69053358,Manaus,Amazonas,,,95,IFAM 2022-007 - TELLESCOM.EMBRAPII - STIPARE_INOVA (11419-7/11420-0),Ana Carolina Góes Martins,Luiz Henrique Portela de Abreu,Registrado
,Sofá,"Abraçadeira nylon 200x2,5mm PT T-18R",0.4468,Av. João Valério,Sala 5,São Geraldo,69053358,Manaus,Amazonas,,,95,IFAM 2022-007 - TELLESCOM.EMBRAPII - STIPARE_INOVA (11419-7/11420-0),Ana Carolina Góes Martins,Luiz Henrique Portela de Abreu,Registrado
,Sofá,"Abraçadeira nylon 200x2,5mm PT T-18R",0.4468,Av. João Valério,Sala 5,São Geraldo,69053358,Manaus,Amazonas,,,95,IFAM 2022-007 - TELLESCOM.EMBRAPII - STIPARE_INOVA (11419-7/11420-0),Ana Carolina Góes Martins,Luiz Henrique Portela de Abreu,Registrado
,Sofá,"Abraçadeira nylon 200x2,5mm PT T-18R",0.4468,Av. João Valério,Sala 5,São Geraldo,69053358,Manaus,Amazonas,,,95,IFAM 2022-007 - TELLESCOM.EMBRAPII - STIPARE_INOVA (11419-7/11420-0),Ana Carolina Góes Martins,Luiz Henrique Portela de Abreu,Registrado
,Sofá,"Abraçadeira nylon 200x2,5mm PT T-18R",0.4468,Av. João Valério,Sala 5,São Geraldo,69053358,Manaus,Amazonas,,,95,IFAM 2022-007 - TELLESCOM.EMBRAPII - STIPARE_INOVA (11419-7/11420-0),Ana Carolina Góes Martins,Luiz Henrique Portela de Abreu,Registrado
,Sofá,"Abraçadeira nylon 200x2,5mm PT T-18R",0.4468,Av. João Valério,Sala 5,São Geraldo,69053358,Manaus,Amazonas,,,95,IFAM 2022-007 - TELLESCOM.EMBRAPII - STIPARE_INOVA (11419-7/11420-0),Ana Carolina Góes Martins,Luiz Henrique Portela de Abreu,Registrado
,Sofá,"Abraçadeira nylon 200x2,5mm PT T-18R",0.4468,Av. João Valério,Sala 5,São Geraldo,69053358,Manaus,Amazonas,,,95,IFAM 2022-007 - TELLESCOM.EMBRAPII - STIPARE_INOVA (11419-7/11420-0),Ana Carolina Góes Martins,Luiz Henrique Portela de Abreu,Registrado
,Sofá,"Abraçadeira nylon 200x2,5mm PT T-18R",0.4468,Av. João Valério,Sala 5,São Geraldo,69053358,Manaus,Amazonas,,,95,IFAM 2022-007 - TELLESCOM.EMBRAPII - STIPARE_INOVA (11419-7/11420-0),Ana Carolina Góes Martins,Luiz Henrique Portela de Abreu,Registrado
,Sofá,"Abraçadeira nylon 200x2,5mm PT T-18R",0.4468,Av. João Valério,Sala 5,São Geraldo,69053358,Manaus,Amazonas,,,95,IFAM 2022-007 - TELLESCOM.EMBRAPII - STIPARE_INOVA (11419-7/11420-0),Ana Carolina Góes Martins,Luiz Henrique Portela de Abreu,Registrado
,Sofá,"Abraçadeira nylon 200x2,5mm PT T-18R",0.4468,Av. João Valério,Sala 5,São Geraldo,69053358,Manaus,Amazonas,,,95,IFAM 2022-007 - TELLESCOM.EMBRAPII - STIPARE_INOVA (11419-7/11420-0),Ana Carolina Góes Martins,Luiz Henrique Portela de Abreu,Registrado
,Sofá,"Abraçadeira nylon 200x2,5mm PT T-18R",0.4468,Av. João Valério,Sala 5,São Geraldo,69053358,Manaus,Amazonas,,,95,IFAM 2022-007 - TELLESCOM.EMBRAPII - STIPARE_INOVA (11419-7/11420-0),Ana Carolina Góes Martins,Luiz Henrique Portela de Abreu,Registrado
,Sofá,"Abraçadeira nylon 200x2,5mm PT T-18R",0.4468,Av. João Valério,Sala 5,São Geraldo,69053358,Manaus,Amazonas,,,95,IFAM 2022-007 - TELLESCOM.EMBRAPII - STIPARE_INOVA (11419-7/11420-0),Ana Carolina Góes Martins,Luiz Henrique Portela de Abreu,Registrado
,Sofá,"Abraçadeira nylon 200x2,5mm PT T-18R",0.4468,Av. João Valério,Sala 5,São Geraldo,69053358,Manaus,Amazonas,,,95,IFAM 2022-007 - TELLESCOM.EMBRAPII - STIPARE_INOVA (11419-7/11420-0),Ana Carolina Góes Martins,Luiz Henrique Portela de Abreu,Registrado
,Sofá,"Abraçadeira nylon 200x2,5mm PT T-18R",0.4468,Av. João Valério,Sala 5,São Geraldo,69053358,Manaus,Amazonas,,,95,IFAM 2022-007 - TELLESCOM.EMBRAPII - STIPARE_INOVA (11419-7/11420-0),Ana Carolina Góes Martins,Luiz Henrique Portela de Abreu,Registrado
,Sofá,"Abraçadeira nylon 200x2,5mm PT T-18R",0.4468,Av. João Valério,Sala 5,São Geraldo,69053358,Manaus,Amazonas,,,95,IFAM 2022-007 - TELLESCOM.EMBRAPII - STIPARE_INOVA (11419-7/11420-0),Ana Carolina Góes Martins,Luiz Henrique Portela de Abreu,Registrado
,Sofá,"Abraçadeira nylon 200x2,5mm PT T-18R",0.4468,Av. João Valério,Sala 5,São Geraldo,69053358,Manaus,Amazonas,,,95,IFAM 2022-007 - TELLESCOM.EMBRAPII - STIPARE_INOVA (11419-7/11420-0),Ana Carolina Góes Martins,Luiz Henrique Portela de Abreu,Registrado
,Sofá,"Abraçadeira nylon 200x2,5mm PT T-18R",0.4468,Av. João Valério,Sala 5,São Geraldo,69053358,Manaus,Amazonas,,,95,IFAM 2022-007 - TELLESCOM.EMBRAPII - STIPARE_INOVA (11419-7/11420-0),Ana Carolina Góes Martins,Luiz Henrique Portela de Abreu,Registrado
,Sofá,"Abraçadeira nylon 200x2,5mm PT T-18R",0.4468,Av. João Valério,Sala 5,São Geraldo,69053358,Manaus,Amazonas,,,95,IFAM 2022-007 - TELLESCOM.EMBRAPII - STIPARE_INOVA (11419-7/11420-0),Ana Carolina Góes Martins,Luiz Henrique Portela de Abreu,Registrado
,Sofá,"Abraçadeira nylon 200x2,5mm PT T-18R",0.4468,Av. João Valério,Sala 5,São Geraldo,69053358,Manaus,Amazonas,,,95,IFAM 2022-007 - TELLESCOM.EMBRAPII - STIPARE_INOVA (11419-7/11420-0),Ana Carolina Góes Martins,Luiz Henrique Portela de Abreu,Registrado
,Sofá,"Abraçadeira nylon 200x2,5mm PT T-18R",0.4468,Av. João Valério,Sala 5,São Geraldo,69053358,Manaus,Amazonas,,,95,IFAM 2022-007 - TELLESCOM.EMBRAPII - STIPARE_INOVA (11419-7/11420-0),Ana Carolina Góes Martins,Luiz Henrique Portela de Abreu,Registrado
,Sofá,"Abraçadeira nylon 200x2,5mm PT T-18R",0.4468,Av. João Valério,Sala 5,São Geraldo,69053358,Manaus,Amazonas,,,95,IFAM 2022-007 - TELLESCOM.EMBRAPII - STIPARE_INOVA (11419-7/11420-0),Ana Carolina Góes Martins,Luiz Henrique Portela de Abreu,Registrado
,Sofá,"Abraçadeira nylon 200x2,5mm PT T-18R",0.4468,Av. João Valério,Sala 5,São Geraldo,69053358,Manaus,Amazonas,,,95,IFAM 2022-007 - TELLESCOM.EMBRAPII - STIPARE_INOVA (11419-7/11420-0),Ana Carolina Góes Martins,Luiz Henrique Portela de Abreu,Registrado
,Sofá,"Abraçadeira nylon 200x2,5mm PT T-18R",0.4468,Av. João Valério,Sala 5,São Geraldo,69053358,Manaus,Amazonas,,,95,IFAM 2022-007 - TELLESCOM.EMBRAPII - STIPARE_INOVA (11419-7/11420-0),Ana Carolina Góes Martins,Luiz Henrique Portela de Abreu,Registrado
,Sofá,"Abraçadeira nylon 200x2,5mm PT T-18R",0.4468,Av. João Valério,Sala 5,São Geraldo,69053358,Manaus,Amazonas,,,95,IFAM 2022-007 - TELLESCOM.EMBRAPII - STIPARE_INOVA (11419-7/11420-0),Ana Carolina Góes Martins,Luiz Henrique Portela de Abreu,Registrado
,Sofá,"Abraçadeira nylon 200x2,5mm PT T-18R",0.4468,Av. João Valério,Sala 5,São Geraldo,69053358,Manaus,Amazonas,,,95,IFAM 2022-007 - TELLESCOM.EMBRAPII - STIPARE_INOVA (11419-7/11420-0),Ana Carolina Góes Martins,Luiz Henrique Portela de Abreu,Registrado
,Sofá,"Abraçadeira nylon 200x2,5mm PT T-18R",0.4468,Av. João Valério,Sala 5,São Geraldo,69053358,Manaus,Amazonas,,,95,IFAM 2022-007 - TELLESCOM.EMBRAPII - STIPARE_INOVA (11419-7/11420-0),Ana Carolina Góes Martins,Luiz Henrique Portela de Abreu,Registrado
,Sofá,"Abraçadeira nylon 200x2,5mm PT T-18R",0.4468,Av. João Valério,Sala 5,São Geraldo,69053358,Manaus,Amazonas,,,95,IFAM 2022-007 - TELLESCOM.EMBRAPII - STIPARE_INOVA (11419-7/11420-0),Ana Carolina Góes Martins,Luiz Henrique Portela de Abreu,Registrado
,Sofá,"Abraçadeira nylon 200x2,5mm PT T-18R",0.4468,Av. João Valério,Sala 5,São Geraldo,69053358,Manaus,Amazonas,,,95,IFAM 2022-007 - TELLESCOM.EMBRAPII - STIPARE_INOVA (11419-7/11420-0),Ana Carolina Góes Martins,Luiz Henrique Portela de Abreu,Registrado
,Sofá,"Abraçadeira nylon 200x2,5mm PT T-18R",0.4468,Av. João Valério,Sala 5,São Geraldo,69053358,Manaus,Amazonas,,,95,IFAM 2022-007 - TELLESCOM.EMBRAPII - STIPARE_INOVA (11419-7/11420-0),Ana Carolina Góes Martins,Luiz Henrique Portela de Abreu,Registrado
,Sofá,"Abraçadeira nylon 200x2,5mm PT T-18R",0.4468,Av. João Valério,Sala 5,São Geraldo,69053358,Manaus,Amazonas,,,95,IFAM 2022-007 - TELLESCOM.EMBRAPII - STIPARE_INOVA (11419-7/11420-0),Ana Carolina Góes Martins,Luiz Henrique Portela de Abreu,Registrado
,Sofá,"Abraçadeira nylon 200x2,5mm PT T-18R",0.4468,Av. João Valério,Sala 5,São Geraldo,69053358,Manaus,Amazonas,,,95,IFAM 2022-007 - TELLESCOM.EMBRAPII - STIPARE_INOVA (11419-7/11420-0),Ana Carolina Góes Martins,Luiz Henrique Portela de Abreu,Registrado
,Sofá,"Abraçadeira nylon 200x2,5mm PT T-18R",0.4468,Av. João Valério,Sala 5,São Geraldo,69053358,Manaus,Amazonas,,,95,IFAM 2022-007 - TELLESCOM.EMBRAPII - STIPARE_INOVA (11419-7/11420-0),Ana Carolina Góes Martins,Luiz Henrique Portela de Abreu,Registrado
,Sofá,"Abraçadeira nylon 200x2,5mm PT T-18R",0.4468,Av. João Valério,Sala 5,São Geraldo,69053358,Manaus,Amazonas,,,95,IFAM 2022-007 - TELLESCOM.EMBRAPII - STIPARE_INOVA (11419-7/11420-0),Ana Carolina Góes Martins,Luiz Henrique Portela de Abreu,Registrado
,Sofá,"Abraçadeira nylon 200x2,5mm PT T-18R",0.4468,Av. João Valério,Sala 5,São Geraldo,69053358,Manaus,Amazonas,,,95,IFAM 2022-007 - TELLESCOM.EMBRAPII - STIPARE_INOVA (11419-7/11420-0),Ana Carolina Góes Martins,Luiz Henrique Portela de Abreu,Registrado
,Sofá,"Abraçadeira nylon 200x2,5mm PT T-18R",0.4468,Av. João Valério,Sala 5,São Geraldo,69053358,Manaus,Amazonas,,,95,IFAM 2022-007 - TELLESCOM.EMBRAPII - STIPARE_INOVA (11419-7/11420-0),Ana Carolina Góes Martins,Luiz Henrique Portela de Abreu,Registrado
,Sofá,"Abraçadeira nylon 200x2,5mm PT T-18R",0.4468,Av. João Valério,Sala 5,São Geraldo,69053358,Manaus,Amazonas,,,95,IFAM 2022-007 - TELLESCOM.EMBRAPII - STIPARE_INOVA (11419-7/11420-0),Ana Carolina Góes Martins,Luiz Henrique Portela de Abreu,Registrado
,Sofá,"Abraçadeira nylon 200x2,5mm PT T-18R",0.4468,Av. João Valério,Sala 5,São Geraldo,69053358,Manaus,Amazonas,,,95,IFAM 2022-007 - TELLESCOM.EMBRAPII - STIPARE_INOVA (11419-7/11420-0),Ana Carolina Góes Martins,Luiz Henrique Portela de Abreu,Registrado
,Sofá,"Abraçadeira nylon 200x2,5mm PT T-18R",0.4468,Av. João Valério,Sala 5,São Geraldo,69053358,Manaus,Amazonas,,,95,IFAM 2022-007 - TELLESCOM.EMBRAPII - STIPARE_INOVA (11419-7/11420-0),Ana Carolina Góes Martins,Luiz Henrique Portela de Abreu,Registrado
,Sofá,"Abraçadeira nylon 200x2,5mm PT T-18R",0.4468,Av. João Valério,Sala 5,São Geraldo,69053358,Manaus,Amazonas,,,95,IFAM 2022-007 - TELLESCOM.EMBRAPII - STIPARE_INOVA (11419-7/11420-0),Ana Carolina Góes Martins,Luiz Henrique Portela de Abreu,Registrado
,Sofá,"Abraçadeira nylon 200x2,5mm PT T-18R",0.4468,Av. João Valério,Sala 5,São Geraldo,69053358,Manaus,Amazonas,,,95,IFAM 2022-007 - TELLESCOM.EMBRAPII - STIPARE_INOVA (11419-7/11420-0),Ana Carolina Góes Martins,Luiz Henrique Portela de Abreu,Registrado
,Sofá,"Abraçadeira nylon 200x2,5mm PT T-18R",0.4468,Av. João Valério,Sala 5,São Geraldo,69053358,Manaus,Amazonas,,,95,IFAM 2022-007 - TELLESCOM.EMBRAPII - STIPARE_INOVA (11419-7/11420-0),Ana Carolina Góes Martins,Luiz Henrique Portela de Abreu,Registrado
,Sofá,"Abraçadeira nylon 200x2,5mm PT T-18R",0.4468,Av. João Valério,Sala 5,São Geraldo,69053358,Manaus,Amazonas,,,95,IFAM 2022-007 - TELLESCOM.EMBRAPII - STIPARE_INOVA (11419-7/11420-0),Ana Carolina Góes Martins,Luiz Henrique Portela de Abreu,Registrado
,Sofá,"Abraçadeira nylon 200x2,5mm PT T-18R",0.4468,Av. João Valério,Sala 5,São Geraldo,69053358,Manaus,Amazonas,,,95,IFAM 2022-007 - TELLESCOM.EMBRAPII - STIPARE_INOVA (11419-7/11420-0),Ana Carolina Góes Martins,Luiz Henrique Portela de Abreu,Registrado
,Sofá,"Abraçadeira nylon 200x2,5mm PT T-18R",0.4468,Av. João Valério,Sala 5,São Geraldo,69053358,Manaus,Amazonas,,,95,IFAM 2022-007 - TELLESCOM.EMBRAPII - STIPARE_INOVA (11419-7/11420-0),Ana Carolina Góes Martins,Luiz Henrique Portela de Abreu,Registrado
,Sofá,"Abraçadeira nylon 200x2,5mm PT T-18R",0.4468,Av. João Valério,Sala 5,São Geraldo,69053358,Manaus,Amazonas,,,95,IFAM 2022-007 - TELLESCOM.EMBRAPII - STIPARE_INOVA (11419-7/11420-0),Ana Carolina Góes Martins,Luiz Henrique Portela de Abreu,Registrado
,Sofá,"Abraçadeira nylon 200x2,5mm PT T-18R",0.4468,Av. João Valério,Sala 5,São Geraldo,69053358,Manaus,Amazonas,,,95,IFAM 2022-007 - TELLESCOM.EMBRAPII - STIPARE_INOVA (11419-7/11420-0),Ana Carolina Góes Martins,Luiz Henrique Portela de Abreu,Registrado
,Sofá,"Abraçadeira nylon 200x2,5mm PT T-18R",0.4468,Av. João Valério,Sala 5,São Geraldo,69053358,Manaus,Amazonas,,,95,IFAM 2022-007 - TELLESCOM.EMBRAPII - STIPARE_INOVA (11419-7/11420-0),Ana Carolina Góes Martins,Luiz Henrique Portela de Abreu,Registrado
,Sofá,"Abraçadeira nylon 200x2,5mm PT T-18R",0.4468,Av. João Valério,Sala 5,São Geraldo,69053358,Manaus,Amazonas,,,95,IFAM 2022-007 - TELLESCOM.EMBRAPII - STIPARE_INOVA (11419-7/11420-0),Ana Carolina Góes Martins,Luiz Henrique Portela de Abreu,Registrado
,Sofá,"Abraçadeira nylon 200x2,5mm PT T-18R",0.4468,Av. João Valério,Sala 5,São Geraldo,69053358,Manaus,Amazonas,,,95,IFAM 2022-007 - TELLESCOM.EMBRAPII - STIPARE_INOVA (11419-7/11420-0),Ana Carolina Góes Martins,Luiz Henrique Portela de Abreu,Registrado
,Sofá,"Abraçadeira nylon 200x2,5mm PT T-18R",0.4468,Av. João Valério,Sala 5,São Geraldo,69053358,Manaus,Amazonas,,,95,IFAM 2022-007 - TELLESCOM.EMBRAPII - STIPARE_INOVA (11419-7/11420-0),Ana Carolina Góes Martins,Luiz Henrique Portela de Abreu,Registrado
,Sofá,"Abraçadeira nylon 200x2,5mm PT T-18R",0.4468,Av. João Valério,Sala 5,São Geraldo,69053358,Manaus,Amazonas,,,95,IFAM 2022-007 - TELLESCOM.EMBRAPII - STIPARE_INOVA (11419-7/11420-0),Ana Carolina Góes Martins,Luiz Henrique Portela de Abreu,Registrado
,Sofá,"Abraçadeira nylon 200x2,5mm PT T-18R",0.4468,Av. João Valério,Sala 5,São Geraldo,69053358,Manaus,Amazonas,,,95,IFAM 2022-007 - TELLESCOM.EMBRAPII - STIPARE_INOVA (11419-7/11420-0),Ana Carolina Góes Martins,Luiz Henrique Portela de Abreu,Registrado
,Sofá,"Abraçadeira nylon 200x2,5mm PT T-18R",0.4468,Av. João Valério,Sala 5,São Geraldo,69053358,Manaus,Amazonas,,,95,IFAM 2022-007 - TELLESCOM.EMBRAPII - STIPARE_INOVA (11419-7/11420-0),Ana Carolina Góes Martins,Luiz Henrique Portela de Abreu,Registrado
,Sofá,"Abraçadeira nylon 200x2,5mm PT T-18R",0.4468,Av. João Valério,Sala 5,São Geraldo,69053358,Manaus,Amazonas,,,95,IFAM 2022-007 - TELLESCOM.EMBRAPII - STIPARE_INOVA (11419-7/11420-0),Ana Carolina Góes Martins,Luiz Henrique Portela de Abreu,Registrado
,Sofá,"Abraçadeira nylon 200x2,5mm PT T-18R",0.4468,Av. João Valério,Sala 5,São Geraldo,69053358,Manaus,Amazonas,,,95,IFAM 2022-007 - TELLESCOM.EMBRAPII - STIPARE_INOVA (11419-7/11420-0),Ana Carolina Góes Martins,Luiz Henrique Portela de Abreu,Registrado
,Sofá,"Abraçadeira nylon 200x2,5mm PT T-18R",0.4468,Av. João Valério,Sala 5,São Geraldo,69053358,Manaus,Amazonas,,,95,IFAM 2022-007 - TELLESCOM.EMBRAPII - STIPARE_INOVA (11419-7/11420-0),Ana Carolina Góes Martins,Luiz Henrique Portela de Abreu,Registrado
,Sofá,"Abraçadeira nylon 200x2,5mm PT T-18R",0.4468,Av. João Valério,Sala 5,São Geraldo,69053358,Manaus,Amazonas,,,95,IFAM 2022-007 - TELLESCOM.EMBRAPII - STIPARE_INOVA (11419-7/11420-0),Ana Carolina Góes Martins,Luiz Henrique Portela de Abreu,Registrado
,Sofá,"Abraçadeira nylon 200x2,5mm PT T-18R",0.4468,Av. João Valério,Sala 5,São Geraldo,69053358,Manaus,Amazonas,,,95,IFAM 2022-007 - TELLESCOM.EMBRAPII - STIPARE_INOVA (11419-7/11420-0),Ana Carolina Góes Martins,Luiz Henrique Portela de Abreu,Registrado
,Sofá,"Abraçadeira nylon 200x2,5mm PT T-18R",0.4468,Av. João Valério,Sala 5,São Geraldo,69053358,Manaus,Amazonas,,,95,IFAM 2022-007 - TELLESCOM.EMBRAPII - STIPARE_INOVA (11419-7/11420-0),Ana Carolina Góes Martins,Luiz Henrique Portela de Abreu,Registrado
,Sofá,"Abraçadeira nylon 200x2,5mm PT T-18R",0.4468,Av. João Valério,Sala 5,São Geraldo,69053358,Manaus,Amazonas,,,95,IFAM 2022-007 - TELLESCOM.EMBRAPII - STIPARE_INOVA (11419-7/11420-0),Ana Carolina Góes Martins,Luiz Henrique Portela de Abreu,Registrado
,Sofá,"Abraçadeira nylon 200x2,5mm PT T-18R",0.4468,Av. João Valério,Sala 5,São Geraldo,69053358,Manaus,Amazonas,,,95,IFAM 2022-007 - TELLESCOM.EMBRAPII - STIPARE_INOVA (11419-7/11420-0),Ana Carolina Góes Martins,Luiz Henrique Portela de Abreu,Registrado
,Sofá,"Abraçadeira nylon 200x2,5mm PT T-18R",0.4468,Av. João Valério,Sala 5,São Geraldo,69053358,Manaus,Amazonas,,,95,IFAM 2022-007 - TELLESCOM.EMBRAPII - STIPARE_INOVA (11419-7/11420-0),Ana Carolina Góes Martins,Luiz Henrique Portela de Abreu,Registrado
,Sofá,"Abraçadeira nylon 200x2,5mm PT T-18R",0.4468,Av. João Valério,Sala 5,São Geraldo,69053358,Manaus,Amazonas,,,95,IFAM 2022-007 - TELLESCOM.EMBRAPII - STIPARE_INOVA (11419-7/11420-0),Ana Carolina Góes Martins,Luiz Henrique Portela de Abreu,Registrado
,Sofá,"Abraçadeira nylon 200x2,5mm PT T-18R",0.4468,Av. João Valério,Sala 5,São Geraldo,69053358,Manaus,Amazonas,,,95,IFAM 2022-007 - TELLESCOM.EMBRAPII - STIPARE_INOVA (11419-7/11420-0),Ana Carolina Góes Martins,Luiz Henrique Portela de Abreu,Registrado
,Sofá,"Abraçadeira nylon 200x2,5mm PT T-18R",0.4468,Av. João Valério,Sala 5,São Geraldo,69053358,Manaus,Amazonas,,,95,IFAM 2022-007 - TELLESCOM.EMBRAPII - STIPARE_INOVA (11419-7/11420-0),Ana Carolina Góes Martins,Luiz Henrique Portela de Abreu,Registrado
,Sofá,"Abraçadeira nylon 200x2,5mm PT T-18R",0.4468,Av. João Valério,Sala 5,São Geraldo,69053358,Manaus,Amazonas,,,95,IFAM 2022-007 - TELLESCOM.EMBRAPII - STIPARE_INOVA (11419-7/11420-0),Ana Carolina Góes Martins,Luiz Henrique Portela de Abreu,Registrado
,Sofá,"Abraçadeira nylon 200x2,5mm PT T-18R",0.4468,Av. João Valério,Sala 5,São Geraldo,69053358,Manaus,Amazonas,,,95,IFAM 2022-007 - TELLESCOM.EMBRAPII - STIPARE_INOVA (11419-7/11420-0),Ana Carolina Góes Martins,Luiz Henrique Portela de Abreu,Registrado
,Sofá,"Abraçadeira nylon 200x2,5mm PT T-18R",0.4468,Av. João Valério,Sala 5,São Geraldo,69053358,Manaus,Amazonas,,,95,IFAM 2022-007 - TELLESCOM.EMBRAPII - STIPARE_INOVA (11419-7/11420-0),Ana Carolina Góes Martins,Luiz Henrique Portela de Abreu,Registrado
,Sofá,"Abraçadeira nylon 200x2,5mm PT T-18R",0.4468,Av. João Valério,Sala 5,São Geraldo,69053358,Manaus,Amazonas,,,95,IFAM 2022-007 - TELLESCOM.EMBRAPII - STIPARE_INOVA (11419-7/11420-0),Ana Carolina Góes Martins,Luiz Henrique Portela de Abreu,Registrado
,Sofá,"Abraçadeira nylon 200x2,5mm PT T-18R",0.4468,Av. João Valério,Sala 5,São Geraldo,69053358,Manaus,Amazonas,,,95,IFAM 2022-007 - TELLESCOM.EMBRAPII - STIPARE_INOVA (11419-7/11420-0),Ana Carolina Góes Martins,Luiz Henrique Portela de Abreu,Registrado
,Sofá,"Abraçadeira nylon 200x2,5mm PT T-18R",0.4468,Av. João Valério,Sala 5,São Geraldo,69053358,Manaus,Amazonas,,,95,IFAM 2022-007 - TELLESCOM.EMBRAPII - STIPARE_INOVA (11419-7/11420-0),Ana Carolina Góes Martins,Luiz Henrique Portela de Abreu,Registrado
,Sofá,"Abraçadeira nylon 200x2,5mm PT T-18R",0.4468,Av. João Valério,Sala 5,São Geraldo,69053358,Manaus,Amazonas,,,95,IFAM 2022-007 - TELLESCOM.EMBRAPII - STIPARE_INOVA (11419-7/11420-0),Ana Carolina Góes Martins,Luiz Henrique Portela de Abreu,Registrado
,Sofá,"Abraçadeira nylon 200x2,5mm PT T-18R",0.4468,Av. João Valério,Sala 5,São Geraldo,69053358,Manaus,Amazonas,,,95,IFAM 2022-007 - TELLESCOM.EMBRAPII - STIPARE_INOVA (11419-7/11420-0),Ana Carolina Góes Martins,Luiz Henrique Portela de Abreu,Registrado
,Sofá,"Abraçadeira nylon 200x2,5mm PT T-18R",0.4468,Av. João Valério,Sala 5,São Geraldo,69053358,Manaus,Amazonas,,,95,IFAM 2022-007 - TELLESCOM.EMBRAPII - STIPARE_INOVA (11419-7/11420-0),Ana Carolina Góes Martins,Luiz Henrique Portela de Abreu,Registrado
,Sofá,"Abraçadeira nylon 200x2,5mm PT T-18R",0.4468,Av. João Valério,Sala 5,São Geraldo,69053358,Manaus,Amazonas,,,95,IFAM 2022-007 - TELLESCOM.EMBRAPII - STIPARE_INOVA (11419-7/11420-0),Ana Carolina Góes Martins,Luiz Henrique Portela de Abreu,Registrado
,Sofá,"Abraçadeira nylon 200x2,5mm PT T-18R",0.4468,Av. João Valério,Sala 5,São Geraldo,69053358,Manaus,Amazonas,,,95,IFAM 2022-007 - TELLESCOM.EMBRAPII - STIPARE_INOVA (11419-7/11420-0),Ana Carolina Góes Martins,Luiz Henrique Portela de Abreu,Registrado
,Sofá,"Abraçadeira nylon 200x2,5mm PT T-18R",0.4468,Av. João Valério,Sala 5,São Geraldo,69053358,Manaus,Amazonas,,,95,IFAM 2022-007 - TELLESCOM.EMBRAPII - STIPARE_INOVA (11419-7/11420-0),Ana Carolina Góes Martins,Luiz Henrique Portela de Abreu,Registrado
,Sofá,"Abraçadeira nylon 200x2,5mm PT T-18R",0.4468,Av. João Valério,Sala 5,São Geraldo,69053358,Manaus,Amazonas,,,95,IFAM 2022-007 - TELLESCOM.EMBRAPII - STIPARE_INOVA (11419-7/11420-0),Ana Carolina Góes Martins,Luiz Henrique Portela de Abreu,Registrado
,Sofá,"Abraçadeira nylon 200x2,5mm PT T-18R",0.4468,Av. João Valério,Sala 5,São Geraldo,69053358,Manaus,Amazonas,,,95,IFAM 2022-007 - TELLESCOM.EMBRAPII - STIPARE_INOVA (11419-7/11420-0),Ana Carolina Góes Martins,Luiz Henrique Portela de Abreu,Registrado
,Sofá,"Abraçadeira nylon 200x2,5mm PT T-18R",0.4468,Av. João Valério,Sala 5,São Geraldo,69053358,Manaus,Amazonas,,,95,IFAM 2022-007 - TELLESCOM.EMBRAPII - STIPARE_INOVA (11419-7/11420-0),Ana Carolina Góes Martins,Luiz Henrique Portela de Abreu,Registrado
,Sofá,"Abraçadeira nylon 200x2,5mm PT T-18R",0.4468,Av. João Valério,Sala 5,São Geraldo,69053358,Manaus,Amazonas,,,95,IFAM 2022-007 - TELLESCOM.EMBRAPII - STIPARE_INOVA (11419-7/11420-0),Ana Carolina Góes Martins,Luiz Henrique Portela de Abreu,Registrado
,Sofá,"Abraçadeira nylon 200x2,5mm PT T-18R",0.4468,Av. João Valério,Sala 5,São Geraldo,69053358,Manaus,Amazonas,,,95,IFAM 2022-007 - TELLESCOM.EMBRAPII - STIPARE_INOVA (11419-7/11420-0),Ana Carolina Góes Martins,Luiz Henrique Portela de Abreu,Registrado
,Sofá,"Abraçadeira nylon 200x2,5mm PT T-18R",0.4468,Av. João Valério,Sala 5,São Geraldo,69053358,Manaus,Amazonas,,,95,IFAM 2022-007 - TELLESCOM.EMBRAPII - STIPARE_INOVA (11419-7/11420-0),Ana Carolina Góes Martins,Luiz Henrique Portela de Abreu,Registrado
,Sofá,"Abraçadeira nylon 200x2,5mm PT T-18R",0.4468,Av. João Valério,Sala 5,São Geraldo,69053358,Manaus,Amazonas,,,95,IFAM 2022-007 - TELLESCOM.EMBRAPII - STIPARE_INOVA (11419-7/11420-0),Ana Carolina Góes Martins,Luiz Henrique Portela de Abreu,Registrado
,Sofá,"Abraçadeira nylon 200x2,5mm PT T-18R",0.4468,Av. João Valério,Sala 5,São Geraldo,69053358,Manaus,Amazonas,,,95,IFAM 2022-007 - TELLESCOM.EMBRAPII - STIPARE_INOVA (11419-7/11420-0),Ana Carolina Góes Martins,Luiz Henrique Portela de Abreu,Registrado
,Sofá,"Abraçadeira nylon 200x2,5mm PT T-18R",0.4468,Av. João Valério,Sala 5,São Geraldo,69053358,Manaus,Amazonas,,,95,IFAM 2022-007 - TELLESCOM.EMBRAPII - STIPARE_INOVA (11419-7/11420-0),Ana Carolina Góes Martins,Luiz Henrique Portela de Abreu,Registrado
,Sofá,"Abraçadeira nylon 200x2,5mm PT T-18R",0.4468,Av. João Valério,Sala 5,São Geraldo,69053358,Manaus,Amazonas,,,95,IFAM 2022-007 - TELLESCOM.EMBRAPII - STIPARE_INOVA (11419-7/11420-0),Ana Carolina Góes Martins,Luiz Henrique Portela de Abreu,Registrado
,Sofá,"Abraçadeira nylon 200x2,5mm PT T-18R",0.4468,Av. João Valério,Sala 5,São Geraldo,69053358,Manaus,Amazonas,,,95,IFAM 2022-007 - TELLESCOM.EMBRAPII - STIPARE_INOVA (11419-7/11420-0),Ana Carolina Góes Martins,Luiz Henrique Portela de Abreu,Registrado
,Sofá,"Abraçadeira nylon 200x2,5mm PT T-18R",0.4468,Av. João Valério,Sala 5,São Geraldo,69053358,Manaus,Amazonas,,,95,IFAM 2022-007 - TELLESCOM.EMBRAPII - STIPARE_INOVA (11419-7/11420-0),Ana Carolina Góes Martins,Luiz Henrique Portela de Abreu,Registrado
,Sofá,"Abraçadeira nylon 200x2,5mm PT T-18R",0.4468,Av. João Valério,Sala 5,São Geraldo,69053358,Manaus,Amazonas,,,95,IFAM 2022-007 - TELLESCOM.EMBRAPII - STIPARE_INOVA (11419-7/11420-0),Ana Carolina Góes Martins,Luiz Henrique Portela de Abreu,Registrado
,Sofá,"Abraçadeira nylon 200x2,5mm PT T-18R",0.4468,Av. João Valério,Sala 5,São Geraldo,69053358,Manaus,Amazonas,,,95,IFAM 2022-007 - TELLESCOM.EMBRAPII - STIPARE_INOVA (11419-7/11420-0),Ana Carolina Góes Martins,Luiz Henrique Portela de Abreu,Registrado
,Sofá,"Abraçadeira nylon 200x2,5mm PT T-18R",0.4468,Av. João Valério,Sala 5,São Geraldo,69053358,Manaus,Amazonas,,,95,IFAM 2022-007 - TELLESCOM.EMBRAPII - STIPARE_INOVA (11419-7/11420-0),Ana Carolina Góes Martins,Luiz Henrique Portela de Abreu,Registrado
,Sofá,"Abraçadeira nylon 200x2,5mm PT T-18R",0.4468,Av. João Valério,Sala 5,São Geraldo,69053358,Manaus,Amazonas,,,95,IFAM 2022-007 - TELLESCOM.EMBRAPII - STIPARE_INOVA (11419-7/11420-0),Ana Carolina Góes Martins,Luiz Henrique Portela de Abreu,Registrado
,Sofá,"Abraçadeira nylon 200x2,5mm PT T-18R",0.4468,Av. João Valério,Sala 5,São Geraldo,69053358,Manaus,Amazonas,,,95,IFAM 2022-007 - TELLESCOM.EMBRAPII - STIPARE_INOVA (11419-7/11420-0),Ana Carolina Góes Martins,Luiz Henrique Portela de Abreu,Registrado
,Sofá,"Abraçadeira nylon 200x2,5mm PT T-18R",0.4468,Av. João Valério,Sala 5,São Geraldo,69053358,Manaus,Amazonas,,,95,IFAM 2022-007 - TELLESCOM.EMBRAPII - STIPARE_INOVA (11419-7/11420-0),Ana Carolina Góes Martins,Luiz Henrique Portela de Abreu,Registrado
,Sofá,"Abraçadeira nylon 200x2,5mm PT T-18R",0.4468,Av. João Valério,Sala 5,São Geraldo,69053358,Manaus,Amazonas,,,95,IFAM 2022-007 - TELLESCOM.EMBRAPII - STIPARE_INOVA (11419-7/11420-0),Ana Carolina Góes Martins,Luiz Henrique Portela de Abreu,Registrado
,Sofá,"Abraçadeira nylon 200x2,5mm PT T-18R",0.4468,Av. João Valério,Sala 5,São Geraldo,69053358,Manaus,Amazonas,,,95,IFAM 2022-007 - TELLESCOM.EMBRAPII - STIPARE_INOVA (11419-7/11420-0),Ana Carolina Góes Martins,Luiz Henrique Portela de Abreu,Registrado
,Sofá,"Abraçadeira nylon 200x2,5mm PT T-18R",0.4468,Av. João Valério,Sala 5,São Geraldo,69053358,Manaus,Amazonas,,,95,IFAM 2022-007 - TELLESCOM.EMBRAPII - STIPARE_INOVA (11419-7/11420-0),Ana Carolina Góes Martins,Luiz Henrique Portela de Abreu,Registrado
,Sofá,"Abraçadeira nylon 200x2,5mm PT T-18R",0.4468,Av. João Valério,Sala 5,São Geraldo,69053358,Manaus,Amazonas,,,95,IFAM 2022-007 - TELLESCOM.EMBRAPII - STIPARE_INOVA (11419-7/11420-0),Ana Carolina Góes Martins,Luiz Henrique Portela de Abreu,Registrado
,Sofá,"Abraçadeira nylon 200x2,5mm PT T-18R",0.4468,Av. João Valério,Sala 5,São Geraldo,69053358,Manaus,Amazonas,,,95,IFAM 2022-007 - TELLESCOM.EMBRAPII - STIPARE_INOVA (11419-7/11420-0),Ana Carolina Góes Martins,Luiz Henrique Portela de Abreu,Registrado
,Sofá,"Abraçadeira nylon 200x2,5mm PT T-18R",0.4468,Av. João Valério,Sala 5,São Geraldo,69053358,Manaus,Amazonas,,,95,IFAM 2022-007 - TELLESCOM.EMBRAPII - STIPARE_INOVA (11419-7/11420-0),Ana Carolina Góes Martins,Luiz Henrique Portela de Abreu,Registrado
,Sofá,"Abraçadeira nylon 200x2,5mm PT T-18R",0.4468,Av. João Valério,Sala 5,São Geraldo,69053358,Manaus,Amazonas,,,95,IFAM 2022-007 - TELLESCOM.EMBRAPII - STIPARE_INOVA (11419-7/11420-0),Ana Carolina Góes Martins,Luiz Henrique Portela de Abreu,Registrado
,Sofá,"Abraçadeira nylon 200x2,5mm PT T-18R",0.4468,Av. João Valério,Sala 5,São Geraldo,69053358,Manaus,Amazonas,,,95,IFAM 2022-007 - TELLESCOM.EMBRAPII - STIPARE_INOVA (11419-7/11420-0),Ana Carolina Góes Martins,Luiz Henrique Portela de Abreu,Registrado
,Sofá,"Abraçadeira nylon 200x2,5mm PT T-18R",0.4468,Av. João Valério,Sala 5,São Geraldo,69053358,Manaus,Amazonas,,,95,IFAM 2022-007 - TELLESCOM.EMBRAPII - STIPARE_INOVA (11419-7/11420-0),Ana Carolina Góes Martins,Luiz Henrique Portela de Abreu,Registrado
,Sofá,"Abraçadeira nylon 200x2,5mm PT T-18R",0.4468,Av. João Valério,Sala 5,São Geraldo,69053358,Manaus,Amazonas,,,95,IFAM 2022-007 - TELLESCOM.EMBRAPII - STIPARE_INOVA (11419-7/11420-0),Ana Carolina Góes Martins,Luiz Henrique Portela de Abreu,Registrado
,Sofá,"Abraçadeira nylon 200x2,5mm PT T-18R",0.4468,Av. João Valério,Sala 5,São Geraldo,69053358,Manaus,Amazonas,,,95,IFAM 2022-007 - TELLESCOM.EMBRAPII - STIPARE_INOVA (11419-7/11420-0),Ana Carolina Góes Martins,Luiz Henrique Portela de Abreu,Registrado
,Sofá,"Abraçadeira nylon 200x2,5mm PT T-18R",0.4468,Av. João Valério,Sala 5,São Geraldo,69053358,Manaus,Amazonas,,,95,IFAM 2022-007 - TELLESCOM.EMBRAPII - STIPARE_INOVA (11419-7/11420-0),Ana Carolina Góes Martins,Luiz Henrique Portela de Abreu,Registrado
,Sofá,"Abraçadeira nylon 200x2,5mm PT T-18R",0.4468,Av. João Valério,Sala 5,São Geraldo,69053358,Manaus,Amazonas,,,95,IFAM 2022-007 - TELLESCOM.EMBRAPII - STIPARE_INOVA (11419-7/11420-0),Ana Carolina Góes Martins,Luiz Henrique Portela de Abreu,Registrado
,Sofá,"Abraçadeira nylon 200x2,5mm PT T-18R",0.4468,Av. João Valério,Sala 5,São Geraldo,69053358,Manaus,Amazonas,,,95,IFAM 2022-007 - TELLESCOM.EMBRAPII - STIPARE_INOVA (11419-7/11420-0),Ana Carolina Góes Martins,Luiz Henrique Portela de Abreu,Registrado
,Sofá,"Abraçadeira nylon 200x2,5mm PT T-18R",0.4468,Av. João Valério,Sala 5,São Geraldo,69053358,Manaus,Amazonas,,,95,IFAM 2022-007 - TELLESCOM.EMBRAPII - STIPARE_INOVA (11419-7/11420-0),Ana Carolina Góes Martins,Luiz Henrique Portela de Abreu,Registrado
,Sofá,"Abraçadeira nylon 200x2,5mm PT T-18R",0.4468,Av. João Valério,Sala 5,São Geraldo,69053358,Manaus,Amazonas,,,95,IFAM 2022-007 - TELLESCOM.EMBRAPII - STIPARE_INOVA (11419-7/11420-0),Ana Carolina Góes Martins,Luiz Henrique Portela de Abreu,Registrado
,Sofá,"Abraçadeira nylon 200x2,5mm PT T-18R",0.4468,Av. João Valério,Sala 5,São Geraldo,69053358,Manaus,Amazonas,,,95,IFAM 2022-007 - TELLESCOM.EMBRAPII - STIPARE_INOVA (11419-7/11420-0),Ana Carolina Góes Martins,Luiz Henrique Portela de Abreu,Registrado
,Sofá,"Abraçadeira nylon 200x2,5mm PT T-18R",0.4468,Av. João Valério,Sala 5,São Geraldo,69053358,Manaus,Amazonas,,,95,IFAM 2022-007 - TELLESCOM.EMBRAPII - STIPARE_INOVA (11419-7/11420-0),Ana Carolina Góes Martins,Luiz Henrique Portela de Abreu,Registrado
,Sofá,"Abraçadeira nylon 200x2,5mm PT T-18R",0.4468,Av. João Valério,Sala 5,São Geraldo,69053358,Manaus,Amazonas,,,95,IFAM 2022-007 - TELLESCOM.EMBRAPII - STIPARE_INOVA (11419-7/11420-0),Ana Carolina Góes Martins,Luiz Henrique Portela de Abreu,Registrado
,Sofá,"Abraçadeira nylon 200x2,5mm PT T-18R",0.4468,Av. João Valério,Sala 5,São Geraldo,69053358,Manaus,Amazonas,,,95,IFAM 2022-007 - TELLESCOM.EMBRAPII - STIPARE_INOVA (11419-7/11420-0),Ana Carolina Góes Martins,Luiz Henrique Portela de Abreu,Registrado
,Sofá,"Abraçadeira nylon 200x2,5mm PT T-18R",0.4468,Av. João Valério,Sala 5,São Geraldo,69053358,Manaus,Amazonas,,,95,IFAM 2022-007 - TELLESCOM.EMBRAPII - STIPARE_INOVA (11419-7/11420-0),Ana Carolina Góes Martins,Luiz Henrique Portela de Abreu,Registrado
,Sofá,"Abraçadeira nylon 200x2,5mm PT T-18R",0.4468,Av. João Valério,Sala 5,São Geraldo,69053358,Manaus,Amazonas,,,95,IFAM 2022-007 - TELLESCOM.EMBRAPII - STIPARE_INOVA (11419-7/11420-0),Ana Carolina Góes Martins,Luiz Henrique Portela de Abreu,Registrado
,Sofá,"Abraçadeira nylon 200x2,5mm PT T-18R",0.4468,Av. João Valério,Sala 5,São Geraldo,69053358,Manaus,Amazonas,,,95,IFAM 2022-007 - TELLESCOM.EMBRAPII - STIPARE_INOVA (11419-7/11420-0),Ana Carolina Góes Martins,Luiz Henrique Portela de Abreu,Registrado
,Sofá,"Abraçadeira nylon 200x2,5mm PT T-18R",0.4468,Av. João Valério,Sala 5,São Geraldo,69053358,Manaus,Amazonas,,,95,IFAM 2022-007 - TELLESCOM.EMBRAPII - STIPARE_INOVA (11419-7/11420-0),Ana Carolina Góes Martins,Luiz Henrique Portela de Abreu,Registrado
,Sofá,"Abraçadeira nylon 200x2,5mm PT T-18R",0.4468,Av. João Valério,Sala 5,São Geraldo,69053358,Manaus,Amazonas,,,95,IFAM 2022-007 - TELLESCOM.EMBRAPII - STIPARE_INOVA (11419-7/11420-0),Ana Carolina Góes Martins,Luiz Henrique Portela de Abreu,Registrado
,Sofá,"Abraçadeira nylon 200x2,5mm PT T-18R",0.4468,Av. João Valério,Sala 5,São Geraldo,69053358,Manaus,Amazonas,,,95,IFAM 2022-007 - TELLESCOM.EMBRAPII - STIPARE_INOVA (11419-7/11420-0),Ana Carolina Góes Martins,Luiz Henrique Portela de Abreu,Registrado
,Sofá,"Abraçadeira nylon 200x2,5mm PT T-18R",0.4468,Av. João Valério,Sala 5,São Geraldo,69053358,Manaus,Amazonas,,,95,IFAM 2022-007 - TELLESCOM.EMBRAPII - STIPARE_INOVA (11419-7/11420-0),Ana Carolina Góes Martins,Luiz Henrique Portela de Abreu,Registrado
,Sofá,"Abraçadeira nylon 200x2,5mm PT T-18R",0.4468,Av. João Valério,Sala 5,São Geraldo,69053358,Manaus,Amazonas,,,95,IFAM 2022-007 - TELLESCOM.EMBRAPII - STIPARE_INOVA (11419-7/11420-0),Ana Carolina Góes Martins,Luiz Henrique Portela de Abreu,Registrado
,Sofá,"Abraçadeira nylon 200x2,5mm PT T-18R",0.4468,Av. João Valério,Sala 5,São Geraldo,69053358,Manaus,Amazonas,,,95,IFAM 2022-007 - TELLESCOM.EMBRAPII - STIPARE_INOVA (11419-7/11420-0),Ana Carolina Góes Martins,Luiz Henrique Portela de Abreu,Registrado
,Sofá,"Abraçadeira nylon 200x2,5mm PT T-18R",0.4468,Av. João Valério,Sala 5,São Geraldo,69053358,Manaus,Amazonas,,,95,IFAM 2022-007 - TELLESCOM.EMBRAPII - STIPARE_INOVA (11419-7/11420-0),Ana Carolina Góes Martins,Luiz Henrique Portela de Abreu,Registrado
,Sofá,"Abraçadeira nylon 200x2,5mm PT T-18R",0.4468,Av. João Valério,Sala 5,São Geraldo,69053358,Manaus,Amazonas,,,95,IFAM 2022-007 - TELLESCOM.EMBRAPII - STIPARE_INOVA (11419-7/11420-0),Ana Carolina Góes Martins,Luiz Henrique Portela de Abreu,Registrado
,Sofá,"Abraçadeira nylon 200x2,5mm PT T-18R",0.4468,Av. João Valério,Sala 5,São Geraldo,69053358,Manaus,Amazonas,,,95,IFAM 2022-007 - TELLESCOM.EMBRAPII - STIPARE_INOVA (11419-7/11420-0),Ana Carolina Góes Martins,Luiz Henrique Portela de Abreu,Registrado
,Sofá,"Abraçadeira nylon 200x2,5mm PT T-18R",0.4468,Av. João Valério,Sala 5,São Geraldo,69053358,Manaus,Amazonas,,,95,IFAM 2022-007 - TELLESCOM.EMBRAPII - STIPARE_INOVA (11419-7/11420-0),Ana Carolina Góes Martins,Luiz Henrique Portela de Abreu,Registrado
,Sofá,"Abraçadeira nylon 200x2,5mm PT T-18R",0.4468,Av. João Valério,Sala 5,São Geraldo,69053358,Manaus,Amazonas,,,95,IFAM 2022-007 - TELLESCOM.EMBRAPII - STIPARE_INOVA (11419-7/11420-0),Ana Carolina Góes Martins,Luiz Henrique Portela de Abreu,Registrado
,Sofá,"Abraçadeira nylon 200x2,5mm PT T-18R",0.4468,Av. João Valério,Sala 5,São Geraldo,69053358,Manaus,Amazonas,,,95,IFAM 2022-007 - TELLESCOM.EMBRAPII - STIPARE_INOVA (11419-7/11420-0),Ana Carolina Góes Martins,Luiz Henrique Portela de Abreu,Registrado
,Sofá,"Abraçadeira nylon 200x2,5mm PT T-18R",0.4468,Av. João Valério,Sala 5,São Geraldo,69053358,Manaus,Amazonas,,,95,IFAM 2022-007 - TELLESCOM.EMBRAPII - STIPARE_INOVA (11419-7/11420-0),Ana Carolina Góes Martins,Luiz Henrique Portela de Abreu,Registrado
,Sofá,"Abraçadeira nylon 200x2,5mm PT T-18R",0.4468,Av. João Valério,Sala 5,São Geraldo,69053358,Manaus,Amazonas,,,95,IFAM 2022-007 - TELLESCOM.EMBRAPII - STIPARE_INOVA (11419-7/11420-0),Ana Carolina Góes Martins,Luiz Henrique Portela de Abreu,Registrado
,Sofá,"Abraçadeira nylon 200x2,5mm PT T-18R",0.4468,Av. João Valério,Sala 5,São Geraldo,69053358,Manaus,Amazonas,,,95,IFAM 2022-007 - TELLESCOM.EMBRAPII - STIPARE_INOVA (11419-7/11420-0),Ana Carolina Góes Martins,Luiz Henrique Portela de Abreu,Registrado
,Sofá,"Abraçadeira nylon 200x2,5mm PT T-18R",0.4468,Av. João Valério,Sala 5,São Geraldo,69053358,Manaus,Amazonas,,,95,IFAM 2022-007 - TELLESCOM.EMBRAPII - STIPARE_INOVA (11419-7/11420-0),Ana Carolina Góes Martins,Luiz Henrique Portela de Abreu,Registrado
,Sofá,"Abraçadeira nylon 200x2,5mm PT T-18R",0.4468,Av. João Valério,Sala 5,São Geraldo,69053358,Manaus,Amazonas,,,95,IFAM 2022-007 - TELLESCOM.EMBRAPII - STIPARE_INOVA (11419-7/11420-0),Ana Carolina Góes Martins,Luiz Henrique Portela de Abreu,Registrado
,Sofá,"Abraçadeira nylon 200x2,5mm PT T-18R",0.4468,Av. João Valério,Sala 5,São Geraldo,69053358,Manaus,Amazonas,,,95,IFAM 2022-007 - TELLESCOM.EMBRAPII - STIPARE_INOVA (11419-7/11420-0),Ana Carolina Góes Martins,Luiz Henrique Portela de Abreu,Registrado
,Sofá,"Abraçadeira nylon 200x2,5mm PT T-18R",0.4468,Av. João Valério,Sala 5,São Geraldo,69053358,Manaus,Amazonas,,,95,IFAM 2022-007 - TELLESCOM.EMBRAPII - STIPARE_INOVA (11419-7/11420-0),Ana Carolina Góes Martins,Luiz Henrique Portela de Abreu,Registrado
,Sofá,"Abraçadeira nylon 200x2,5mm PT T-18R",0.4468,Av. João Valério,Sala 5,São Geraldo,69053358,Manaus,Amazonas,,,95,IFAM 2022-007 - TELLESCOM.EMBRAPII - STIPARE_INOVA (11419-7/11420-0),Ana Carolina Góes Martins,Luiz Henrique Portela de Abreu,Registrado
,Sofá,"Abraçadeira nylon 200x2,5mm PT T-18R",0.4468,Av. João Valério,Sala 5,São Geraldo,69053358,Manaus,Amazonas,,,95,IFAM 2022-007 - TELLESCOM.EMBRAPII - STIPARE_INOVA (11419-7/11420-0),Ana Carolina Góes Martins,Luiz Henrique Portela de Abreu,Registrado
,Sofá,"Abraçadeira nylon 200x2,5mm PT T-18R",0.4468,Av. João Valério,Sala 5,São Geraldo,69053358,Manaus,Amazonas,,,95,IFAM 2022-007 - TELLESCOM.EMBRAPII - STIPARE_INOVA (11419-7/11420-0),Ana Carolina Góes Martins,Luiz Henrique Portela de Abreu,Registrado
,Sofá,"Abraçadeira nylon 200x2,5mm PT T-18R",0.4468,Av. João Valério,Sala 5,São Geraldo,69053358,Manaus,Amazonas,,,95,IFAM 2022-007 - TELLESCOM.EMBRAPII - STIPARE_INOVA (11419-7/11420-0),Ana Carolina Góes Martins,Luiz Henrique Portela de Abreu,Registrado
,Sofá,"Abraçadeira nylon 200x2,5mm PT T-18R",0.4468,Av. João Valério,Sala 5,São Geraldo,69053358,Manaus,Amazonas,,,95,IFAM 2022-007 - TELLESCOM.EMBRAPII - STIPARE_INOVA (11419-7/11420-0),Ana Carolina Góes Martins,Luiz Henrique Portela de Abreu,Registrado
,Sofá,"Abraçadeira nylon 200x2,5mm PT T-18R",0.4468,Av. João Valério,Sala 5,São Geraldo,69053358,Manaus,Amazonas,,,95,IFAM 2022-007 - TELLESCOM.EMBRAPII - STIPARE_INOVA (11419-7/11420-0),Ana Carolina Góes Martins,Luiz Henrique Portela de Abreu,Registrado
,Sofá,"Abraçadeira nylon 200x2,5mm PT T-18R",0.4468,Av. João Valério,Sala 5,São Geraldo,69053358,Manaus,Amazonas,,,95,IFAM 2022-007 - TELLESCOM.EMBRAPII - STIPARE_INOVA (11419-7/11420-0),Ana Carolina Góes Martins,Luiz Henrique Portela de Abreu,Registrado
,Sofá,"Abraçadeira nylon 200x2,5mm PT T-18R",0.4468,Av. João Valério,Sala 5,São Geraldo,69053358,Manaus,Amazonas,,,95,IFAM 2022-007 - TELLESCOM.EMBRAPII - STIPARE_INOVA (11419-7/11420-0),Ana Carolina Góes Martins,Luiz Henrique Portela de Abreu,Registrado
,Sofá,"Abraçadeira nylon 200x2,5mm PT T-18R",0.4468,Av. João Valério,Sala 5,São Geraldo,69053358,Manaus,Amazonas,,,95,IFAM 2022-007 - TELLESCOM.EMBRAPII - STIPARE_INOVA (11419-7/11420-0),Ana Carolina Góes Martins,Luiz Henrique Portela de Abreu,Registrado
,Sofá,"Abraçadeira nylon 200x2,5mm PT T-18R",0.4468,Av. João Valério,Sala 5,São Geraldo,69053358,Manaus,Amazonas,,,95,IFAM 2022-007 - TELLESCOM.EMBRAPII - STIPARE_INOVA (11419-7/11420-0),Ana Carolina Góes Martins,Luiz Henrique Portela de Abreu,Registrado
,Sofá,"Abraçadeira nylon 200x2,5mm PT T-18R",0.4468,Av. João Valério,Sala 5,São Geraldo,69053358,Manaus,Amazonas,,,95,IFAM 2022-007 - TELLESCOM.EMBRAPII - STIPARE_INOVA (11419-7/11420-0),Ana Carolina Góes Martins,Luiz Henrique Portela de Abreu,Registrado
,Sofá,"Abraçadeira nylon 200x2,5mm PT T-18R",0.4468,Av. João Valério,Sala 5,São Geraldo,69053358,Manaus,Amazonas,,,95,IFAM 2022-007 - TELLESCOM.EMBRAPII - STIPARE_INOVA (11419-7/11420-0),Ana Carolina Góes Martins,Luiz Henrique Portela de Abreu,Registrado
,Sofá,"Abraçadeira nylon 200x2,5mm PT T-18R",0.4468,Av. João Valério,Sala 5,São Geraldo,69053358,Manaus,Amazonas,,,95,IFAM 2022-007 - TELLESCOM.EMBRAPII - STIPARE_INOVA (11419-7/11420-0),Ana Carolina Góes Martins,Luiz Henrique Portela de Abreu,Registrado
,Sofá,"Abraçadeira nylon 200x2,5mm PT T-18R",0.4468,Av. João Valério,Sala 5,São Geraldo,69053358,Manaus,Amazonas,,,95,IFAM 2022-007 - TELLESCOM.EMBRAPII - STIPARE_INOVA (11419-7/11420-0),Ana Carolina Góes Martins,Luiz Henrique Portela de Abreu,Registrado
,Sofá,"Abraçadeira nylon 200x2,5mm PT T-18R",0.4468,Av. João Valério,Sala 5,São Geraldo,69053358,Manaus,Amazonas,,,95,IFAM 2022-007 - TELLESCOM.EMBRAPII - STIPARE_INOVA (11419-7/11420-0),Ana Carolina Góes Martins,Luiz Henrique Portela de Abreu,Registrado
,Sofá,"Abraçadeira nylon 200x2,5mm PT T-18R",0.4468,Av. João Valério,Sala 5,São Geraldo,69053358,Manaus,Amazonas,,,95,IFAM 2022-007 - TELLESCOM.EMBRAPII - STIPARE_INOVA (11419-7/11420-0),Ana Carolina Góes Martins,Luiz Henrique Portela de Abreu,Registrado
,Sofá,"Abraçadeira nylon 200x2,5mm PT T-18R",0.4468,Av. João Valério,Sala 5,São Geraldo,69053358,Manaus,Amazonas,,,95,IFAM 2022-007 - TELLESCOM.EMBRAPII - STIPARE_INOVA (11419-7/11420-0),Ana Carolina Góes Martins,Luiz Henrique Portela de Abreu,Registrado
,Sofá,"Abraçadeira nylon 200x2,5mm PT T-18R",0.4468,Av. João Valério,Sala 5,São Geraldo,69053358,Manaus,Amazonas,,,95,IFAM 2022-007 - TELLESCOM.EMBRAPII - STIPARE_INOVA (11419-7/11420-0),Ana Carolina Góes Martins,Luiz Henrique Portela de Abreu,Registrado
,Sofá,"Abraçadeira nylon 200x2,5mm PT T-18R",0.4468,Av. João Valério,Sala 5,São Geraldo,69053358,Manaus,Amazonas,,,95,IFAM 2022-007 - TELLESCOM.EMBRAPII - STIPARE_INOVA (11419-7/11420-0),Ana Carolina Góes Martins,Luiz Henrique Portela de Abreu,Registrado
,Sofá,"Abraçadeira nylon 200x2,5mm PT T-18R",0.4468,Av. João Valério,Sala 5,São Geraldo,69053358,Manaus,Amazonas,,,95,IFAM 2022-007 - TELLESCOM.EMBRAPII - STIPARE_INOVA (11419-7/11420-0),Ana Carolina Góes Martins,Luiz Henrique Portela de Abreu,Registrado
,Sofá,"Abraçadeira nylon 200x2,5mm PT T-18R",0.4468,Av. João Valério,Sala 5,São Geraldo,69053358,Manaus,Amazonas,,,95,IFAM 2022-007 - TELLESCOM.EMBRAPII - STIPARE_INOVA (11419-7/11420-0),Ana Carolina Góes Martins,Luiz Henrique Portela de Abreu,Registrado
,Sofá,"Abraçadeira nylon 200x2,5mm PT T-18R",0.4468,Av. João Valério,Sala 5,São Geraldo,69053358,Manaus,Amazonas,,,95,IFAM 2022-007 - TELLESCOM.EMBRAPII - STIPARE_INOVA (11419-7/11420-0),Ana Carolina Góes Martins,Luiz Henrique Portela de Abreu,Registrado
,Sofá,"Abraçadeira nylon 200x2,5mm PT T-18R",0.4468,Av. João Valério,Sala 5,São Geraldo,69053358,Manaus,Amazonas,,,95,IFAM 2022-007 - TELLESCOM.EMBRAPII - STIPARE_INOVA (11419-7/11420-0),Ana Carolina Góes Martins,Luiz Henrique Portela de Abreu,Registrado
,Sofá,"Abraçadeira nylon 200x2,5mm PT T-18R",0.4468,Av. João Valério,Sala 5,São Geraldo,69053358,Manaus,Amazonas,,,95,IFAM 2022-007 - TELLESCOM.EMBRAPII - STIPARE_INOVA (11419-7/11420-0),Ana Carolina Góes Martins,Luiz Henrique Portela de Abreu,Registrado
,Sofá,"Abraçadeira nylon 200x2,5mm PT T-18R",0.4468,Av. João Valério,Sala 5,São Geraldo,69053358,Manaus,Amazonas,,,95,IFAM 2022-007 - TELLESCOM.EMBRAPII - STIPARE_INOVA (11419-7/11420-0),Ana Carolina Góes Martins,Luiz Henrique Portela de Abreu,Registrado
,Sofá,"Abraçadeira nylon 200x2,5mm PT T-18R",0.4468,Av. João Valério,Sala 5,São Geraldo,69053358,Manaus,Amazonas,,,95,IFAM 2022-007 - TELLESCOM.EMBRAPII - STIPARE_INOVA (11419-7/11420-0),Ana Carolina Góes Martins,Luiz Henrique Portela de Abreu,Registrado
,Sofá,"Abraçadeira nylon 200x2,5mm PT T-18R",0.4468,Av. João Valério,Sala 5,São Geraldo,69053358,Manaus,Amazonas,,,95,IFAM 2022-007 - TELLESCOM.EMBRAPII - STIPARE_INOVA (11419-7/11420-0),Ana Carolina Góes Martins,Luiz Henrique Portela de Abreu,Registrado
,Sofá,"Abraçadeira nylon 200x2,5mm PT T-18R",0.4468,Av. João Valério,Sala 5,São Geraldo,69053358,Manaus,Amazonas,,,95,IFAM 2022-007 - TELLESCOM.EMBRAPII - STIPARE_INOVA (11419-7/11420-0),Ana Carolina Góes Martins,Luiz Henrique Portela de Abreu,Registrado
,Sofá,"Abraçadeira nylon 200x2,5mm PT T-18R",0.4468,Av. João Valério,Sala 5,São Geraldo,69053358,Manaus,Amazonas,,,95,IFAM 2022-007 - TELLESCOM.EMBRAPII - STIPARE_INOVA (11419-7/11420-0),Ana Carolina Góes Martins,Luiz Henrique Portela de Abreu,Registrado
,Sofá,"Abraçadeira nylon 200x2,5mm PT T-18R",0.4468,Av. João Valério,Sala 5,São Geraldo,69053358,Manaus,Amazonas,,,95,IFAM 2022-007 - TELLESCOM.EMBRAPII - STIPARE_INOVA (11419-7/11420-0),Ana Carolina Góes Martins,Luiz Henrique Portela de Abreu,Registrado
,Sofá,"Abraçadeira nylon 200x2,5mm PT T-18R",0.4468,Av. João Valério,Sala 5,São Geraldo,69053358,Manaus,Amazonas,,,95,IFAM 2022-007 - TELLESCOM.EMBRAPII - STIPARE_INOVA (11419-7/11420-0),Ana Carolina Góes Martins,Luiz Henrique Portela de Abreu,Registrado
,Sofá,"Abraçadeira nylon 200x2,5mm PT T-18R",0.4468,Av. João Valério,Sala 5,São Geraldo,69053358,Manaus,Amazonas,,,95,IFAM 2022-007 - TELLESCOM.EMBRAPII - STIPARE_INOVA (11419-7/11420-0),Ana Carolina Góes Martins,Luiz Henrique Portela de Abreu,Registrado
,Sofá,"Abraçadeira nylon 200x2,5mm PT T-18R",0.4468,Av. João Valério,Sala 5,São Geraldo,69053358,Manaus,Amazonas,,,95,IFAM 2022-007 - TELLESCOM.EMBRAPII - STIPARE_INOVA (11419-7/11420-0),Ana Carolina Góes Martins,Luiz Henrique Portela de Abreu,Registrado
,Sofá,"Abraçadeira nylon 200x2,5mm PT T-18R",0.4468,Av. João Valério,Sala 5,São Geraldo,69053358,Manaus,Amazonas,,,95,IFAM 2022-007 - TELLESCOM.EMBRAPII - STIPARE_INOVA (11419-7/11420-0),Ana Carolina Góes Martins,Luiz Henrique Portela de Abreu,Registrado
,Sofá,"Abraçadeira nylon 200x2,5mm PT T-18R",0.4468,Av. João Valério,Sala 5,São Geraldo,69053358,Manaus,Amazonas,,,95,IFAM 2022-007 - TELLESCOM.EMBRAPII - STIPARE_INOVA (11419-7/11420-0),Ana Carolina Góes Martins,Luiz Henrique Portela de Abreu,Registrado
,Sofá,"Abraçadeira nylon 200x2,5mm PT T-18R",0.4468,Av. João Valério,Sala 5,São Geraldo,69053358,Manaus,Amazonas,,,95,IFAM 2022-007 - TELLESCOM.EMBRAPII - STIPARE_INOVA (11419-7/11420-0),Ana Carolina Góes Martins,Luiz Henrique Portela de Abreu,Registrado
,Sofá,"Abraçadeira nylon 200x2,5mm PT T-18R",0.4468,Av. João Valério,Sala 5,São Geraldo,69053358,Manaus,Amazonas,,,95,IFAM 2022-007 - TELLESCOM.EMBRAPII - STIPARE_INOVA (11419-7/11420-0),Ana Carolina Góes Martins,Luiz Henrique Portela de Abreu,Registrado
,Sofá,"Abraçadeira nylon 200x2,5mm PT T-18R",0.4468,Av. João Valério,Sala 5,São Geraldo,69053358,Manaus,Amazonas,,,95,IFAM 2022-007 - TELLESCOM.EMBRAPII - STIPARE_INOVA (11419-7/11420-0),Ana Carolina Góes Martins,Luiz Henrique Portela de Abreu,Registrado
,Sofá,"Abraçadeira nylon 200x2,5mm PT T-18R",0.4468,Av. João Valério,Sala 5,São Geraldo,69053358,Manaus,Amazonas,,,95,IFAM 2022-007 - TELLESCOM.EMBRAPII - STIPARE_INOVA (11419-7/11420-0),Ana Carolina Góes Martins,Luiz Henrique Portela de Abreu,Registrado
,Sofá,"Abraçadeira nylon 200x2,5mm PT T-18R",0.4468,Av. João Valério,Sala 5,São Geraldo,69053358,Manaus,Amazonas,,,95,IFAM 2022-007 - TELLESCOM.EMBRAPII - STIPARE_INOVA (11419-7/11420-0),Ana Carolina Góes Martins,Luiz Henrique Portela de Abreu,Registrado
,Sofá,"Abraçadeira nylon 200x2,5mm PT T-18R",0.4468,Av. João Valério,Sala 5,São Geraldo,69053358,Manaus,Amazonas,,,95,IFAM 2022-007 - TELLESCOM.EMBRAPII - STIPARE_INOVA (11419-7/11420-0),Ana Carolina Góes Martins,Luiz Henrique Portela de Abreu,Registrado
,Sofá,"Abraçadeira nylon 200x2,5mm PT T-18R",0.4468,Av. João Valério,Sala 5,São Geraldo,69053358,Manaus,Amazonas,,,95,IFAM 2022-007 - TELLESCOM.EMBRAPII - STIPARE_INOVA (11419-7/11420-0),Ana Carolina Góes Martins,Luiz Henrique Portela de Abreu,Registrado
,Sofá,"Abraçadeira nylon 200x2,5mm PT T-18R",0.4468,Av. João Valério,Sala 5,São Geraldo,69053358,Manaus,Amazonas,,,95,IFAM 2022-007 - TELLESCOM.EMBRAPII - STIPARE_INOVA (11419-7/11420-0),Ana Carolina Góes Martins,Luiz Henrique Portela de Abreu,Registrado
,Sofá,"Abraçadeira nylon 200x2,5mm PT T-18R",0.4468,Av. João Valério,Sala 5,São Geraldo,69053358,Manaus,Amazonas,,,95,IFAM 2022-007 - TELLESCOM.EMBRAPII - STIPARE_INOVA (11419-7/11420-0),Ana Carolina Góes Martins,Luiz Henrique Portela de Abreu,Registrado
,Sofá,"Abraçadeira nylon 200x2,5mm PT T-18R",0.4468,Av. João Valério,Sala 5,São Geraldo,69053358,Manaus,Amazonas,,,95,IFAM 2022-007 - TELLESCOM.EMBRAPII - STIPARE_INOVA (11419-7/11420-0),Ana Carolina Góes Martins,Luiz Henrique Portela de Abreu,Registrado
,Sofá,"Abraçadeira nylon 200x2,5mm PT T-18R",0.4468,Av. João Valério,Sala 5,São Geraldo,69053358,Manaus,Amazonas,,,95,IFAM 2022-007 - TELLESCOM.EMBRAPII - STIPARE_INOVA (11419-7/11420-0),Ana Carolina Góes Martins,Luiz Henrique Portela de Abreu,Registrado
,Sofá,"Abraçadeira nylon 200x2,5mm PT T-18R",0.4468,Av. João Valério,Sala 5,São Geraldo,69053358,Manaus,Amazonas,,,95,IFAM 2022-007 - TELLESCOM.EMBRAPII - STIPARE_INOVA (11419-7/11420-0),Ana Carolina Góes Martins,Luiz Henrique Portela de Abreu,Registrado
,Sofá,"Abraçadeira nylon 200x2,5mm PT T-18R",0.4468,Av. João Valério,Sala 5,São Geraldo,69053358,Manaus,Amazonas,,,95,IFAM 2022-007 - TELLESCOM.EMBRAPII - STIPARE_INOVA (11419-7/11420-0),Ana Carolina Góes Martins,Luiz Henrique Portela de Abreu,Registrado
,Sofá,"Abraçadeira nylon 200x2,5mm PT T-18R",0.4468,Av. João Valério,Sala 5,São Geraldo,69053358,Manaus,Amazonas,,,95,IFAM 2022-007 - TELLESCOM.EMBRAPII - STIPARE_INOVA (11419-7/11420-0),Ana Carolina Góes Martins,Luiz Henrique Portela de Abreu,Registrado
,Sofá,"Abraçadeira nylon 200x2,5mm PT T-18R",0.4468,Av. João Valério,Sala 5,São Geraldo,69053358,Manaus,Amazonas,,,95,IFAM 2022-007 - TELLESCOM.EMBRAPII - STIPARE_INOVA (11419-7/11420-0),Ana Carolina Góes Martins,Luiz Henrique Portela de Abreu,Registrado
,Sofá,"Abraçadeira nylon 200x2,5mm PT T-18R",0.4468,Av. João Valério,Sala 5,São Geraldo,69053358,Manaus,Amazonas,,,95,IFAM 2022-007 - TELLESCOM.EMBRAPII - STIPARE_INOVA (11419-7/11420-0),Ana Carolina Góes Martins,Luiz Henrique Portela de Abreu,Registrado
,Sofá,"Abraçadeira nylon 200x2,5mm PT T-18R",0.4468,Av. João Valério,Sala 5,São Geraldo,69053358,Manaus,Amazonas,,,95,IFAM 2022-007 - TELLESCOM.EMBRAPII - STIPARE_INOVA (11419-7/11420-0),Ana Carolina Góes Martins,Luiz Henrique Portela de Abreu,Registrado
,Sofá,"Abraçadeira nylon 200x2,5mm PT T-18R",0.4468,Av. João Valério,Sala 5,São Geraldo,69053358,Manaus,Amazonas,,,95,IFAM 2022-007 - TELLESCOM.EMBRAPII - STIPARE_INOVA (11419-7/11420-0),Ana Carolina Góes Martins,Luiz Henrique Portela de Abreu,Registrado
,Sofá,"Abraçadeira nylon 200x2,5mm PT T-18R",0.4468,Av. João Valério,Sala 5,São Geraldo,69053358,Manaus,Amazonas,,,95,IFAM 2022-007 - TELLESCOM.EMBRAPII - STIPARE_INOVA (11419-7/11420-0),Ana Carolina Góes Martins,Luiz Henrique Portela de Abreu,Registrado
,Sofá,"Abraçadeira nylon 200x2,5mm PT T-18R",0.4468,Av. João Valério,Sala 5,São Geraldo,69053358,Manaus,Amazonas,,,95,IFAM 2022-007 - TELLESCOM.EMBRAPII - STIPARE_INOVA (11419-7/11420-0),Ana Carolina Góes Martins,Luiz Henrique Portela de Abreu,Registrado
,Sofá,"Abraçadeira nylon 200x2,5mm PT T-18R",0.4468,Av. João Valério,Sala 5,São Geraldo,69053358,Manaus,Amazonas,,,95,IFAM 2022-007 - TELLESCOM.EMBRAPII - STIPARE_INOVA (11419-7/11420-0),Ana Carolina Góes Martins,Luiz Henrique Portela de Abreu,Registrado
,Sofá,"Abraçadeira nylon 200x2,5mm PT T-18R",0.4468,Av. João Valério,Sala 5,São Geraldo,69053358,Manaus,Amazonas,,,95,IFAM 2022-007 - TELLESCOM.EMBRAPII - STIPARE_INOVA (11419-7/11420-0),Ana Carolina Góes Martins,Luiz Henrique Portela de Abreu,Registrado
,Sofá,"Abraçadeira nylon 200x2,5mm PT T-18R",0.4468,Av. João Valério,Sala 5,São Geraldo,69053358,Manaus,Amazonas,,,95,IFAM 2022-007 - TELLESCOM.EMBRAPII - STIPARE_INOVA (11419-7/11420-0),Ana Carolina Góes Martins,Luiz Henrique Portela de Abreu,Registrado
,Sofá,"Abraçadeira nylon 200x2,5mm PT T-18R",0.4468,Av. João Valério,Sala 5,São Geraldo,69053358,Manaus,Amazonas,,,95,IFAM 2022-007 - TELLESCOM.EMBRAPII - STIPARE_INOVA (11419-7/11420-0),Ana Carolina Góes Martins,Luiz Henrique Portela de Abreu,Registrado
,Sofá,"Abraçadeira nylon 200x2,5mm PT T-18R",0.4468,Av. João Valério,Sala 5,São Geraldo,69053358,Manaus,Amazonas,,,95,IFAM 2022-007 - TELLESCOM.EMBRAPII - STIPARE_INOVA (11419-7/11420-0),Ana Carolina Góes Martins,Luiz Henrique Portela de Abreu,Registrado
,Sofá,"Abraçadeira nylon 200x2,5mm PT T-18R",0.4468,Av. João Valério,Sala 5,São Geraldo,69053358,Manaus,Amazonas,,,95,IFAM 2022-007 - TELLESCOM.EMBRAPII - STIPARE_INOVA (11419-7/11420-0),Ana Carolina Góes Martins,Luiz Henrique Portela de Abreu,Registrado
,Sofá,"Abraçadeira nylon 200x2,5mm PT T-18R",0.4468,Av. João Valério,Sala 5,São Geraldo,69053358,Manaus,Amazonas,,,95,IFAM 2022-007 - TELLESCOM.EMBRAPII - STIPARE_INOVA (11419-7/11420-0),Ana Carolina Góes Martins,Luiz Henrique Portela de Abreu,Registrado
,Sofá,"Abraçadeira nylon 200x2,5mm PT T-18R",0.4468,Av. João Valério,Sala 5,São Geraldo,69053358,Manaus,Amazonas,,,95,IFAM 2022-007 - TELLESCOM.EMBRAPII - STIPARE_INOVA (11419-7/11420-0),Ana Carolina Góes Martins,Luiz Henrique Portela de Abreu,Registrado
,Sofá,"Abraçadeira nylon 200x2,5mm PT T-18R",0.4468,Av. João Valério,Sala 5,São Geraldo,69053358,Manaus,Amazonas,,,95,IFAM 2022-007 - TELLESCOM.EMBRAPII - STIPARE_INOVA (11419-7/11420-0),Ana Carolina Góes Martins,Luiz Henrique Portela de Abreu,Registrado
,Sofá,"Abraçadeira nylon 200x2,5mm PT T-18R",0.4468,Av. João Valério,Sala 5,São Geraldo,69053358,Manaus,Amazonas,,,95,IFAM 2022-007 - TELLESCOM.EMBRAPII - STIPARE_INOVA (11419-7/11420-0),Ana Carolina Góes Martins,Luiz Henrique Portela de Abreu,Registrado
,Sofá,"Abraçadeira nylon 200x2,5mm PT T-18R",0.4468,Av. João Valério,Sala 5,São Geraldo,69053358,Manaus,Amazonas,,,95,IFAM 2022-007 - TELLESCOM.EMBRAPII - STIPARE_INOVA (11419-7/11420-0),Ana Carolina Góes Martins,Luiz Henrique Portela de Abreu,Registrado
,Sofá,"Abraçadeira nylon 200x2,5mm PT T-18R",0.4468,Av. João Valério,Sala 5,São Geraldo,69053358,Manaus,Amazonas,,,95,IFAM 2022-007 - TELLESCOM.EMBRAPII - STIPARE_INOVA (11419-7/11420-0),Ana Carolina Góes Martins,Luiz Henrique Portela de Abreu,Registrado
,Sofá,"Abraçadeira nylon 200x2,5mm PT T-18R",0.4468,Av. João Valério,Sala 5,São Geraldo,69053358,Manaus,Amazonas,,,95,IFAM 2022-007 - TELLESCOM.EMBRAPII - STIPARE_INOVA (11419-7/11420-0),Ana Carolina Góes Martins,Luiz Henrique Portela de Abreu,Registrado
,Sofá,"Abraçadeira nylon 200x2,5mm PT T-18R",0.4468,Av. João Valério,Sala 5,São Geraldo,69053358,Manaus,Amazonas,,,95,IFAM 2022-007 - TELLESCOM.EMBRAPII - STIPARE_INOVA (11419-7/11420-0),Ana Carolina Góes Martins,Luiz Henrique Portela de Abreu,Registrado
,Sofá,"Abraçadeira nylon 200x2,5mm PT T-18R",0.4468,Av. João Valério,Sala 5,São Geraldo,69053358,Manaus,Amazonas,,,95,IFAM 2022-007 - TELLESCOM.EMBRAPII - STIPARE_INOVA (11419-7/11420-0),Ana Carolina Góes Martins,Luiz Henrique Portela de Abreu,Registrado
,Sofá,"Abraçadeira nylon 200x2,5mm PT T-18R",0.4468,Av. João Valério,Sala 5,São Geraldo,69053358,Manaus,Amazonas,,,95,IFAM 2022-007 - TELLESCOM.EMBRAPII - STIPARE_INOVA (11419-7/11420-0),Ana Carolina Góes Martins,Luiz Henrique Portela de Abreu,Registrado
,Sofá,"Abraçadeira nylon 200x2,5mm PT T-18R",0.4468,Av. João Valério,Sala 5,São Geraldo,69053358,Manaus,Amazonas,,,95,IFAM 2022-007 - TELLESCOM.EMBRAPII - STIPARE_INOVA (11419-7/11420-0),Ana Carolina Góes Martins,Luiz Henrique Portela de Abreu,Registrado
,Sofá,"Abraçadeira nylon 200x2,5mm PT T-18R",0.4468,Av. João Valério,Sala 5,São Geraldo,69053358,Manaus,Amazonas,,,95,IFAM 2022-007 - TELLESCOM.EMBRAPII - STIPARE_INOVA (11419-7/11420-0),Ana Carolina Góes Martins,Luiz Henrique Portela de Abreu,Registrado
,Sofá,"Abraçadeira nylon 200x2,5mm PT T-18R",0.4468,Av. João Valério,Sala 5,São Geraldo,69053358,Manaus,Amazonas,,,95,IFAM 2022-007 - TELLESCOM.EMBRAPII - STIPARE_INOVA (11419-7/11420-0),Ana Carolina Góes Martins,Luiz Henrique Portela de Abreu,Registrado
,Sofá,"Abraçadeira nylon 200x2,5mm PT T-18R",0.4468,Av. João Valério,Sala 5,São Geraldo,69053358,Manaus,Amazonas,,,95,IFAM 2022-007 - TELLESCOM.EMBRAPII - STIPARE_INOVA (11419-7/11420-0),Ana Carolina Góes Martins,Luiz Henrique Portela de Abreu,Registrado
,Sofá,"Abraçadeira nylon 200x2,5mm PT T-18R",0.4468,Av. João Valério,Sala 5,São Geraldo,69053358,Manaus,Amazonas,,,95,IFAM 2022-007 - TELLESCOM.EMBRAPII - STIPARE_INOVA (11419-7/11420-0),Ana Carolina Góes Martins,Luiz Henrique Portela de Abreu,Registrado
,Sofá,"Abraçadeira nylon 200x2,5mm PT T-18R",0.4468,Av. João Valério,Sala 5,São Geraldo,69053358,Manaus,Amazonas,,,95,IFAM 2022-007 - TELLESCOM.EMBRAPII - STIPARE_INOVA (11419-7/11420-0),Ana Carolina Góes Martins,Luiz Henrique Portela de Abreu,Registrado
,Sofá,"Abraçadeira nylon 200x2,5mm PT T-18R",0.4468,Av. João Valério,Sala 5,São Geraldo,69053358,Manaus,Amazonas,,,95,IFAM 2022-007 - TELLESCOM.EMBRAPII - STIPARE_INOVA (11419-7/11420-0),Ana Carolina Góes Martins,Luiz Henrique Portela de Abreu,Registrado
,Sofá,"Abraçadeira nylon 200x2,5mm PT T-18R",0.4468,Av. João Valério,Sala 5,São Geraldo,69053358,Manaus,Amazonas,,,95,IFAM 2022-007 - TELLESCOM.EMBRAPII - STIPARE_INOVA (11419-7/11420-0),Ana Carolina Góes Martins,Luiz Henrique Portela de Abreu,Registrado
,Sofá,"Abraçadeira nylon 200x2,5mm PT T-18R",0.4468,Av. João Valério,Sala 5,São Geraldo,69053358,Manaus,Amazonas,,,95,IFAM 2022-007 - TELLESCOM.EMBRAPII - STIPARE_INOVA (11419-7/11420-0),Ana Carolina Góes Martins,Luiz Henrique Portela de Abreu,Registrado
,Sofá,"Abraçadeira nylon 200x2,5mm PT T-18R",0.4468,Av. João Valério,Sala 5,São Geraldo,69053358,Manaus,Amazonas,,,95,IFAM 2022-007 - TELLESCOM.EMBRAPII - STIPARE_INOVA (11419-7/11420-0),Ana Carolina Góes Martins,Luiz Henrique Portela de Abreu,Registrado
,Sofá,"Abraçadeira nylon 200x2,5mm PT T-18R",0.4468,Av. João Valério,Sala 5,São Geraldo,69053358,Manaus,Amazonas,,,95,IFAM 2022-007 - TELLESCOM.EMBRAPII - STIPARE_INOVA (11419-7/11420-0),Ana Carolina Góes Martins,Luiz Henrique Portela de Abreu,Registrado
,Sofá,"Abraçadeira nylon 200x2,5mm PT T-18R",0.4468,Av. João Valério,Sala 5,São Geraldo,69053358,Manaus,Amazonas,,,95,IFAM 2022-007 - TELLESCOM.EMBRAPII - STIPARE_INOVA (11419-7/11420-0),Ana Carolina Góes Martins,Luiz Henrique Portela de Abreu,Registrado
,Sofá,"Abraçadeira nylon 200x2,5mm PT T-18R",0.4468,Av. João Valério,Sala 5,São Geraldo,69053358,Manaus,Amazonas,,,95,IFAM 2022-007 - TELLESCOM.EMBRAPII - STIPARE_INOVA (11419-7/11420-0),Ana Carolina Góes Martins,Luiz Henrique Portela de Abreu,Registrado
,Sofá,"Abraçadeira nylon 200x2,5mm PT T-18R",0.4468,Av. João Valério,Sala 5,São Geraldo,69053358,Manaus,Amazonas,,,95,IFAM 2022-007 - TELLESCOM.EMBRAPII - STIPARE_INOVA (11419-7/11420-0),Ana Carolina Góes Martins,Luiz Henrique Portela de Abreu,Registrado
,Sofá,"Abraçadeira nylon 200x2,5mm PT T-18R",0.4468,Av. João Valério,Sala 5,São Geraldo,69053358,Manaus,Amazonas,,,95,IFAM 2022-007 - TELLESCOM.EMBRAPII - STIPARE_INOVA (11419-7/11420-0),Ana Carolina Góes Martins,Luiz Henrique Portela de Abreu,Registrado
,Sofá,"Abraçadeira nylon 200x2,5mm PT T-18R",0.4468,Av. João Valério,Sala 5,São Geraldo,69053358,Manaus,Amazonas,,,95,IFAM 2022-007 - TELLESCOM.EMBRAPII - STIPARE_INOVA (11419-7/11420-0),Ana Carolina Góes Martins,Luiz Henrique Portela de Abreu,Registrado
,Sofá,"Abraçadeira nylon 200x2,5mm PT T-18R",0.4468,Av. João Valério,Sala 5,São Geraldo,69053358,Manaus,Amazonas,,,95,IFAM 2022-007 - TELLESCOM.EMBRAPII - STIPARE_INOVA (11419-7/11420-0),Ana Carolina Góes Martins,Luiz Henrique Portela de Abreu,Registrado
,Sofá,"Abraçadeira nylon 200x2,5mm PT T-18R",0.4468,Av. João Valério,Sala 5,São Geraldo,69053358,Manaus,Amazonas,,,95,IFAM 2022-007 - TELLESCOM.EMBRAPII - STIPARE_INOVA (11419-7/11420-0),Ana Carolina Góes Martins,Luiz Henrique Portela de Abreu,Registrado
,Sofá,"Abraçadeira nylon 200x2,5mm PT T-18R",0.4468,Av. João Valério,Sala 5,São Geraldo,69053358,Manaus,Amazonas,,,95,IFAM 2022-007 - TELLESCOM.EMBRAPII - STIPARE_INOVA (11419-7/11420-0),Ana Carolina Góes Martins,Luiz Henrique Portela de Abreu,Registrado
,Sofá,"Abraçadeira nylon 200x2,5mm PT T-18R",0.4468,Av. João Valério,Sala 5,São Geraldo,69053358,Manaus,Amazonas,,,95,IFAM 2022-007 - TELLESCOM.EMBRAPII - STIPARE_INOVA (11419-7/11420-0),Ana Carolina Góes Martins,Luiz Henrique Portela de Abreu,Registrado
,Sofá,"Abraçadeira nylon 200x2,5mm PT T-18R",0.4468,Av. João Valério,Sala 5,São Geraldo,69053358,Manaus,Amazonas,,,95,IFAM 2022-007 - TELLESCOM.EMBRAPII - STIPARE_INOVA (11419-7/11420-0),Ana Carolina Góes Martins,Luiz Henrique Portela de Abreu,Registrado
,Sofá,"Abraçadeira nylon 200x2,5mm PT T-18R",0.4468,Av. João Valério,Sala 5,São Geraldo,69053358,Manaus,Amazonas,,,95,IFAM 2022-007 - TELLESCOM.EMBRAPII - STIPARE_INOVA (11419-7/11420-0),Ana Carolina Góes Martins,Luiz Henrique Portela de Abreu,Registrado
,Sofá,"Abraçadeira nylon 200x2,5mm PT T-18R",0.4468,Av. João Valério,Sala 5,São Geraldo,69053358,Manaus,Amazonas,,,95,IFAM 2022-007 - TELLESCOM.EMBRAPII - STIPARE_INOVA (11419-7/11420-0),Ana Carolina Góes Martins,Luiz Henrique Portela de Abreu,Registrado
,Sofá,"Abraçadeira nylon 200x2,5mm PT T-18R",0.4468,Av. João Valério,Sala 5,São Geraldo,69053358,Manaus,Amazonas,,,95,IFAM 2022-007 - TELLESCOM.EMBRAPII - STIPARE_INOVA (11419-7/11420-0),Ana Carolina Góes Martins,Luiz Henrique Portela de Abreu,Registrado
,Sofá,"Abraçadeira nylon 200x2,5mm PT T-18R",0.4468,Av. João Valério,Sala 5,São Geraldo,69053358,Manaus,Amazonas,,,95,IFAM 2022-007 - TELLESCOM.EMBRAPII - STIPARE_INOVA (11419-7/11420-0),Ana Carolina Góes Martins,Luiz Henrique Portela de Abreu,Registrado
,Sofá,"Abraçadeira nylon 200x2,5mm PT T-18R",0.4468,Av. João Valério,Sala 5,São Geraldo,69053358,Manaus,Amazonas,,,95,IFAM 2022-007 - TELLESCOM.EMBRAPII - STIPARE_INOVA (11419-7/11420-0),Ana Carolina Góes Martins,Luiz Henrique Portela de Abreu,Registrado
,Sofá,"Abraçadeira nylon 200x2,5mm PT T-18R",0.4468,Av. João Valério,Sala 5,São Geraldo,69053358,Manaus,Amazonas,,,95,IFAM 2022-007 - TELLESCOM.EMBRAPII - STIPARE_INOVA (11419-7/11420-0),Ana Carolina Góes Martins,Luiz Henrique Portela de Abreu,Registrado
,Sofá,"Abraçadeira nylon 200x2,5mm PT T-18R",0.4468,Av. João Valério,Sala 5,São Geraldo,69053358,Manaus,Amazonas,,,95,IFAM 2022-007 - TELLESCOM.EMBRAPII - STIPARE_INOVA (11419-7/11420-0),Ana Carolina Góes Martins,Luiz Henrique Portela de Abreu,Registrado
,Sofá,"Abraçadeira nylon 200x2,5mm PT T-18R",0.4468,Av. João Valério,Sala 5,São Geraldo,69053358,Manaus,Amazonas,,,95,IFAM 2022-007 - TELLESCOM.EMBRAPII - STIPARE_INOVA (11419-7/11420-0),Ana Carolina Góes Martins,Luiz Henrique Portela de Abreu,Registrado
,Sofá,"Abraçadeira nylon 200x2,5mm PT T-18R",0.4468,Av. João Valério,Sala 5,São Geraldo,69053358,Manaus,Amazonas,,,95,IFAM 2022-007 - TELLESCOM.EMBRAPII - STIPARE_INOVA (11419-7/11420-0),Ana Carolina Góes Martins,Luiz Henrique Portela de Abreu,Registrado
,Sofá,"Abraçadeira nylon 200x2,5mm PT T-18R",0.4468,Av. João Valério,Sala 5,São Geraldo,69053358,Manaus,Amazonas,,,95,IFAM 2022-007 - TELLESCOM.EMBRAPII - STIPARE_INOVA (11419-7/11420-0),Ana Carolina Góes Martins,Luiz Henrique Portela de Abreu,Registrado
,Sofá,"Abraçadeira nylon 200x2,5mm PT T-18R",0.4468,Av. João Valério,Sala 5,São Geraldo,69053358,Manaus,Amazonas,,,95,IFAM 2022-007 - TELLESCOM.EMBRAPII - STIPARE_INOVA (11419-7/11420-0),Ana Carolina Góes Martins,Luiz Henrique Portela de Abreu,Registrado
,Sofá,"Abraçadeira nylon 200x2,5mm PT T-18R",0.4468,Av. João Valério,Sala 5,São Geraldo,69053358,Manaus,Amazonas,,,95,IFAM 2022-007 - TELLESCOM.EMBRAPII - STIPARE_INOVA (11419-7/11420-0),Ana Carolina Góes Martins,Luiz Henrique Portela de Abreu,Registrado
,Sofá,"Abraçadeira nylon 200x2,5mm PT T-18R",0.4468,Av. João Valério,Sala 5,São Geraldo,69053358,Manaus,Amazonas,,,95,IFAM 2022-007 - TELLESCOM.EMBRAPII - STIPARE_INOVA (11419-7/11420-0),Ana Carolina Góes Martins,Luiz Henrique Portela de Abreu,Registrado
,Sofá,"Abraçadeira nylon 200x2,5mm PT T-18R",0.4468,Av. João Valério,Sala 5,São Geraldo,69053358,Manaus,Amazonas,,,95,IFAM 2022-007 - TELLESCOM.EMBRAPII - STIPARE_INOVA (11419-7/11420-0),Ana Carolina Góes Martins,Luiz Henrique Portela de Abreu,Registrado
,Sofá,"Abraçadeira nylon 200x2,5mm PT T-18R",0.4468,Av. João Valério,Sala 5,São Geraldo,69053358,Manaus,Amazonas,,,95,IFAM 2022-007 - TELLESCOM.EMBRAPII - STIPARE_INOVA (11419-7/11420-0),Ana Carolina Góes Martins,Luiz Henrique Portela de Abreu,Registrado
,Sofá,"Abraçadeira nylon 200x2,5mm PT T-18R",0.4468,Av. João Valério,Sala 5,São Geraldo,69053358,Manaus,Amazonas,,,95,IFAM 2022-007 - TELLESCOM.EMBRAPII - STIPARE_INOVA (11419-7/11420-0),Ana Carolina Góes Martins,Luiz Henrique Portela de Abreu,Registrado
,Sofá,"Abraçadeira nylon 200x2,5mm PT T-18R",0.4468,Av. João Valério,Sala 5,São Geraldo,69053358,Manaus,Amazonas,,,95,IFAM 2022-007 - TELLESCOM.EMBRAPII - STIPARE_INOVA (11419-7/11420-0),Ana Carolina Góes Martins,Luiz Henrique Portela de Abreu,Registrado
,Sofá,"Abraçadeira nylon 200x2,5mm PT T-18R",0.4468,Av. João Valério,Sala 5,São Geraldo,69053358,Manaus,Amazonas,,,95,IFAM 2022-007 - TELLESCOM.EMBRAPII - STIPARE_INOVA (11419-7/11420-0),Ana Carolina Góes Martins,Luiz Henrique Portela de Abreu,Registrado
,Sofá,"Abraçadeira nylon 200x2,5mm PT T-18R",0.4468,Av. João Valério,Sala 5,São Geraldo,69053358,Manaus,Amazonas,,,95,IFAM 2022-007 - TELLESCOM.EMBRAPII - STIPARE_INOVA (11419-7/11420-0),Ana Carolina Góes Martins,Luiz Henrique Portela de Abreu,Registrado
,Sofá,"Abraçadeira nylon 200x2,5mm PT T-18R",0.4468,Av. João Valério,Sala 5,São Geraldo,69053358,Manaus,Amazonas,,,95,IFAM 2022-007 - TELLESCOM.EMBRAPII - STIPARE_INOVA (11419-7/11420-0),Ana Carolina Góes Martins,Luiz Henrique Portela de Abreu,Registrado
,Sofá,"Abraçadeira nylon 200x2,5mm PT T-18R",0.4468,Av. João Valério,Sala 5,São Geraldo,69053358,Manaus,Amazonas,,,95,IFAM 2022-007 - TELLESCOM.EMBRAPII - STIPARE_INOVA (11419-7/11420-0),Ana Carolina Góes Martins,Luiz Henrique Portela de Abreu,Registrado
,Sofá,"Abraçadeira nylon 200x2,5mm PT T-18R",0.4468,Av. João Valério,Sala 5,São Geraldo,69053358,Manaus,Amazonas,,,95,IFAM 2022-007 - TELLESCOM.EMBRAPII - STIPARE_INOVA (11419-7/11420-0),Ana Carolina Góes Martins,Luiz Henrique Portela de Abreu,Registrado
,Sofá,"Abraçadeira nylon 200x2,5mm PT T-18R",0.4468,Av. João Valério,Sala 5,São Geraldo,69053358,Manaus,Amazonas,,,95,IFAM 2022-007 - TELLESCOM.EMBRAPII - STIPARE_INOVA (11419-7/11420-0),Ana Carolina Góes Martins,Luiz Henrique Portela de Abreu,Registrado
,Sofá,"Abraçadeira nylon 200x2,5mm PT T-18R",0.4468,Av. João Valério,Sala 5,São Geraldo,69053358,Manaus,Amazonas,,,95,IFAM 2022-007 - TELLESCOM.EMBRAPII - STIPARE_INOVA (11419-7/11420-0),Ana Carolina Góes Martins,Luiz Henrique Portela de Abreu,Registrado
,Sofá,"Abraçadeira nylon 200x2,5mm PT T-18R",0.4468,Av. João Valério,Sala 5,São Geraldo,69053358,Manaus,Amazonas,,,95,IFAM 2022-007 - TELLESCOM.EMBRAPII - STIPARE_INOVA (11419-7/11420-0),Ana Carolina Góes Martins,Luiz Henrique Portela de Abreu,Registrado
,Sofá,"Abraçadeira nylon 200x2,5mm PT T-18R",0.4468,Av. João Valério,Sala 5,São Geraldo,69053358,Manaus,Amazonas,,,95,IFAM 2022-007 - TELLESCOM.EMBRAPII - STIPARE_INOVA (11419-7/11420-0),Ana Carolina Góes Martins,Luiz Henrique Portela de Abreu,Registrado
,Sofá,"Abraçadeira nylon 200x2,5mm PT T-18R",0.4468,Av. João Valério,Sala 5,São Geraldo,69053358,Manaus,Amazonas,,,95,IFAM 2022-007 - TELLESCOM.EMBRAPII - STIPARE_INOVA (11419-7/11420-0),Ana Carolina Góes Martins,Luiz Henrique Portela de Abreu,Registrado
,Sofá,"Abraçadeira nylon 200x2,5mm PT T-18R",0.4468,Av. João Valério,Sala 5,São Geraldo,69053358,Manaus,Amazonas,,,95,IFAM 2022-007 - TELLESCOM.EMBRAPII - STIPARE_INOVA (11419-7/11420-0),Ana Carolina Góes Martins,Luiz Henrique Portela de Abreu,Registrado
,Sofá,"Abraçadeira nylon 200x2,5mm PT T-18R",0.4468,Av. João Valério,Sala 5,São Geraldo,69053358,Manaus,Amazonas,,,95,IFAM 2022-007 - TELLESCOM.EMBRAPII - STIPARE_INOVA (11419-7/11420-0),Ana Carolina Góes Martins,Luiz Henrique Portela de Abreu,Registrado
,Sofá,"Abraçadeira nylon 200x2,5mm PT T-18R",0.4468,Av. João Valério,Sala 5,São Geraldo,69053358,Manaus,Amazonas,,,95,IFAM 2022-007 - TELLESCOM.EMBRAPII - STIPARE_INOVA (11419-7/11420-0),Ana Carolina Góes Martins,Luiz Henrique Portela de Abreu,Registrado
,Sofá,"Abraçadeira nylon 200x2,5mm PT T-18R",0.4468,Av. João Valério,Sala 5,São Geraldo,69053358,Manaus,Amazonas,,,95,IFAM 2022-007 - TELLESCOM.EMBRAPII - STIPARE_INOVA (11419-7/11420-0),Ana Carolina Góes Martins,Luiz Henrique Portela de Abreu,Registrado
,Sofá,"Abraçadeira nylon 200x2,5mm PT T-18R",0.4468,Av. João Valério,Sala 5,São Geraldo,69053358,Manaus,Amazonas,,,95,IFAM 2022-007 - TELLESCOM.EMBRAPII - STIPARE_INOVA (11419-7/11420-0),Ana Carolina Góes Martins,Luiz Henrique Portela de Abreu,Registrado
,Sofá,"Abraçadeira nylon 200x2,5mm PT T-18R",0.4468,Av. João Valério,Sala 5,São Geraldo,69053358,Manaus,Amazonas,,,95,IFAM 2022-007 - TELLESCOM.EMBRAPII - STIPARE_INOVA (11419-7/11420-0),Ana Carolina Góes Martins,Luiz Henrique Portela de Abreu,Registrado
,Sofá,"Abraçadeira nylon 200x2,5mm PT T-18R",0.4468,Av. João Valério,Sala 5,São Geraldo,69053358,Manaus,Amazonas,,,95,IFAM 2022-007 - TELLESCOM.EMBRAPII - STIPARE_INOVA (11419-7/11420-0),Ana Carolina Góes Martins,Luiz Henrique Portela de Abreu,Registrado
,Sofá,"Abraçadeira nylon 200x2,5mm PT T-18R",0.4468,Av. João Valério,Sala 5,São Geraldo,69053358,Manaus,Amazonas,,,95,IFAM 2022-007 - TELLESCOM.EMBRAPII - STIPARE_INOVA (11419-7/11420-0),Ana Carolina Góes Martins,Luiz Henrique Portela de Abreu,Registrado
,Sofá,"Abraçadeira nylon 200x2,5mm PT T-18R",0.4468,Av. João Valério,Sala 5,São Geraldo,69053358,Manaus,Amazonas,,,95,IFAM 2022-007 - TELLESCOM.EMBRAPII - STIPARE_INOVA (11419-7/11420-0),Ana Carolina Góes Martins,Luiz Henrique Portela de Abreu,Registrado
,Sofá,"Abraçadeira nylon 200x2,5mm PT T-18R",0.4468,Av. João Valério,Sala 5,São Geraldo,69053358,Manaus,Amazonas,,,95,IFAM 2022-007 - TELLESCOM.EMBRAPII - STIPARE_INOVA (11419-7/11420-0),Ana Carolina Góes Martins,Luiz Henrique Portela de Abreu,Registrado
,Sofá,"Abraçadeira nylon 200x2,5mm PT T-18R",0.4468,Av. João Valério,Sala 5,São Geraldo,69053358,Manaus,Amazonas,,,95,IFAM 2022-007 - TELLESCOM.EMBRAPII - STIPARE_INOVA (11419-7/11420-0),Ana Carolina Góes Martins,Luiz Henrique Portela de Abreu,Registrado
,Sofá,"Abraçadeira nylon 200x2,5mm PT T-18R",0.4468,Av. João Valério,Sala 5,São Geraldo,69053358,Manaus,Amazonas,,,95,IFAM 2022-007 - TELLESCOM.EMBRAPII - STIPARE_INOVA (11419-7/11420-0),Ana Carolina Góes Martins,Luiz Henrique Portela de Abreu,Registrado
,Sofá,"Abraçadeira nylon 200x2,5mm PT T-18R",0.4468,Av. João Valério,Sala 5,São Geraldo,69053358,Manaus,Amazonas,,,95,IFAM 2022-007 - TELLESCOM.EMBRAPII - STIPARE_INOVA (11419-7/11420-0),Ana Carolina Góes Martins,Luiz Henrique Portela de Abreu,Registrado
,Sofá,"Abraçadeira nylon 200x2,5mm PT T-18R",0.4468,Av. João Valério,Sala 5,São Geraldo,69053358,Manaus,Amazonas,,,95,IFAM 2022-007 - TELLESCOM.EMBRAPII - STIPARE_INOVA (11419-7/11420-0),Ana Carolina Góes Martins,Luiz Henrique Portela de Abreu,Registrado
,Sofá,"Abraçadeira nylon 200x2,5mm PT T-18R",0.4468,Av. João Valério,Sala 5,São Geraldo,69053358,Manaus,Amazonas,,,95,IFAM 2022-007 - TELLESCOM.EMBRAPII - STIPARE_INOVA (11419-7/11420-0),Ana Carolina Góes Martins,Luiz Henrique Portela de Abreu,Registrado
,Sofá,"Abraçadeira nylon 200x2,5mm PT T-18R",0.4468,Av. João Valério,Sala 5,São Geraldo,69053358,Manaus,Amazonas,,,95,IFAM 2022-007 - TELLESCOM.EMBRAPII - STIPARE_INOVA (11419-7/11420-0),Ana Carolina Góes Martins,Luiz Henrique Portela de Abreu,Registrado
,Sofá,"Abraçadeira nylon 200x2,5mm PT T-18R",0.4468,Av. João Valério,Sala 5,São Geraldo,69053358,Manaus,Amazonas,,,95,IFAM 2022-007 - TELLESCOM.EMBRAPII - STIPARE_INOVA (11419-7/11420-0),Ana Carolina Góes Martins,Luiz Henrique Portela de Abreu,Registrado
,Sofá,"Abraçadeira nylon 200x2,5mm PT T-18R",0.4468,Av. João Valério,Sala 5,São Geraldo,69053358,Manaus,Amazonas,,,95,IFAM 2022-007 - TELLESCOM.EMBRAPII - STIPARE_INOVA (11419-7/11420-0),Ana Carolina Góes Martins,Luiz Henrique Portela de Abreu,Registrado
,Sofá,"Abraçadeira nylon 200x2,5mm PT T-18R",0.4468,Av. João Valério,Sala 5,São Geraldo,69053358,Manaus,Amazonas,,,95,IFAM 2022-007 - TELLESCOM.EMBRAPII - STIPARE_INOVA (11419-7/11420-0),Ana Carolina Góes Martins,Luiz Henrique Portela de Abreu,Registrado
,Sofá,"Abraçadeira nylon 200x2,5mm PT T-18R",0.4468,Av. João Valério,Sala 5,São Geraldo,69053358,Manaus,Amazonas,,,95,IFAM 2022-007 - TELLESCOM.EMBRAPII - STIPARE_INOVA (11419-7/11420-0),Ana Carolina Góes Martins,Luiz Henrique Portela de Abreu,Registrado
,Sofá,"Abraçadeira nylon 200x2,5mm PT T-18R",0.4468,Av. João Valério,Sala 5,São Geraldo,69053358,Manaus,Amazonas,,,95,IFAM 2022-007 - TELLESCOM.EMBRAPII - STIPARE_INOVA (11419-7/11420-0),Ana Carolina Góes Martins,Luiz Henrique Portela de Abreu,Registrado
,Sofá,"Abraçadeira nylon 200x2,5mm PT T-18R",0.4468,Av. João Valério,Sala 5,São Geraldo,69053358,Manaus,Amazonas,,,95,IFAM 2022-007 - TELLESCOM.EMBRAPII - STIPARE_INOVA (11419-7/11420-0),Ana Carolina Góes Martins,Luiz Henrique Portela de Abreu,Registrado
,Sofá,"Abraçadeira nylon 200x2,5mm PT T-18R",0.4468,Av. João Valério,Sala 5,São Geraldo,69053358,Manaus,Amazonas,,,95,IFAM 2022-007 - TELLESCOM.EMBRAPII - STIPARE_INOVA (11419-7/11420-0),Ana Carolina Góes Martins,Luiz Henrique Portela de Abreu,Registrado
,Sofá,"Abraçadeira nylon 200x2,5mm PT T-18R",0.4468,Av. João Valério,Sala 5,São Geraldo,69053358,Manaus,Amazonas,,,95,IFAM 2022-007 - TELLESCOM.EMBRAPII - STIPARE_INOVA (11419-7/11420-0),Ana Carolina Góes Martins,Luiz Henrique Portela de Abreu,Registrado
,Sofá,"Abraçadeira nylon 200x2,5mm PT T-18R",0.4468,Av. João Valério,Sala 5,São Geraldo,69053358,Manaus,Amazonas,,,95,IFAM 2022-007 - TELLESCOM.EMBRAPII - STIPARE_INOVA (11419-7/11420-0),Ana Carolina Góes Martins,Luiz Henrique Portela de Abreu,Registrado
,Sofá,"Abraçadeira nylon 200x2,5mm PT T-18R",0.4468,Av. João Valério,Sala 5,São Geraldo,69053358,Manaus,Amazonas,,,95,IFAM 2022-007 - TELLESCOM.EMBRAPII - STIPARE_INOVA (11419-7/11420-0),Ana Carolina Góes Martins,Luiz Henrique Portela de Abreu,Registrado
,Sofá,"Abraçadeira nylon 200x2,5mm PT T-18R",0.4468,Av. João Valério,Sala 5,São Geraldo,69053358,Manaus,Amazonas,,,95,IFAM 2022-007 - TELLESCOM.EMBRAPII - STIPARE_INOVA (11419-7/11420-0),Ana Carolina Góes Martins,Luiz Henrique Portela de Abreu,Registrado
,Sofá,"Abraçadeira nylon 200x2,5mm PT T-18R",0.4468,Av. João Valério,Sala 5,São Geraldo,69053358,Manaus,Amazonas,,,95,IFAM 2022-007 - TELLESCOM.EMBRAPII - STIPARE_INOVA (11419-7/11420-0),Ana Carolina Góes Martins,Luiz Henrique Portela de Abreu,Registrado
,Sofá,"Abraçadeira nylon 200x2,5mm PT T-18R",0.4468,Av. João Valério,Sala 5,São Geraldo,69053358,Manaus,Amazonas,,,95,IFAM 2022-007 - TELLESCOM.EMBRAPII - STIPARE_INOVA (11419-7/11420-0),Ana Carolina Góes Martins,Luiz Henrique Portela de Abreu,Registrado
,Sofá,"Abraçadeira nylon 200x2,5mm PT T-18R",0.4468,Av. João Valério,Sala 5,São Geraldo,69053358,Manaus,Amazonas,,,95,IFAM 2022-007 - TELLESCOM.EMBRAPII - STIPARE_INOVA (11419-7/11420-0),Ana Carolina Góes Martins,Luiz Henrique Portela de Abreu,Registrado
,Sofá,"Abraçadeira nylon 200x2,5mm PT T-18R",0.4468,Av. João Valério,Sala 5,São Geraldo,69053358,Manaus,Amazonas,,,95,IFAM 2022-007 - TELLESCOM.EMBRAPII - STIPARE_INOVA (11419-7/11420-0),Ana Carolina Góes Martins,Luiz Henrique Portela de Abreu,Registrado
,Sofá,"Abraçadeira nylon 200x2,5mm PT T-18R",0.4468,Av. João Valério,Sala 5,São Geraldo,69053358,Manaus,Amazonas,,,95,IFAM 2022-007 - TELLESCOM.EMBRAPII - STIPARE_INOVA (11419-7/11420-0),Ana Carolina Góes Martins,Luiz Henrique Portela de Abreu,Registrado
,Sofá,"Abraçadeira nylon 200x2,5mm PT T-18R",0.4468,Av. João Valério,Sala 5,São Geraldo,69053358,Manaus,Amazonas,,,95,IFAM 2022-007 - TELLESCOM.EMBRAPII - STIPARE_INOVA (11419-7/11420-0),Ana Carolina Góes Martins,Luiz Henrique Portela de Abreu,Registrado
,Sofá,"Abraçadeira nylon 200x2,5mm PT T-18R",0.4468,Av. João Valério,Sala 5,São Geraldo,69053358,Manaus,Amazonas,,,95,IFAM 2022-007 - TELLESCOM.EMBRAPII - STIPARE_INOVA (11419-7/11420-0),Ana Carolina Góes Martins,Luiz Henrique Portela de Abreu,Registrado
,Sofá,"Abraçadeira nylon 200x2,5mm PT T-18R",0.4468,Av. João Valério,Sala 5,São Geraldo,69053358,Manaus,Amazonas,,,95,IFAM 2022-007 - TELLESCOM.EMBRAPII - STIPARE_INOVA (11419-7/11420-0),Ana Carolina Góes Martins,Luiz Henrique Portela de Abreu,Registrado
,Sofá,"Abraçadeira nylon 200x2,5mm PT T-18R",0.4468,Av. João Valério,Sala 5,São Geraldo,69053358,Manaus,Amazonas,,,95,IFAM 2022-007 - TELLESCOM.EMBRAPII - STIPARE_INOVA (11419-7/11420-0),Ana Carolina Góes Martins,Luiz Henrique Portela de Abreu,Registrado
,Sofá,"Abraçadeira nylon 200x2,5mm PT T-18R",0.4468,Av. João Valério,Sala 5,São Geraldo,69053358,Manaus,Amazonas,,,95,IFAM 2022-007 - TELLESCOM.EMBRAPII - STIPARE_INOVA (11419-7/11420-0),Ana Carolina Góes Martins,Luiz Henrique Portela de Abreu,Registrado
,Sofá,"Abraçadeira nylon 200x2,5mm PT T-18R",0.4468,Av. João Valério,Sala 5,São Geraldo,69053358,Manaus,Amazonas,,,95,IFAM 2022-007 - TELLESCOM.EMBRAPII - STIPARE_INOVA (11419-7/11420-0),Ana Carolina Góes Martins,Luiz Henrique Portela de Abreu,Registrado
,Sofá,"Abraçadeira nylon 200x2,5mm PT T-18R",0.4468,Av. João Valério,Sala 5,São Geraldo,69053358,Manaus,Amazonas,,,95,IFAM 2022-007 - TELLESCOM.EMBRAPII - STIPARE_INOVA (11419-7/11420-0),Ana Carolina Góes Martins,Luiz Henrique Portela de Abreu,Registrado
,Sofá,"Abraçadeira nylon 200x2,5mm PT T-18R",0.4468,Av. João Valério,Sala 5,São Geraldo,69053358,Manaus,Amazonas,,,95,IFAM 2022-007 - TELLESCOM.EMBRAPII - STIPARE_INOVA (11419-7/11420-0),Ana Carolina Góes Martins,Luiz Henrique Portela de Abreu,Registrado
,Sofá,"Abraçadeira nylon 200x2,5mm PT T-18R",0.4468,Av. João Valério,Sala 5,São Geraldo,69053358,Manaus,Amazonas,,,95,IFAM 2022-007 - TELLESCOM.EMBRAPII - STIPARE_INOVA (11419-7/11420-0),Ana Carolina Góes Martins,Luiz Henrique Portela de Abreu,Registrado
,Sofá,"Abraçadeira nylon 200x2,5mm PT T-18R",0.4468,Av. João Valério,Sala 5,São Geraldo,69053358,Manaus,Amazonas,,,95,IFAM 2022-007 - TELLESCOM.EMBRAPII - STIPARE_INOVA (11419-7/11420-0),Ana Carolina Góes Martins,Luiz Henrique Portela de Abreu,Registrado
,Sofá,"Abraçadeira nylon 200x2,5mm PT T-18R",0.4468,Av. João Valério,Sala 5,São Geraldo,69053358,Manaus,Amazonas,,,95,IFAM 2022-007 - TELLESCOM.EMBRAPII - STIPARE_INOVA (11419-7/11420-0),Ana Carolina Góes Martins,Luiz Henrique Portela de Abreu,Registrado
,Sofá,"Abraçadeira nylon 200x2,5mm PT T-18R",0.4468,Av. João Valério,Sala 5,São Geraldo,69053358,Manaus,Amazonas,,,95,IFAM 2022-007 - TELLESCOM.EMBRAPII - STIPARE_INOVA (11419-7/11420-0),Ana Carolina Góes Martins,Luiz Henrique Portela de Abreu,Registrado
,Sofá,"Abraçadeira nylon 200x2,5mm PT T-18R",0.4468,Av. João Valério,Sala 5,São Geraldo,69053358,Manaus,Amazonas,,,95,IFAM 2022-007 - TELLESCOM.EMBRAPII - STIPARE_INOVA (11419-7/11420-0),Ana Carolina Góes Martins,Luiz Henrique Portela de Abreu,Registrado
,Sofá,"Abraçadeira nylon 200x2,5mm PT T-18R",0.4468,Av. João Valério,Sala 5,São Geraldo,69053358,Manaus,Amazonas,,,95,IFAM 2022-007 - TELLESCOM.EMBRAPII - STIPARE_INOVA (11419-7/11420-0),Ana Carolina Góes Martins,Luiz Henrique Portela de Abreu,Registrado
,Sofá,"Abraçadeira nylon 200x2,5mm PT T-18R",0.4468,Av. João Valério,Sala 5,São Geraldo,69053358,Manaus,Amazonas,,,95,IFAM 2022-007 - TELLESCOM.EMBRAPII - STIPARE_INOVA (11419-7/11420-0),Ana Carolina Góes Martins,Luiz Henrique Portela de Abreu,Registrado
,Sofá,"Abraçadeira nylon 200x2,5mm PT T-18R",0.4468,Av. João Valério,Sala 5,São Geraldo,69053358,Manaus,Amazonas,,,95,IFAM 2022-007 - TELLESCOM.EMBRAPII - STIPARE_INOVA (11419-7/11420-0),Ana Carolina Góes Martins,Luiz Henrique Portela de Abreu,Registrado
,Sofá,"Abraçadeira nylon 200x2,5mm PT T-18R",0.4468,Av. João Valério,Sala 5,São Geraldo,69053358,Manaus,Amazonas,,,95,IFAM 2022-007 - TELLESCOM.EMBRAPII - STIPARE_INOVA (11419-7/11420-0),Ana Carolina Góes Martins,Luiz Henrique Portela de Abreu,Registrado
,Sofá,"Abraçadeira nylon 200x2,5mm PT T-18R",0.4468,Av. João Valério,Sala 5,São Geraldo,69053358,Manaus,Amazonas,,,95,IFAM 2022-007 - TELLESCOM.EMBRAPII - STIPARE_INOVA (11419-7/11420-0),Ana Carolina Góes Martins,Luiz Henrique Portela de Abreu,Registrado
,Sofá,"Abraçadeira nylon 200x2,5mm PT T-18R",0.4468,Av. João Valério,Sala 5,São Geraldo,69053358,Manaus,Amazonas,,,95,IFAM 2022-007 - TELLESCOM.EMBRAPII - STIPARE_INOVA (11419-7/11420-0),Ana Carolina Góes Martins,Luiz Henrique Portela de Abreu,Registrado
,Sofá,"Abraçadeira nylon 200x2,5mm PT T-18R",0.4468,Av. João Valério,Sala 5,São Geraldo,69053358,Manaus,Amazonas,,,95,IFAM 2022-007 - TELLESCOM.EMBRAPII - STIPARE_INOVA (11419-7/11420-0),Ana Carolina Góes Martins,Luiz Henrique Portela de Abreu,Registrado
,Sofá,"Abraçadeira nylon 200x2,5mm PT T-18R",0.4468,Av. João Valério,Sala 5,São Geraldo,69053358,Manaus,Amazonas,,,95,IFAM 2022-007 - TELLESCOM.EMBRAPII - STIPARE_INOVA (11419-7/11420-0),Ana Carolina Góes Martins,Luiz Henrique Portela de Abreu,Registrado
,Sofá,"Abraçadeira nylon 200x2,5mm PT T-18R",0.4468,Av. João Valério,Sala 5,São Geraldo,69053358,Manaus,Amazonas,,,95,IFAM 2022-007 - TELLESCOM.EMBRAPII - STIPARE_INOVA (11419-7/11420-0),Ana Carolina Góes Martins,Luiz Henrique Portela de Abreu,Registrado
,Sofá,"Abraçadeira nylon 200x2,5mm PT T-18R",0.4468,Av. João Valério,Sala 5,São Geraldo,69053358,Manaus,Amazonas,,,95,IFAM 2022-007 - TELLESCOM.EMBRAPII - STIPARE_INOVA (11419-7/11420-0),Ana Carolina Góes Martins,Luiz Henrique Portela de Abreu,Registrado
,Sofá,"Abraçadeira nylon 200x2,5mm PT T-18R",0.4468,Av. João Valério,Sala 5,São Geraldo,69053358,Manaus,Amazonas,,,95,IFAM 2022-007 - TELLESCOM.EMBRAPII - STIPARE_INOVA (11419-7/11420-0),Ana Carolina Góes Martins,Luiz Henrique Portela de Abreu,Registrado
,Sofá,"Abraçadeira nylon 200x2,5mm PT T-18R",0.4468,Av. João Valério,Sala 5,São Geraldo,69053358,Manaus,Amazonas,,,95,IFAM 2022-007 - TELLESCOM.EMBRAPII - STIPARE_INOVA (11419-7/11420-0),Ana Carolina Góes Martins,Luiz Henrique Portela de Abreu,Registrado
,Sofá,"Abraçadeira nylon 200x2,5mm PT T-18R",0.4468,Av. João Valério,Sala 5,São Geraldo,69053358,Manaus,Amazonas,,,95,IFAM 2022-007 - TELLESCOM.EMBRAPII - STIPARE_INOVA (11419-7/11420-0),Ana Carolina Góes Martins,Luiz Henrique Portela de Abreu,Registrado
,Sofá,"Abraçadeira nylon 200x2,5mm PT T-18R",0.4468,Av. João Valério,Sala 5,São Geraldo,69053358,Manaus,Amazonas,,,95,IFAM 2022-007 - TELLESCOM.EMBRAPII - STIPARE_INOVA (11419-7/11420-0),Ana Carolina Góes Martins,Luiz Henrique Portela de Abreu,Registrado
,Sofá,"Abraçadeira nylon 200x2,5mm PT T-18R",0.4468,Av. João Valério,Sala 5,São Geraldo,69053358,Manaus,Amazonas,,,95,IFAM 2022-007 - TELLESCOM.EMBRAPII - STIPARE_INOVA (11419-7/11420-0),Ana Carolina Góes Martins,Luiz Henrique Portela de Abreu,Registrado
,Sofá,"Abraçadeira nylon 200x2,5mm PT T-18R",0.4468,Av. João Valério,Sala 5,São Geraldo,69053358,Manaus,Amazonas,,,95,IFAM 2022-007 - TELLESCOM.EMBRAPII - STIPARE_INOVA (11419-7/11420-0),Ana Carolina Góes Martins,Luiz Henrique Portela de Abreu,Registrado
,Sofá,"Abraçadeira nylon 200x2,5mm PT T-18R",0.4468,Av. João Valério,Sala 5,São Geraldo,69053358,Manaus,Amazonas,,,95,IFAM 2022-007 - TELLESCOM.EMBRAPII - STIPARE_INOVA (11419-7/11420-0),Ana Carolina Góes Martins,Luiz Henrique Portela de Abreu,Registrado
,Sofá,"Abraçadeira nylon 200x2,5mm PT T-18R",0.4468,Av. João Valério,Sala 5,São Geraldo,69053358,Manaus,Amazonas,,,95,IFAM 2022-007 - TELLESCOM.EMBRAPII - STIPARE_INOVA (11419-7/11420-0),Ana Carolina Góes Martins,Luiz Henrique Portela de Abreu,Registrado
,Sofá,"Abraçadeira nylon 200x2,5mm PT T-18R",0.4468,Av. João Valério,Sala 5,São Geraldo,69053358,Manaus,Amazonas,,,95,IFAM 2022-007 - TELLESCOM.EMBRAPII - STIPARE_INOVA (11419-7/11420-0),Ana Carolina Góes Martins,Luiz Henrique Portela de Abreu,Registrado
,Sofá,"Abraçadeira nylon 200x2,5mm PT T-18R",0.4468,Av. João Valério,Sala 5,São Geraldo,69053358,Manaus,Amazonas,,,95,IFAM 2022-007 - TELLESCOM.EMBRAPII - STIPARE_INOVA (11419-7/11420-0),Ana Carolina Góes Martins,Luiz Henrique Portela de Abreu,Registrado
,Sofá,"Abraçadeira nylon 200x2,5mm PT T-18R",0.4468,Av. João Valério,Sala 5,São Geraldo,69053358,Manaus,Amazonas,,,95,IFAM 2022-007 - TELLESCOM.EMBRAPII - STIPARE_INOVA (11419-7/11420-0),Ana Carolina Góes Martins,Luiz Henrique Portela de Abreu,Registrado
,Sofá,"Abraçadeira nylon 200x2,5mm PT T-18R",0.4468,Av. João Valério,Sala 5,São Geraldo,69053358,Manaus,Amazonas,,,95,IFAM 2022-007 - TELLESCOM.EMBRAPII - STIPARE_INOVA (11419-7/11420-0),Ana Carolina Góes Martins,Luiz Henrique Portela de Abreu,Registrado
,Sofá,"Abraçadeira nylon 200x2,5mm PT T-18R",0.4468,Av. João Valério,Sala 5,São Geraldo,69053358,Manaus,Amazonas,,,95,IFAM 2022-007 - TELLESCOM.EMBRAPII - STIPARE_INOVA (11419-7/11420-0),Ana Carolina Góes Martins,Luiz Henrique Portela de Abreu,Registrado
,Sofá,"Abraçadeira nylon 200x2,5mm PT T-18R",0.4468,Av. João Valério,Sala 5,São Geraldo,69053358,Manaus,Amazonas,,,95,IFAM 2022-007 - TELLESCOM.EMBRAPII - STIPARE_INOVA (11419-7/11420-0),Ana Carolina Góes Martins,Luiz Henrique Portela de Abreu,Registrado
,Sofá,"Abraçadeira nylon 200x2,5mm PT T-18R",0.4468,Av. João Valério,Sala 5,São Geraldo,69053358,Manaus,Amazonas,,,95,IFAM 2022-007 - TELLESCOM.EMBRAPII - STIPARE_INOVA (11419-7/11420-0),Ana Carolina Góes Martins,Luiz Henrique Portela de Abreu,Registrado
,Sofá,"Abraçadeira nylon 200x2,5mm PT T-18R",0.4468,Av. João Valério,Sala 5,São Geraldo,69053358,Manaus,Amazonas,,,95,IFAM 2022-007 - TELLESCOM.EMBRAPII - STIPARE_INOVA (11419-7/11420-0),Ana Carolina Góes Martins,Luiz Henrique Portela de Abreu,Registrado
,Sofá,"Abraçadeira nylon 200x2,5mm PT T-18R",0.4468,Av. João Valério,Sala 5,São Geraldo,69053358,Manaus,Amazonas,,,95,IFAM 2022-007 - TELLESCOM.EMBRAPII - STIPARE_INOVA (11419-7/11420-0),Ana Carolina Góes Martins,Luiz Henrique Portela de Abreu,Registrado
,Sofá,"Abraçadeira nylon 200x2,5mm PT T-18R",0.4468,Av. João Valério,Sala 5,São Geraldo,69053358,Manaus,Amazonas,,,95,IFAM 2022-007 - TELLESCOM.EMBRAPII - STIPARE_INOVA (11419-7/11420-0),Ana Carolina Góes Martins,Luiz Henrique Portela de Abreu,Registrado
,Sofá,"Abraçadeira nylon 200x2,5mm PT T-18R",0.4468,Av. João Valério,Sala 5,São Geraldo,69053358,Manaus,Amazonas,,,95,IFAM 2022-007 - TELLESCOM.EMBRAPII - STIPARE_INOVA (11419-7/11420-0),Ana Carolina Góes Martins,Luiz Henrique Portela de Abreu,Registrado
,Sofá,"Abraçadeira nylon 200x2,5mm PT T-18R",0.4468,Av. João Valério,Sala 5,São Geraldo,69053358,Manaus,Amazonas,,,95,IFAM 2022-007 - TELLESCOM.EMBRAPII - STIPARE_INOVA (11419-7/11420-0),Ana Carolina Góes Martins,Luiz Henrique Portela de Abreu,Registrado
,Sofá,"Abraçadeira nylon 200x2,5mm PT T-18R",0.4468,Av. João Valério,Sala 5,São Geraldo,69053358,Manaus,Amazonas,,,95,IFAM 2022-007 - TELLESCOM.EMBRAPII - STIPARE_INOVA (11419-7/11420-0),Ana Carolina Góes Martins,Luiz Henrique Portela de Abreu,Registrado
,Sofá,"Abraçadeira nylon 200x2,5mm PT T-18R",0.4468,Av. João Valério,Sala 5,São Geraldo,69053358,Manaus,Amazonas,,,95,IFAM 2022-007 - TELLESCOM.EMBRAPII - STIPARE_INOVA (11419-7/11420-0),Ana Carolina Góes Martins,Luiz Henrique Portela de Abreu,Registrado
,Sofá,"Abraçadeira nylon 200x2,5mm PT T-18R",0.4468,Av. João Valério,Sala 5,São Geraldo,69053358,Manaus,Amazonas,,,95,IFAM 2022-007 - TELLESCOM.EMBRAPII - STIPARE_INOVA (11419-7/11420-0),Ana Carolina Góes Martins,Luiz Henrique Portela de Abreu,Registrado
,Sofá,"Abraçadeira nylon 200x2,5mm PT T-18R",0.4468,Av. João Valério,Sala 5,São Geraldo,69053358,Manaus,Amazonas,,,95,IFAM 2022-007 - TELLESCOM.EMBRAPII - STIPARE_INOVA (11419-7/11420-0),Ana Carolina Góes Martins,Luiz Henrique Portela de Abreu,Registrado
,Sofá,"Abraçadeira nylon 200x2,5mm PT T-18R",0.4468,Av. João Valério,Sala 5,São Geraldo,69053358,Manaus,Amazonas,,,95,IFAM 2022-007 - TELLESCOM.EMBRAPII - STIPARE_INOVA (11419-7/11420-0),Ana Carolina Góes Martins,Luiz Henrique Portela de Abreu,Registrado
,Sofá,"Abraçadeira nylon 200x2,5mm PT T-18R",0.4468,Av. João Valério,Sala 5,São Geraldo,69053358,Manaus,Amazonas,,,95,IFAM 2022-007 - TELLESCOM.EMBRAPII - STIPARE_INOVA (11419-7/11420-0),Ana Carolina Góes Martins,Luiz Henrique Portela de Abreu,Registrado
,Sofá,"Abraçadeira nylon 200x2,5mm PT T-18R",0.4468,Av. João Valério,Sala 5,São Geraldo,69053358,Manaus,Amazonas,,,95,IFAM 2022-007 - TELLESCOM.EMBRAPII - STIPARE_INOVA (11419-7/11420-0),Ana Carolina Góes Martins,Luiz Henrique Portela de Abreu,Registrado
,Sofá,"Abraçadeira nylon 200x2,5mm PT T-18R",0.4468,Av. João Valério,Sala 5,São Geraldo,69053358,Manaus,Amazonas,,,95,IFAM 2022-007 - TELLESCOM.EMBRAPII - STIPARE_INOVA (11419-7/11420-0),Ana Carolina Góes Martins,Luiz Henrique Portela de Abreu,Registrado
,Sofá,"Abraçadeira nylon 200x2,5mm PT T-18R",0.4468,Av. João Valério,Sala 5,São Geraldo,69053358,Manaus,Amazonas,,,95,IFAM 2022-007 - TELLESCOM.EMBRAPII - STIPARE_INOVA (11419-7/11420-0),Ana Carolina Góes Martins,Luiz Henrique Portela de Abreu,Registrado
,Sofá,"Abraçadeira nylon 200x2,5mm PT T-18R",0.4468,Av. João Valério,Sala 5,São Geraldo,69053358,Manaus,Amazonas,,,95,IFAM 2022-007 - TELLESCOM.EMBRAPII - STIPARE_INOVA (11419-7/11420-0),Ana Carolina Góes Martins,Luiz Henrique Portela de Abreu,Registrado
,Sofá,"Abraçadeira nylon 200x2,5mm PT T-18R",0.4468,Av. João Valério,Sala 5,São Geraldo,69053358,Manaus,Amazonas,,,95,IFAM 2022-007 - TELLESCOM.EMBRAPII - STIPARE_INOVA (11419-7/11420-0),Ana Carolina Góes Martins,Luiz Henrique Portela de Abreu,Registrado
,Sofá,"Abraçadeira nylon 200x2,5mm PT T-18R",0.4468,Av. João Valério,Sala 5,São Geraldo,69053358,Manaus,Amazonas,,,95,IFAM 2022-007 - TELLESCOM.EMBRAPII - STIPARE_INOVA (11419-7/11420-0),Ana Carolina Góes Martins,Luiz Henrique Portela de Abreu,Registrado
,Sofá,"Abraçadeira nylon 200x2,5mm PT T-18R",0.4468,Av. João Valério,Sala 5,São Geraldo,69053358,Manaus,Amazonas,,,95,IFAM 2022-007 - TELLESCOM.EMBRAPII - STIPARE_INOVA (11419-7/11420-0),Ana Carolina Góes Martins,Luiz Henrique Portela de Abreu,Registrado
,Sofá,"Abraçadeira nylon 200x2,5mm PT T-18R",0.4468,Av. João Valério,Sala 5,São Geraldo,69053358,Manaus,Amazonas,,,95,IFAM 2022-007 - TELLESCOM.EMBRAPII - STIPARE_INOVA (11419-7/11420-0),Ana Carolina Góes Martins,Luiz Henrique Portela de Abreu,Registrado
,Sofá,"Abraçadeira nylon 200x2,5mm PT T-18R",0.4468,Av. João Valério,Sala 5,São Geraldo,69053358,Manaus,Amazonas,,,95,IFAM 2022-007 - TELLESCOM.EMBRAPII - STIPARE_INOVA (11419-7/11420-0),Ana Carolina Góes Martins,Luiz Henrique Portela de Abreu,Registrado
,Sofá,"Abraçadeira nylon 200x2,5mm PT T-18R",0.4468,Av. João Valério,Sala 5,São Geraldo,69053358,Manaus,Amazonas,,,95,IFAM 2022-007 - TELLESCOM.EMBRAPII - STIPARE_INOVA (11419-7/11420-0),Ana Carolina Góes Martins,Luiz Henrique Portela de Abreu,Registrado
,Sofá,"Abraçadeira nylon 200x2,5mm PT T-18R",0.4468,Av. João Valério,Sala 5,São Geraldo,69053358,Manaus,Amazonas,,,95,IFAM 2022-007 - TELLESCOM.EMBRAPII - STIPARE_INOVA (11419-7/11420-0),Ana Carolina Góes Martins,Luiz Henrique Portela de Abreu,Registrado
,Sofá,"Abraçadeira nylon 200x2,5mm PT T-18R",0.4468,Av. João Valério,Sala 5,São Geraldo,69053358,Manaus,Amazonas,,,95,IFAM 2022-007 - TELLESCOM.EMBRAPII - STIPARE_INOVA (11419-7/11420-0),Ana Carolina Góes Martins,Luiz Henrique Portela de Abreu,Registrado
,Sofá,"Abraçadeira nylon 200x2,5mm PT T-18R",0.4468,Av. João Valério,Sala 5,São Geraldo,69053358,Manaus,Amazonas,,,95,IFAM 2022-007 - TELLESCOM.EMBRAPII - STIPARE_INOVA (11419-7/11420-0),Ana Carolina Góes Martins,Luiz Henrique Portela de Abreu,Registrado
,Sofá,"Abraçadeira nylon 200x2,5mm PT T-18R",0.4468,Av. João Valério,Sala 5,São Geraldo,69053358,Manaus,Amazonas,,,95,IFAM 2022-007 - TELLESCOM.EMBRAPII - STIPARE_INOVA (11419-7/11420-0),Ana Carolina Góes Martins,Luiz Henrique Portela de Abreu,Registrado
,Sofá,"Abraçadeira nylon 200x2,5mm PT T-18R",0.4468,Av. João Valério,Sala 5,São Geraldo,69053358,Manaus,Amazonas,,,95,IFAM 2022-007 - TELLESCOM.EMBRAPII - STIPARE_INOVA (11419-7/11420-0),Ana Carolina Góes Martins,Luiz Henrique Portela de Abreu,Registrado
,Sofá,"Abraçadeira nylon 200x2,5mm PT T-18R",0.4468,Av. João Valério,Sala 5,São Geraldo,69053358,Manaus,Amazonas,,,95,IFAM 2022-007 - TELLESCOM.EMBRAPII - STIPARE_INOVA (11419-7/11420-0),Ana Carolina Góes Martins,Luiz Henrique Portela de Abreu,Registrado
,Sofá,"Abraçadeira nylon 200x2,5mm PT T-18R",0.4468,Av. João Valério,Sala 5,São Geraldo,69053358,Manaus,Amazonas,,,95,IFAM 2022-007 - TELLESCOM.EMBRAPII - STIPARE_INOVA (11419-7/11420-0),Ana Carolina Góes Martins,Luiz Henrique Portela de Abreu,Registrado
,Sofá,"Abraçadeira nylon 200x2,5mm PT T-18R",0.4468,Av. João Valério,Sala 5,São Geraldo,69053358,Manaus,Amazonas,,,95,IFAM 2022-007 - TELLESCOM.EMBRAPII - STIPARE_INOVA (11419-7/11420-0),Ana Carolina Góes Martins,Luiz Henrique Portela de Abreu,Registrado
,Sofá,"Abraçadeira nylon 200x2,5mm PT T-18R",0.4468,Av. João Valério,Sala 5,São Geraldo,69053358,Manaus,Amazonas,,,95,IFAM 2022-007 - TELLESCOM.EMBRAPII - STIPARE_INOVA (11419-7/11420-0),Ana Carolina Góes Martins,Luiz Henrique Portela de Abreu,Registrado
,Sofá,"Abraçadeira nylon 200x2,5mm PT T-18R",0.4468,Av. João Valério,Sala 5,São Geraldo,69053358,Manaus,Amazonas,,,95,IFAM 2022-007 - TELLESCOM.EMBRAPII - STIPARE_INOVA (11419-7/11420-0),Ana Carolina Góes Martins,Luiz Henrique Portela de Abreu,Registrado
,Sofá,"Abraçadeira nylon 200x2,5mm PT T-18R",0.4468,Av. João Valério,Sala 5,São Geraldo,69053358,Manaus,Amazonas,,,95,IFAM 2022-007 - TELLESCOM.EMBRAPII - STIPARE_INOVA (11419-7/11420-0),Ana Carolina Góes Martins,Luiz Henrique Portela de Abreu,Registrado
,Sofá,"Abraçadeira nylon 200x2,5mm PT T-18R",0.4468,Av. João Valério,Sala 5,São Geraldo,69053358,Manaus,Amazonas,,,95,IFAM 2022-007 - TELLESCOM.EMBRAPII - STIPARE_INOVA (11419-7/11420-0),Ana Carolina Góes Martins,Luiz Henrique Portela de Abreu,Registrado
,Sofá,"Abraçadeira nylon 200x2,5mm PT T-18R",0.4468,Av. João Valério,Sala 5,São Geraldo,69053358,Manaus,Amazonas,,,95,IFAM 2022-007 - TELLESCOM.EMBRAPII - STIPARE_INOVA (11419-7/11420-0),Ana Carolina Góes Martins,Luiz Henrique Portela de Abreu,Registrado
,Sofá,"Abraçadeira nylon 200x2,5mm PT T-18R",0.4468,Av. João Valério,Sala 5,São Geraldo,69053358,Manaus,Amazonas,,,95,IFAM 2022-007 - TELLESCOM.EMBRAPII - STIPARE_INOVA (11419-7/11420-0),Ana Carolina Góes Martins,Luiz Henrique Portela de Abreu,Registrado
,Sofá,"Abraçadeira nylon 200x2,5mm PT T-18R",0.4468,Av. João Valério,Sala 5,São Geraldo,69053358,Manaus,Amazonas,,,95,IFAM 2022-007 - TELLESCOM.EMBRAPII - STIPARE_INOVA (11419-7/11420-0),Ana Carolina Góes Martins,Luiz Henrique Portela de Abreu,Registrado
,Sofá,"Abraçadeira nylon 200x2,5mm PT T-18R",0.4468,Av. João Valério,Sala 5,São Geraldo,69053358,Manaus,Amazonas,,,95,IFAM 2022-007 - TELLESCOM.EMBRAPII - STIPARE_INOVA (11419-7/11420-0),Ana Carolina Góes Martins,Luiz Henrique Portela de Abreu,Registrado
,Sofá,"Abraçadeira nylon 200x2,5mm PT T-18R",0.4468,Av. João Valério,Sala 5,São Geraldo,69053358,Manaus,Amazonas,,,95,IFAM 2022-007 - TELLESCOM.EMBRAPII - STIPARE_INOVA (11419-7/11420-0),Ana Carolina Góes Martins,Luiz Henrique Portela de Abreu,Registrado
,Sofá,"Abraçadeira nylon 200x2,5mm PT T-18R",0.4468,Av. João Valério,Sala 5,São Geraldo,69053358,Manaus,Amazonas,,,95,IFAM 2022-007 - TELLESCOM.EMBRAPII - STIPARE_INOVA (11419-7/11420-0),Ana Carolina Góes Martins,Luiz Henrique Portela de Abreu,Registrado
,Sofá,"Abraçadeira nylon 200x2,5mm PT T-18R",0.4468,Av. João Valério,Sala 5,São Geraldo,69053358,Manaus,Amazonas,,,95,IFAM 2022-007 - TELLESCOM.EMBRAPII - STIPARE_INOVA (11419-7/11420-0),Ana Carolina Góes Martins,Luiz Henrique Portela de Abreu,Registrado
,Sofá,"Abraçadeira nylon 200x2,5mm PT T-18R",0.4468,Av. João Valério,Sala 5,São Geraldo,69053358,Manaus,Amazonas,,,95,IFAM 2022-007 - TELLESCOM.EMBRAPII - STIPARE_INOVA (11419-7/11420-0),Ana Carolina Góes Martins,Luiz Henrique Portela de Abreu,Registrado
,Sofá,"Abraçadeira nylon 200x2,5mm PT T-18R",0.4468,Av. João Valério,Sala 5,São Geraldo,69053358,Manaus,Amazonas,,,95,IFAM 2022-007 - TELLESCOM.EMBRAPII - STIPARE_INOVA (11419-7/11420-0),Ana Carolina Góes Martins,Luiz Henrique Portela de Abreu,Registrado
,Sofá,"Abraçadeira nylon 200x2,5mm PT T-18R",0.4468,Av. João Valério,Sala 5,São Geraldo,69053358,Manaus,Amazonas,,,95,IFAM 2022-007 - TELLESCOM.EMBRAPII - STIPARE_INOVA (11419-7/11420-0),Ana Carolina Góes Martins,Luiz Henrique Portela de Abreu,Registrado
,Sofá,"Abraçadeira nylon 200x2,5mm PT T-18R",0.4468,Av. João Valério,Sala 5,São Geraldo,69053358,Manaus,Amazonas,,,95,IFAM 2022-007 - TELLESCOM.EMBRAPII - STIPARE_INOVA (11419-7/11420-0),Ana Carolina Góes Martins,Luiz Henrique Portela de Abreu,Registrado
,Sofá,"Abraçadeira nylon 200x2,5mm PT T-18R",0.4468,Av. João Valério,Sala 5,São Geraldo,69053358,Manaus,Amazonas,,,95,IFAM 2022-007 - TELLESCOM.EMBRAPII - STIPARE_INOVA (11419-7/11420-0),Ana Carolina Góes Martins,Luiz Henrique Portela de Abreu,Registrado
,Sofá,"Abraçadeira nylon 200x2,5mm PT T-18R",0.4468,Av. João Valério,Sala 5,São Geraldo,69053358,Manaus,Amazonas,,,95,IFAM 2022-007 - TELLESCOM.EMBRAPII - STIPARE_INOVA (11419-7/11420-0),Ana Carolina Góes Martins,Luiz Henrique Portela de Abreu,Registrado
,Sofá,"Abraçadeira nylon 200x2,5mm PT T-18R",0.4468,Av. João Valério,Sala 5,São Geraldo,69053358,Manaus,Amazonas,,,95,IFAM 2022-007 - TELLESCOM.EMBRAPII - STIPARE_INOVA (11419-7/11420-0),Ana Carolina Góes Martins,Luiz Henrique Portela de Abreu,Registrado
,Sofá,"Abraçadeira nylon 200x2,5mm PT T-18R",0.4468,Av. João Valério,Sala 5,São Geraldo,69053358,Manaus,Amazonas,,,95,IFAM 2022-007 - TELLESCOM.EMBRAPII - STIPARE_INOVA (11419-7/11420-0),Ana Carolina Góes Martins,Luiz Henrique Portela de Abreu,Registrado
,Sofá,"Abraçadeira nylon 200x2,5mm PT T-18R",0.4468,Av. João Valério,Sala 5,São Geraldo,69053358,Manaus,Amazonas,,,95,IFAM 2022-007 - TELLESCOM.EMBRAPII - STIPARE_INOVA (11419-7/11420-0),Ana Carolina Góes Martins,Luiz Henrique Portela de Abreu,Registrado
,Sofá,"Abraçadeira nylon 200x2,5mm PT T-18R",0.4468,Av. João Valério,Sala 5,São Geraldo,69053358,Manaus,Amazonas,,,95,IFAM 2022-007 - TELLESCOM.EMBRAPII - STIPARE_INOVA (11419-7/11420-0),Ana Carolina Góes Martins,Luiz Henrique Portela de Abreu,Registrado
,Sofá,"Abraçadeira nylon 200x2,5mm PT T-18R",0.4468,Av. João Valério,Sala 5,São Geraldo,69053358,Manaus,Amazonas,,,95,IFAM 2022-007 - TELLESCOM.EMBRAPII - STIPARE_INOVA (11419-7/11420-0),Ana Carolina Góes Martins,Luiz Henrique Portela de Abreu,Registrado
,Sofá,"Abraçadeira nylon 200x2,5mm PT T-18R",0.4468,Av. João Valério,Sala 5,São Geraldo,69053358,Manaus,Amazonas,,,95,IFAM 2022-007 - TELLESCOM.EMBRAPII - STIPARE_INOVA (11419-7/11420-0),Ana Carolina Góes Martins,Luiz Henrique Portela de Abreu,Registrado
,Sofá,"Abraçadeira nylon 200x2,5mm PT T-18R",0.4468,Av. João Valério,Sala 5,São Geraldo,69053358,Manaus,Amazonas,,,95,IFAM 2022-007 - TELLESCOM.EMBRAPII - STIPARE_INOVA (11419-7/11420-0),Ana Carolina Góes Martins,Luiz Henrique Portela de Abreu,Registrado
,Sofá,"Abraçadeira nylon 200x2,5mm PT T-18R",0.4468,Av. João Valério,Sala 5,São Geraldo,69053358,Manaus,Amazonas,,,95,IFAM 2022-007 - TELLESCOM.EMBRAPII - STIPARE_INOVA (11419-7/11420-0),Ana Carolina Góes Martins,Luiz Henrique Portela de Abreu,Registrado
,Sofá,"Abraçadeira nylon 200x2,5mm PT T-18R",0.4468,Av. João Valério,Sala 5,São Geraldo,69053358,Manaus,Amazonas,,,95,IFAM 2022-007 - TELLESCOM.EMBRAPII - STIPARE_INOVA (11419-7/11420-0),Ana Carolina Góes Martins,Luiz Henrique Portela de Abreu,Registrado
,Sofá,"Abraçadeira nylon 200x2,5mm PT T-18R",0.4468,Av. João Valério,Sala 5,São Geraldo,69053358,Manaus,Amazonas,,,95,IFAM 2022-007 - TELLESCOM.EMBRAPII - STIPARE_INOVA (11419-7/11420-0),Ana Carolina Góes Martins,Luiz Henrique Portela de Abreu,Registrado
,Sofá,"Abraçadeira nylon 200x2,5mm PT T-18R",0.4468,Av. João Valério,Sala 5,São Geraldo,69053358,Manaus,Amazonas,,,95,IFAM 2022-007 - TELLESCOM.EMBRAPII - STIPARE_INOVA (11419-7/11420-0),Ana Carolina Góes Martins,Luiz Henrique Portela de Abreu,Registrado
,Sofá,"Abraçadeira nylon 200x2,5mm PT T-18R",0.4468,Av. João Valério,Sala 5,São Geraldo,69053358,Manaus,Amazonas,,,95,IFAM 2022-007 - TELLESCOM.EMBRAPII - STIPARE_INOVA (11419-7/11420-0),Ana Carolina Góes Martins,Luiz Henrique Portela de Abreu,Registrado
,Sofá,"Abraçadeira nylon 200x2,5mm PT T-18R",0.4468,Av. João Valério,Sala 5,São Geraldo,69053358,Manaus,Amazonas,,,95,IFAM 2022-007 - TELLESCOM.EMBRAPII - STIPARE_INOVA (11419-7/11420-0),Ana Carolina Góes Martins,Luiz Henrique Portela de Abreu,Registrado
,Sofá,"Abraçadeira nylon 200x2,5mm PT T-18R",0.4468,Av. João Valério,Sala 5,São Geraldo,69053358,Manaus,Amazonas,,,95,IFAM 2022-007 - TELLESCOM.EMBRAPII - STIPARE_INOVA (11419-7/11420-0),Ana Carolina Góes Martins,Luiz Henrique Portela de Abreu,Registrado
,Sofá,"Abraçadeira nylon 200x2,5mm PT T-18R",0.4468,Av. João Valério,Sala 5,São Geraldo,69053358,Manaus,Amazonas,,,95,IFAM 2022-007 - TELLESCOM.EMBRAPII - STIPARE_INOVA (11419-7/11420-0),Ana Carolina Góes Martins,Luiz Henrique Portela de Abreu,Registrado
,Sofá,"Abraçadeira nylon 200x2,5mm PT T-18R",0.4468,Av. João Valério,Sala 5,São Geraldo,69053358,Manaus,Amazonas,,,95,IFAM 2022-007 - TELLESCOM.EMBRAPII - STIPARE_INOVA (11419-7/11420-0),Ana Carolina Góes Martins,Luiz Henrique Portela de Abreu,Registrado
,Sofá,"Abraçadeira nylon 200x2,5mm PT T-18R",0.4468,Av. João Valério,Sala 5,São Geraldo,69053358,Manaus,Amazonas,,,95,IFAM 2022-007 - TELLESCOM.EMBRAPII - STIPARE_INOVA (11419-7/11420-0),Ana Carolina Góes Martins,Luiz Henrique Portela de Abreu,Registrado
,Sofá,"Abraçadeira nylon 200x2,5mm PT T-18R",0.4468,Av. João Valério,Sala 5,São Geraldo,69053358,Manaus,Amazonas,,,95,IFAM 2022-007 - TELLESCOM.EMBRAPII - STIPARE_INOVA (11419-7/11420-0),Ana Carolina Góes Martins,Luiz Henrique Portela de Abreu,Registrado
,Sofá,"Abraçadeira nylon 200x2,5mm PT T-18R",0.4468,Av. João Valério,Sala 5,São Geraldo,69053358,Manaus,Amazonas,,,95,IFAM 2022-007 - TELLESCOM.EMBRAPII - STIPARE_INOVA (11419-7/11420-0),Ana Carolina Góes Martins,Luiz Henrique Portela de Abreu,Registrado
,Sofá,"Abraçadeira nylon 200x2,5mm PT T-18R",0.4468,Av. João Valério,Sala 5,São Geraldo,69053358,Manaus,Amazonas,,,95,IFAM 2022-007 - TELLESCOM.EMBRAPII - STIPARE_INOVA (11419-7/11420-0),Ana Carolina Góes Martins,Luiz Henrique Portela de Abreu,Registrado
,Sofá,"Abraçadeira nylon 200x2,5mm PT T-18R",0.4468,Av. João Valério,Sala 5,São Geraldo,69053358,Manaus,Amazonas,,,95,IFAM 2022-007 - TELLESCOM.EMBRAPII - STIPARE_INOVA (11419-7/11420-0),Ana Carolina Góes Martins,Luiz Henrique Portela de Abreu,Registrado
,Sofá,"Abraçadeira nylon 200x2,5mm PT T-18R",0.4468,Av. João Valério,Sala 5,São Geraldo,69053358,Manaus,Amazonas,,,95,IFAM 2022-007 - TELLESCOM.EMBRAPII - STIPARE_INOVA (11419-7/11420-0),Ana Carolina Góes Martins,Luiz Henrique Portela de Abreu,Registrado
,Sofá,"Abraçadeira nylon 200x2,5mm PT T-18R",0.4468,Av. João Valério,Sala 5,São Geraldo,69053358,Manaus,Amazonas,,,95,IFAM 2022-007 - TELLESCOM.EMBRAPII - STIPARE_INOVA (11419-7/11420-0),Ana Carolina Góes Martins,Luiz Henrique Portela de Abreu,Registrado
,Sofá,"Abraçadeira nylon 200x2,5mm PT T-18R",0.4468,Av. João Valério,Sala 5,São Geraldo,69053358,Manaus,Amazonas,,,95,IFAM 2022-007 - TELLESCOM.EMBRAPII - STIPARE_INOVA (11419-7/11420-0),Ana Carolina Góes Martins,Luiz Henrique Portela de Abreu,Registrado
,Sofá,"Abraçadeira nylon 200x2,5mm PT T-18R",0.4468,Av. João Valério,Sala 5,São Geraldo,69053358,Manaus,Amazonas,,,95,IFAM 2022-007 - TELLESCOM.EMBRAPII - STIPARE_INOVA (11419-7/11420-0),Ana Carolina Góes Martins,Luiz Henrique Portela de Abreu,Registrado
,Sofá,"Abraçadeira nylon 200x2,5mm PT T-18R",0.4468,Av. João Valério,Sala 5,São Geraldo,69053358,Manaus,Amazonas,,,95,IFAM 2022-007 - TELLESCOM.EMBRAPII - STIPARE_INOVA (11419-7/11420-0),Ana Carolina Góes Martins,Luiz Henrique Portela de Abreu,Registrado
,Sofá,"Abraçadeira nylon 200x2,5mm PT T-18R",0.4468,Av. João Valério,Sala 5,São Geraldo,69053358,Manaus,Amazonas,,,95,IFAM 2022-007 - TELLESCOM.EMBRAPII - STIPARE_INOVA (11419-7/11420-0),Ana Carolina Góes Martins,Luiz Henrique Portela de Abreu,Registrado
,Sofá,"Abraçadeira nylon 200x2,5mm PT T-18R",0.4468,Av. João Valério,Sala 5,São Geraldo,69053358,Manaus,Amazonas,,,95,IFAM 2022-007 - TELLESCOM.EMBRAPII - STIPARE_INOVA (11419-7/11420-0),Ana Carolina Góes Martins,Luiz Henrique Portela de Abreu,Registrado
,Sofá,"Abraçadeira nylon 200x2,5mm PT T-18R",0.4468,Av. João Valério,Sala 5,São Geraldo,69053358,Manaus,Amazonas,,,95,IFAM 2022-007 - TELLESCOM.EMBRAPII - STIPARE_INOVA (11419-7/11420-0),Ana Carolina Góes Martins,Luiz Henrique Portela de Abreu,Registrado
,Sofá,"Abraçadeira nylon 200x2,5mm PT T-18R",0.4468,Av. João Valério,Sala 5,São Geraldo,69053358,Manaus,Amazonas,,,95,IFAM 2022-007 - TELLESCOM.EMBRAPII - STIPARE_INOVA (11419-7/11420-0),Ana Carolina Góes Martins,Luiz Henrique Portela de Abreu,Registrado
,Sofá,"Abraçadeira nylon 200x2,5mm PT T-18R",0.4468,Av. João Valério,Sala 5,São Geraldo,69053358,Manaus,Amazonas,,,95,IFAM 2022-007 - TELLESCOM.EMBRAPII - STIPARE_INOVA (11419-7/11420-0),Ana Carolina Góes Martins,Luiz Henrique Portela de Abreu,Registrado
,Sofá,"Abraçadeira nylon 200x2,5mm PT T-18R",0.4468,Av. João Valério,Sala 5,São Geraldo,69053358,Manaus,Amazonas,,,95,IFAM 2022-007 - TELLESCOM.EMBRAPII - STIPARE_INOVA (11419-7/11420-0),Ana Carolina Góes Martins,Luiz Henrique Portela de Abreu,Registrado
,Sofá,"Abraçadeira nylon 200x2,5mm PT T-18R",0.4468,Av. João Valério,Sala 5,São Geraldo,69053358,Manaus,Amazonas,,,95,IFAM 2022-007 - TELLESCOM.EMBRAPII - STIPARE_INOVA (11419-7/11420-0),Ana Carolina Góes Martins,Luiz Henrique Portela de Abreu,Registrado
,Sofá,"Abraçadeira nylon 200x2,5mm PT T-18R",0.4468,Av. João Valério,Sala 5,São Geraldo,69053358,Manaus,Amazonas,,,95,IFAM 2022-007 - TELLESCOM.EMBRAPII - STIPARE_INOVA (11419-7/11420-0),Ana Carolina Góes Martins,Luiz Henrique Portela de Abreu,Registrado
,Sofá,"Abraçadeira nylon 200x2,5mm PT T-18R",0.4468,Av. João Valério,Sala 5,São Geraldo,69053358,Manaus,Amazonas,,,95,IFAM 2022-007 - TELLESCOM.EMBRAPII - STIPARE_INOVA (11419-7/11420-0),Ana Carolina Góes Martins,Luiz Henrique Portela de Abreu,Registrado
,Sofá,"Abraçadeira nylon 200x2,5mm PT T-18R",0.4468,Av. João Valério,Sala 5,São Geraldo,69053358,Manaus,Amazonas,,,95,IFAM 2022-007 - TELLESCOM.EMBRAPII - STIPARE_INOVA (11419-7/11420-0),Ana Carolina Góes Martins,Luiz Henrique Portela de Abreu,Registrado
,Sofá,"Abraçadeira nylon 200x2,5mm PT T-18R",0.4468,Av. João Valério,Sala 5,São Geraldo,69053358,Manaus,Amazonas,,,95,IFAM 2022-007 - TELLESCOM.EMBRAPII - STIPARE_INOVA (11419-7/11420-0),Ana Carolina Góes Martins,Luiz Henrique Portela de Abreu,Registrado
,Sofá,"Abraçadeira nylon 200x2,5mm PT T-18R",0.4468,Av. João Valério,Sala 5,São Geraldo,69053358,Manaus,Amazonas,,,95,IFAM 2022-007 - TELLESCOM.EMBRAPII - STIPARE_INOVA (11419-7/11420-0),Ana Carolina Góes Martins,Luiz Henrique Portela de Abreu,Registrado
,Sofá,"Abraçadeira nylon 200x2,5mm PT T-18R",0.4468,Av. João Valério,Sala 5,São Geraldo,69053358,Manaus,Amazonas,,,95,IFAM 2022-007 - TELLESCOM.EMBRAPII - STIPARE_INOVA (11419-7/11420-0),Ana Carolina Góes Martins,Luiz Henrique Portela de Abreu,Registrado
,Sofá,"Abraçadeira nylon 200x2,5mm PT T-18R",0.4468,Av. João Valério,Sala 5,São Geraldo,69053358,Manaus,Amazonas,,,95,IFAM 2022-007 - TELLESCOM.EMBRAPII - STIPARE_INOVA (11419-7/11420-0),Ana Carolina Góes Martins,Luiz Henrique Portela de Abreu,Registrado
,Sofá,"Abraçadeira nylon 200x2,5mm PT T-18R",0.4468,Av. João Valério,Sala 5,São Geraldo,69053358,Manaus,Amazonas,,,95,IFAM 2022-007 - TELLESCOM.EMBRAPII - STIPARE_INOVA (11419-7/11420-0),Ana Carolina Góes Martins,Luiz Henrique Portela de Abreu,Registrado
,Sofá,"Abraçadeira nylon 200x2,5mm PT T-18R",0.4468,Av. João Valério,Sala 5,São Geraldo,69053358,Manaus,Amazonas,,,95,IFAM 2022-007 - TELLESCOM.EMBRAPII - STIPARE_INOVA (11419-7/11420-0),Ana Carolina Góes Martins,Luiz Henrique Portela de Abreu,Registrado
,Sofá,"Abraçadeira nylon 200x2,5mm PT T-18R",0.4468,Av. João Valério,Sala 5,São Geraldo,69053358,Manaus,Amazonas,,,95,IFAM 2022-007 - TELLESCOM.EMBRAPII - STIPARE_INOVA (11419-7/11420-0),Ana Carolina Góes Martins,Luiz Henrique Portela de Abreu,Registrado
,Sofá,"Abraçadeira nylon 200x2,5mm PT T-18R",0.4468,Av. João Valério,Sala 5,São Geraldo,69053358,Manaus,Amazonas,,,95,IFAM 2022-007 - TELLESCOM.EMBRAPII - STIPARE_INOVA (11419-7/11420-0),Ana Carolina Góes Martins,Luiz Henrique Portela de Abreu,Registrado
,Sofá,"Abraçadeira nylon 200x2,5mm PT T-18R",0.4468,Av. João Valério,Sala 5,São Geraldo,69053358,Manaus,Amazonas,,,95,IFAM 2022-007 - TELLESCOM.EMBRAPII - STIPARE_INOVA (11419-7/11420-0),Ana Carolina Góes Martins,Luiz Henrique Portela de Abreu,Registrado
,Sofá,"Abraçadeira nylon 200x2,5mm PT T-18R",0.4468,Av. João Valério,Sala 5,São Geraldo,69053358,Manaus,Amazonas,,,95,IFAM 2022-007 - TELLESCOM.EMBRAPII - STIPARE_INOVA (11419-7/11420-0),Ana Carolina Góes Martins,Luiz Henrique Portela de Abreu,Registrado
,Sofá,"Abraçadeira nylon 200x2,5mm PT T-18R",0.4468,Av. João Valério,Sala 5,São Geraldo,69053358,Manaus,Amazonas,,,95,IFAM 2022-007 - TELLESCOM.EMBRAPII - STIPARE_INOVA (11419-7/11420-0),Ana Carolina Góes Martins,Luiz Henrique Portela de Abreu,Registrado
,Sofá,"Abraçadeira nylon 200x2,5mm PT T-18R",0.4468,Av. João Valério,Sala 5,São Geraldo,69053358,Manaus,Amazonas,,,95,IFAM 2022-007 - TELLESCOM.EMBRAPII - STIPARE_INOVA (11419-7/11420-0),Ana Carolina Góes Martins,Luiz Henrique Portela de Abreu,Registrado
,Sofá,"Abraçadeira nylon 200x2,5mm PT T-18R",0.4468,Av. João Valério,Sala 5,São Geraldo,69053358,Manaus,Amazonas,,,95,IFAM 2022-007 - TELLESCOM.EMBRAPII - STIPARE_INOVA (11419-7/11420-0),Ana Carolina Góes Martins,Luiz Henrique Portela de Abreu,Registrado
,Sofá,"Abraçadeira nylon 200x2,5mm PT T-18R",0.4468,Av. João Valério,Sala 5,São Geraldo,69053358,Manaus,Amazonas,,,95,IFAM 2022-007 - TELLESCOM.EMBRAPII - STIPARE_INOVA (11419-7/11420-0),Ana Carolina Góes Martins,Luiz Henrique Portela de Abreu,Registrado
,Sofá,"Abraçadeira nylon 200x2,5mm PT T-18R",0.4468,Av. João Valério,Sala 5,São Geraldo,69053358,Manaus,Amazonas,,,95,IFAM 2022-007 - TELLESCOM.EMBRAPII - STIPARE_INOVA (11419-7/11420-0),Ana Carolina Góes Martins,Luiz Henrique Portela de Abreu,Registrado
,Sofá,"Abraçadeira nylon 200x2,5mm PT T-18R",0.4468,Av. João Valério,Sala 5,São Geraldo,69053358,Manaus,Amazonas,,,95,IFAM 2022-007 - TELLESCOM.EMBRAPII - STIPARE_INOVA (11419-7/11420-0),Ana Carolina Góes Martins,Luiz Henrique Portela de Abreu,Registrado
,Sofá,"Abraçadeira nylon 200x2,5mm PT T-18R",0.4468,Av. João Valério,Sala 5,São Geraldo,69053358,Manaus,Amazonas,,,95,IFAM 2022-007 - TELLESCOM.EMBRAPII - STIPARE_INOVA (11419-7/11420-0),Ana Carolina Góes Martins,Luiz Henrique Portela de Abreu,Registrado
,Sofá,"Abraçadeira nylon 200x2,5mm PT T-18R",0.4468,Av. João Valério,Sala 5,São Geraldo,69053358,Manaus,Amazonas,,,95,IFAM 2022-007 - TELLESCOM.EMBRAPII - STIPARE_INOVA (11419-7/11420-0),Ana Carolina Góes Martins,Luiz Henrique Portela de Abreu,Registrado
,Sofá,"Abraçadeira nylon 200x2,5mm PT T-18R",0.4468,Av. João Valério,Sala 5,São Geraldo,69053358,Manaus,Amazonas,,,95,IFAM 2022-007 - TELLESCOM.EMBRAPII - STIPARE_INOVA (11419-7/11420-0),Ana Carolina Góes Martins,Luiz Henrique Portela de Abreu,Registrado
,Sofá,"Abraçadeira nylon 200x2,5mm PT T-18R",0.4468,Av. João Valério,Sala 5,São Geraldo,69053358,Manaus,Amazonas,,,95,IFAM 2022-007 - TELLESCOM.EMBRAPII - STIPARE_INOVA (11419-7/11420-0),Ana Carolina Góes Martins,Luiz Henrique Portela de Abreu,Registrado
,Sofá,"Abraçadeira nylon 200x2,5mm PT T-18R",0.4468,Av. João Valério,Sala 5,São Geraldo,69053358,Manaus,Amazonas,,,95,IFAM 2022-007 - TELLESCOM.EMBRAPII - STIPARE_INOVA (11419-7/11420-0),Ana Carolina Góes Martins,Luiz Henrique Portela de Abreu,Registrado
,Sofá,"Abraçadeira nylon 200x2,5mm PT T-18R",0.4468,Av. João Valério,Sala 5,São Geraldo,69053358,Manaus,Amazonas,,,95,IFAM 2022-007 - TELLESCOM.EMBRAPII - STIPARE_INOVA (11419-7/11420-0),Ana Carolina Góes Martins,Luiz Henrique Portela de Abreu,Registrado
,Sofá,"Abraçadeira nylon 200x2,5mm PT T-18R",0.4468,Av. João Valério,Sala 5,São Geraldo,69053358,Manaus,Amazonas,,,95,IFAM 2022-007 - TELLESCOM.EMBRAPII - STIPARE_INOVA (11419-7/11420-0),Ana Carolina Góes Martins,Luiz Henrique Portela de Abreu,Registrado
,Sofá,"Abraçadeira nylon 200x2,5mm PT T-18R",0.4468,Av. João Valério,Sala 5,São Geraldo,69053358,Manaus,Amazonas,,,95,IFAM 2022-007 - TELLESCOM.EMBRAPII - STIPARE_INOVA (11419-7/11420-0),Ana Carolina Góes Martins,Luiz Henrique Portela de Abreu,Registrado
,Sofá,"Abraçadeira nylon 200x2,5mm PT T-18R",0.4468,Av. João Valério,Sala 5,São Geraldo,69053358,Manaus,Amazonas,,,95,IFAM 2022-007 - TELLESCOM.EMBRAPII - STIPARE_INOVA (11419-7/11420-0),Ana Carolina Góes Martins,Luiz Henrique Portela de Abreu,Registrado
,Sofá,"Abraçadeira nylon 200x2,5mm PT T-18R",0.4468,Av. João Valério,Sala 5,São Geraldo,69053358,Manaus,Amazonas,,,95,IFAM 2022-007 - TELLESCOM.EMBRAPII - STIPARE_INOVA (11419-7/11420-0),Ana Carolina Góes Martins,Luiz Henrique Portela de Abreu,Registrado
,Sofá,"Abraçadeira nylon 200x2,5mm PT T-18R",0.4468,Av. João Valério,Sala 5,São Geraldo,69053358,Manaus,Amazonas,,,95,IFAM 2022-007 - TELLESCOM.EMBRAPII - STIPARE_INOVA (11419-7/11420-0),Ana Carolina Góes Martins,Luiz Henrique Portela de Abreu,Registrado
,Sofá,"Abraçadeira nylon 200x2,5mm PT T-18R",0.4468,Av. João Valério,Sala 5,São Geraldo,69053358,Manaus,Amazonas,,,95,IFAM 2022-007 - TELLESCOM.EMBRAPII - STIPARE_INOVA (11419-7/11420-0),Ana Carolina Góes Martins,Luiz Henrique Portela de Abreu,Registrado
,Sofá,"Abraçadeira nylon 200x2,5mm PT T-18R",0.4468,Av. João Valério,Sala 5,São Geraldo,69053358,Manaus,Amazonas,,,95,IFAM 2022-007 - TELLESCOM.EMBRAPII - STIPARE_INOVA (11419-7/11420-0),Ana Carolina Góes Martins,Luiz Henrique Portela de Abreu,Registrado
,Sofá,"Abraçadeira nylon 200x2,5mm PT T-18R",0.4468,Av. João Valério,Sala 5,São Geraldo,69053358,Manaus,Amazonas,,,95,IFAM 2022-007 - TELLESCOM.EMBRAPII - STIPARE_INOVA (11419-7/11420-0),Ana Carolina Góes Martins,Luiz Henrique Portela de Abreu,Registrado
,Sofá,"Abraçadeira nylon 200x2,5mm PT T-18R",0.4468,Av. João Valério,Sala 5,São Geraldo,69053358,Manaus,Amazonas,,,95,IFAM 2022-007 - TELLESCOM.EMBRAPII - STIPARE_INOVA (11419-7/11420-0),Ana Carolina Góes Martins,Luiz Henrique Portela de Abreu,Registrado
,Sofá,"Abraçadeira nylon 200x2,5mm PT T-18R",0.4468,Av. João Valério,Sala 5,São Geraldo,69053358,Manaus,Amazonas,,,95,IFAM 2022-007 - TELLESCOM.EMBRAPII - STIPARE_INOVA (11419-7/11420-0),Ana Carolina Góes Martins,Luiz Henrique Portela de Abreu,Registrado
,Sofá,"Abraçadeira nylon 200x2,5mm PT T-18R",0.4468,Av. João Valério,Sala 5,São Geraldo,69053358,Manaus,Amazonas,,,95,IFAM 2022-007 - TELLESCOM.EMBRAPII - STIPARE_INOVA (11419-7/11420-0),Ana Carolina Góes Martins,Luiz Henrique Portela de Abreu,Registrado
,Sofá,"Abraçadeira nylon 200x2,5mm PT T-18R",0.4468,Av. João Valério,Sala 5,São Geraldo,69053358,Manaus,Amazonas,,,95,IFAM 2022-007 - TELLESCOM.EMBRAPII - STIPARE_INOVA (11419-7/11420-0),Ana Carolina Góes Martins,Luiz Henrique Portela de Abreu,Registrado
,Sofá,"Abraçadeira nylon 200x2,5mm PT T-18R",0.4468,Av. João Valério,Sala 5,São Geraldo,69053358,Manaus,Amazonas,,,95,IFAM 2022-007 - TELLESCOM.EMBRAPII - STIPARE_INOVA (11419-7/11420-0),Ana Carolina Góes Martins,Luiz Henrique Portela de Abreu,Registrado
,Sofá,"Abraçadeira nylon 200x2,5mm PT T-18R",0.4468,Av. João Valério,Sala 5,São Geraldo,69053358,Manaus,Amazonas,,,95,IFAM 2022-007 - TELLESCOM.EMBRAPII - STIPARE_INOVA (11419-7/11420-0),Ana Carolina Góes Martins,Luiz Henrique Portela de Abreu,Registrado
,Sofá,"Abraçadeira nylon 200x2,5mm PT T-18R",0.4468,Av. João Valério,Sala 5,São Geraldo,69053358,Manaus,Amazonas,,,95,IFAM 2022-007 - TELLESCOM.EMBRAPII - STIPARE_INOVA (11419-7/11420-0),Ana Carolina Góes Martins,Luiz Henrique Portela de Abreu,Registrado
,Sofá,"Abraçadeira nylon 200x2,5mm PT T-18R",0.4468,Av. João Valério,Sala 5,São Geraldo,69053358,Manaus,Amazonas,,,95,IFAM 2022-007 - TELLESCOM.EMBRAPII - STIPARE_INOVA (11419-7/11420-0),Ana Carolina Góes Martins,Luiz Henrique Portela de Abreu,Registrado
,Sofá,"Abraçadeira nylon 200x2,5mm PT T-18R",0.4468,Av. João Valério,Sala 5,São Geraldo,69053358,Manaus,Amazonas,,,95,IFAM 2022-007 - TELLESCOM.EMBRAPII - STIPARE_INOVA (11419-7/11420-0),Ana Carolina Góes Martins,Luiz Henrique Portela de Abreu,Registrado
,Sofá,"Abraçadeira nylon 200x2,5mm PT T-18R",0.4468,Av. João Valério,Sala 5,São Geraldo,69053358,Manaus,Amazonas,,,95,IFAM 2022-007 - TELLESCOM.EMBRAPII - STIPARE_INOVA (11419-7/11420-0),Ana Carolina Góes Martins,Luiz Henrique Portela de Abreu,Registrado
,Sofá,"Abraçadeira nylon 200x2,5mm PT T-18R",0.4468,Av. João Valério,Sala 5,São Geraldo,69053358,Manaus,Amazonas,,,95,IFAM 2022-007 - TELLESCOM.EMBRAPII - STIPARE_INOVA (11419-7/11420-0),Ana Carolina Góes Martins,Luiz Henrique Portela de Abreu,Registrado
,Sofá,"Abraçadeira nylon 200x2,5mm PT T-18R",0.4468,Av. João Valério,Sala 5,São Geraldo,69053358,Manaus,Amazonas,,,95,IFAM 2022-007 - TELLESCOM.EMBRAPII - STIPARE_INOVA (11419-7/11420-0),Ana Carolina Góes Martins,Luiz Henrique Portela de Abreu,Registrado
,Sofá,"Abraçadeira nylon 200x2,5mm PT T-18R",0.4468,Av. João Valério,Sala 5,São Geraldo,69053358,Manaus,Amazonas,,,95,IFAM 2022-007 - TELLESCOM.EMBRAPII - STIPARE_INOVA (11419-7/11420-0),Ana Carolina Góes Martins,Luiz Henrique Portela de Abreu,Registrado
,Sofá,"Abraçadeira nylon 200x2,5mm PT T-18R",0.4468,Av. João Valério,Sala 5,São Geraldo,69053358,Manaus,Amazonas,,,95,IFAM 2022-007 - TELLESCOM.EMBRAPII - STIPARE_INOVA (11419-7/11420-0),Ana Carolina Góes Martins,Luiz Henrique Portela de Abreu,Registrado
,Sofá,"Abraçadeira nylon 200x2,5mm PT T-18R",0.4468,Av. João Valério,Sala 5,São Geraldo,69053358,Manaus,Amazonas,,,95,IFAM 2022-007 - TELLESCOM.EMBRAPII - STIPARE_INOVA (11419-7/11420-0),Ana Carolina Góes Martins,Luiz Henrique Portela de Abreu,Registrado
,Sofá,"Abraçadeira nylon 200x2,5mm PT T-18R",0.4468,Av. João Valério,Sala 5,São Geraldo,69053358,Manaus,Amazonas,,,95,IFAM 2022-007 - TELLESCOM.EMBRAPII - STIPARE_INOVA (11419-7/11420-0),Ana Carolina Góes Martins,Luiz Henrique Portela de Abreu,Registrado
,Sofá,"Abraçadeira nylon 200x2,5mm PT T-18R",0.4468,Av. João Valério,Sala 5,São Geraldo,69053358,Manaus,Amazonas,,,95,IFAM 2022-007 - TELLESCOM.EMBRAPII - STIPARE_INOVA (11419-7/11420-0),Ana Carolina Góes Martins,Luiz Henrique Portela de Abreu,Registrado
,Sofá,"Abraçadeira nylon 200x2,5mm PT T-18R",0.4468,Av. João Valério,Sala 5,São Geraldo,69053358,Manaus,Amazonas,,,95,IFAM 2022-007 - TELLESCOM.EMBRAPII - STIPARE_INOVA (11419-7/11420-0),Ana Carolina Góes Martins,Luiz Henrique Portela de Abreu,Registrado
,Sofá,"Abraçadeira nylon 200x2,5mm PT T-18R",0.4468,Av. João Valério,Sala 5,São Geraldo,69053358,Manaus,Amazonas,,,95,IFAM 2022-007 - TELLESCOM.EMBRAPII - STIPARE_INOVA (11419-7/11420-0),Ana Carolina Góes Martins,Luiz Henrique Portela de Abreu,Registrado
,Sofá,"Abraçadeira nylon 200x2,5mm PT T-18R",0.4468,Av. João Valério,Sala 5,São Geraldo,69053358,Manaus,Amazonas,,,95,IFAM 2022-007 - TELLESCOM.EMBRAPII - STIPARE_INOVA (11419-7/11420-0),Ana Carolina Góes Martins,Luiz Henrique Portela de Abreu,Registrado
,Sofá,"Abraçadeira nylon 200x2,5mm PT T-18R",0.4468,Av. João Valério,Sala 5,São Geraldo,69053358,Manaus,Amazonas,,,95,IFAM 2022-007 - TELLESCOM.EMBRAPII - STIPARE_INOVA (11419-7/11420-0),Ana Carolina Góes Martins,Luiz Henrique Portela de Abreu,Registrado
,Sofá,"Abraçadeira nylon 200x2,5mm PT T-18R",0.4468,Av. João Valério,Sala 5,São Geraldo,69053358,Manaus,Amazonas,,,95,IFAM 2022-007 - TELLESCOM.EMBRAPII - STIPARE_INOVA (11419-7/11420-0),Ana Carolina Góes Martins,Luiz Henrique Portela de Abreu,Registrado
,Sofá,"Abraçadeira nylon 200x2,5mm PT T-18R",0.4468,Av. João Valério,Sala 5,São Geraldo,69053358,Manaus,Amazonas,,,95,IFAM 2022-007 - TELLESCOM.EMBRAPII - STIPARE_INOVA (11419-7/11420-0),Ana Carolina Góes Martins,Luiz Henrique Portela de Abreu,Registrado
,Sofá,"Abraçadeira nylon 200x2,5mm PT T-18R",0.4468,Av. João Valério,Sala 5,São Geraldo,69053358,Manaus,Amazonas,,,95,IFAM 2022-007 - TELLESCOM.EMBRAPII - STIPARE_INOVA (11419-7/11420-0),Ana Carolina Góes Martins,Luiz Henrique Portela de Abreu,Registrado
,Sofá,"Abraçadeira nylon 200x2,5mm PT T-18R",0.4468,Av. João Valério,Sala 5,São Geraldo,69053358,Manaus,Amazonas,,,95,IFAM 2022-007 - TELLESCOM.EMBRAPII - STIPARE_INOVA (11419-7/11420-0),Ana Carolina Góes Martins,Luiz Henrique Portela de Abreu,Registrado
,Sofá,"Abraçadeira nylon 200x2,5mm PT T-18R",0.4468,Av. João Valério,Sala 5,São Geraldo,69053358,Manaus,Amazonas,,,95,IFAM 2022-007 - TELLESCOM.EMBRAPII - STIPARE_INOVA (11419-7/11420-0),Ana Carolina Góes Martins,Luiz Henrique Portela de Abreu,Registrado
,Sofá,"Abraçadeira nylon 200x2,5mm PT T-18R",0.4468,Av. João Valério,Sala 5,São Geraldo,69053358,Manaus,Amazonas,,,95,IFAM 2022-007 - TELLESCOM.EMBRAPII - STIPARE_INOVA (11419-7/11420-0),Ana Carolina Góes Martins,Luiz Henrique Portela de Abreu,Registrado
,Sofá,"Abraçadeira nylon 200x2,5mm PT T-18R",0.4468,Av. João Valério,Sala 5,São Geraldo,69053358,Manaus,Amazonas,,,95,IFAM 2022-007 - TELLESCOM.EMBRAPII - STIPARE_INOVA (11419-7/11420-0),Ana Carolina Góes Martins,Luiz Henrique Portela de Abreu,Registrado
,Sofá,"Abraçadeira nylon 200x2,5mm PT T-18R",0.4468,Av. João Valério,Sala 5,São Geraldo,69053358,Manaus,Amazonas,,,95,IFAM 2022-007 - TELLESCOM.EMBRAPII - STIPARE_INOVA (11419-7/11420-0),Ana Carolina Góes Martins,Luiz Henrique Portela de Abreu,Registrado
,Sofá,"Abraçadeira nylon 200x2,5mm PT T-18R",0.4468,Av. João Valério,Sala 5,São Geraldo,69053358,Manaus,Amazonas,,,95,IFAM 2022-007 - TELLESCOM.EMBRAPII - STIPARE_INOVA (11419-7/11420-0),Ana Carolina Góes Martins,Luiz Henrique Portela de Abreu,Registrado
,Sofá,"Abraçadeira nylon 200x2,5mm PT T-18R",0.4468,Av. João Valério,Sala 5,São Geraldo,69053358,Manaus,Amazonas,,,95,IFAM 2022-007 - TELLESCOM.EMBRAPII - STIPARE_INOVA (11419-7/11420-0),Ana Carolina Góes Martins,Luiz Henrique Portela de Abreu,Registrado
,Sofá,"Abraçadeira nylon 200x2,5mm PT T-18R",0.4468,Av. João Valério,Sala 5,São Geraldo,69053358,Manaus,Amazonas,,,95,IFAM 2022-007 - TELLESCOM.EMBRAPII - STIPARE_INOVA (11419-7/11420-0),Ana Carolina Góes Martins,Luiz Henrique Portela de Abreu,Registrado
,Sofá,"Abraçadeira nylon 200x2,5mm PT T-18R",0.4468,Av. João Valério,Sala 5,São Geraldo,69053358,Manaus,Amazonas,,,95,IFAM 2022-007 - TELLESCOM.EMBRAPII - STIPARE_INOVA (11419-7/11420-0),Ana Carolina Góes Martins,Luiz Henrique Portela de Abreu,Registrado
,Sofá,"Abraçadeira nylon 200x2,5mm PT T-18R",0.4468,Av. João Valério,Sala 5,São Geraldo,69053358,Manaus,Amazonas,,,95,IFAM 2022-007 - TELLESCOM.EMBRAPII - STIPARE_INOVA (11419-7/11420-0),Ana Carolina Góes Martins,Luiz Henrique Portela de Abreu,Registrado
,Sofá,"Abraçadeira nylon 200x2,5mm PT T-18R",0.4468,Av. João Valério,Sala 5,São Geraldo,69053358,Manaus,Amazonas,,,95,IFAM 2022-007 - TELLESCOM.EMBRAPII - STIPARE_INOVA (11419-7/11420-0),Ana Carolina Góes Martins,Luiz Henrique Portela de Abreu,Registrado
,Sofá,"Abraçadeira nylon 200x2,5mm PT T-18R",0.4468,Av. João Valério,Sala 5,São Geraldo,69053358,Manaus,Amazonas,,,95,IFAM 2022-007 - TELLESCOM.EMBRAPII - STIPARE_INOVA (11419-7/11420-0),Ana Carolina Góes Martins,Luiz Henrique Portela de Abreu,Registrado
,Sofá,"Abraçadeira nylon 200x2,5mm PT T-18R",0.4468,Av. João Valério,Sala 5,São Geraldo,69053358,Manaus,Amazonas,,,95,IFAM 2022-007 - TELLESCOM.EMBRAPII - STIPARE_INOVA (11419-7/11420-0),Ana Carolina Góes Martins,Luiz Henrique Portela de Abreu,Registrado
,Sofá,"Abraçadeira nylon 200x2,5mm PT T-18R",0.4468,Av. João Valério,Sala 5,São Geraldo,69053358,Manaus,Amazonas,,,95,IFAM 2022-007 - TELLESCOM.EMBRAPII - STIPARE_INOVA (11419-7/11420-0),Ana Carolina Góes Martins,Luiz Henrique Portela de Abreu,Registrado
,Sofá,"Abraçadeira nylon 200x2,5mm PT T-18R",0.4468,Av. João Valério,Sala 5,São Geraldo,69053358,Manaus,Amazonas,,,95,IFAM 2022-007 - TELLESCOM.EMBRAPII - STIPARE_INOVA (11419-7/11420-0),Ana Carolina Góes Martins,Luiz Henrique Portela de Abreu,Registrado
,Sofá,"Abraçadeira nylon 200x2,5mm PT T-18R",0.4468,Av. João Valério,Sala 5,São Geraldo,69053358,Manaus,Amazonas,,,95,IFAM 2022-007 - TELLESCOM.EMBRAPII - STIPARE_INOVA (11419-7/11420-0),Ana Carolina Góes Martins,Luiz Henrique Portela de Abreu,Registrado
,Sofá,"Abraçadeira nylon 200x2,5mm PT T-18R",0.4468,Av. João Valério,Sala 5,São Geraldo,69053358,Manaus,Amazonas,,,95,IFAM 2022-007 - TELLESCOM.EMBRAPII - STIPARE_INOVA (11419-7/11420-0),Ana Carolina Góes Martins,Luiz Henrique Portela de Abreu,Registrado
,Sofá,"Abraçadeira nylon 200x2,5mm PT T-18R",0.4468,Av. João Valério,Sala 5,São Geraldo,69053358,Manaus,Amazonas,,,95,IFAM 2022-007 - TELLESCOM.EMBRAPII - STIPARE_INOVA (11419-7/11420-0),Ana Carolina Góes Martins,Luiz Henrique Portela de Abreu,Registrado
,Sofá,"Abraçadeira nylon 200x2,5mm PT T-18R",0.4468,Av. João Valério,Sala 5,São Geraldo,69053358,Manaus,Amazonas,,,95,IFAM 2022-007 - TELLESCOM.EMBRAPII - STIPARE_INOVA (11419-7/11420-0),Ana Carolina Góes Martins,Luiz Henrique Portela de Abreu,Registrado
,Sofá,"Abraçadeira nylon 200x2,5mm PT T-18R",0.4468,Av. João Valério,Sala 5,São Geraldo,69053358,Manaus,Amazonas,,,95,IFAM 2022-007 - TELLESCOM.EMBRAPII - STIPARE_INOVA (11419-7/11420-0),Ana Carolina Góes Martins,Luiz Henrique Portela de Abreu,Registrado
,Sofá,"Abraçadeira nylon 200x2,5mm PT T-18R",0.4468,Av. João Valério,Sala 5,São Geraldo,69053358,Manaus,Amazonas,,,95,IFAM 2022-007 - TELLESCOM.EMBRAPII - STIPARE_INOVA (11419-7/11420-0),Ana Carolina Góes Martins,Luiz Henrique Portela de Abreu,Registrado
,Sofá,"Abraçadeira nylon 200x2,5mm PT T-18R",0.4468,Av. João Valério,Sala 5,São Geraldo,69053358,Manaus,Amazonas,,,95,IFAM 2022-007 - TELLESCOM.EMBRAPII - STIPARE_INOVA (11419-7/11420-0),Ana Carolina Góes Martins,Luiz Henrique Portela de Abreu,Registrado
,Sofá,"Abraçadeira nylon 200x2,5mm PT T-18R",0.4468,Av. João Valério,Sala 5,São Geraldo,69053358,Manaus,Amazonas,,,95,IFAM 2022-007 - TELLESCOM.EMBRAPII - STIPARE_INOVA (11419-7/11420-0),Ana Carolina Góes Martins,Luiz Henrique Portela de Abreu,Registrado
,Sofá,"Abraçadeira nylon 200x2,5mm PT T-18R",0.4468,Av. João Valério,Sala 5,São Geraldo,69053358,Manaus,Amazonas,,,95,IFAM 2022-007 - TELLESCOM.EMBRAPII - STIPARE_INOVA (11419-7/11420-0),Ana Carolina Góes Martins,Luiz Henrique Portela de Abreu,Registrado
,Sofá,"Abraçadeira nylon 200x2,5mm PT T-18R",0.4468,Av. João Valério,Sala 5,São Geraldo,69053358,Manaus,Amazonas,,,95,IFAM 2022-007 - TELLESCOM.EMBRAPII - STIPARE_INOVA (11419-7/11420-0),Ana Carolina Góes Martins,Luiz Henrique Portela de Abreu,Registrado
,Sofá,"Abraçadeira nylon 200x2,5mm PT T-18R",0.4468,Av. João Valério,Sala 5,São Geraldo,69053358,Manaus,Amazonas,,,95,IFAM 2022-007 - TELLESCOM.EMBRAPII - STIPARE_INOVA (11419-7/11420-0),Ana Carolina Góes Martins,Luiz Henrique Portela de Abreu,Registrado
,Sofá,"Abraçadeira nylon 200x2,5mm PT T-18R",0.4468,Av. João Valério,Sala 5,São Geraldo,69053358,Manaus,Amazonas,,,95,IFAM 2022-007 - TELLESCOM.EMBRAPII - STIPARE_INOVA (11419-7/11420-0),Ana Carolina Góes Martins,Luiz Henrique Portela de Abreu,Registrado
,Sofá,"Abraçadeira nylon 200x2,5mm PT T-18R",0.4468,Av. João Valério,Sala 5,São Geraldo,69053358,Manaus,Amazonas,,,95,IFAM 2022-007 - TELLESCOM.EMBRAPII - STIPARE_INOVA (11419-7/11420-0),Ana Carolina Góes Martins,Luiz Henrique Portela de Abreu,Registrado
,Sofá,"Abraçadeira nylon 200x2,5mm PT T-18R",0.4468,Av. João Valério,Sala 5,São Geraldo,69053358,Manaus,Amazonas,,,95,IFAM 2022-007 - TELLESCOM.EMBRAPII - STIPARE_INOVA (11419-7/11420-0),Ana Carolina Góes Martins,Luiz Henrique Portela de Abreu,Registrado
,Sofá,"Abraçadeira nylon 200x2,5mm PT T-18R",0.4468,Av. João Valério,Sala 5,São Geraldo,69053358,Manaus,Amazonas,,,95,IFAM 2022-007 - TELLESCOM.EMBRAPII - STIPARE_INOVA (11419-7/11420-0),Ana Carolina Góes Martins,Luiz Henrique Portela de Abreu,Registrado
,Sofá,"Abraçadeira nylon 200x2,5mm PT T-18R",0.4468,Av. João Valério,Sala 5,São Geraldo,69053358,Manaus,Amazonas,,,95,IFAM 2022-007 - TELLESCOM.EMBRAPII - STIPARE_INOVA (11419-7/11420-0),Ana Carolina Góes Martins,Luiz Henrique Portela de Abreu,Registrado
,Sofá,"Abraçadeira nylon 200x2,5mm PT T-18R",0.4468,Av. João Valério,Sala 5,São Geraldo,69053358,Manaus,Amazonas,,,95,IFAM 2022-007 - TELLESCOM.EMBRAPII - STIPARE_INOVA (11419-7/11420-0),Ana Carolina Góes Martins,Luiz Henrique Portela de Abreu,Registrado
,Sofá,"Abraçadeira nylon 200x2,5mm PT T-18R",0.4468,Av. João Valério,Sala 5,São Geraldo,69053358,Manaus,Amazonas,,,95,IFAM 2022-007 - TELLESCOM.EMBRAPII - STIPARE_INOVA (11419-7/11420-0),Ana Carolina Góes Martins,Luiz Henrique Portela de Abreu,Registrado
,Sofá,"Abraçadeira nylon 200x2,5mm PT T-18R",0.4468,Av. João Valério,Sala 5,São Geraldo,69053358,Manaus,Amazonas,,,95,IFAM 2022-007 - TELLESCOM.EMBRAPII - STIPARE_INOVA (11419-7/11420-0),Ana Carolina Góes Martins,Luiz Henrique Portela de Abreu,Registrado
,Sofá,"Abraçadeira nylon 200x2,5mm PT T-18R",0.4468,Av. João Valério,Sala 5,São Geraldo,69053358,Manaus,Amazonas,,,95,IFAM 2022-007 - TELLESCOM.EMBRAPII - STIPARE_INOVA (11419-7/11420-0),Ana Carolina Góes Martins,Luiz Henrique Portela de Abreu,Registrado
,Sofá,"Abraçadeira nylon 200x2,5mm PT T-18R",0.4468,Av. João Valério,Sala 5,São Geraldo,69053358,Manaus,Amazonas,,,95,IFAM 2022-007 - TELLESCOM.EMBRAPII - STIPARE_INOVA (11419-7/11420-0),Ana Carolina Góes Martins,Luiz Henrique Portela de Abreu,Registrado
,Sofá,"Abraçadeira nylon 200x2,5mm PT T-18R",0.4468,Av. João Valério,Sala 5,São Geraldo,69053358,Manaus,Amazonas,,,95,IFAM 2022-007 - TELLESCOM.EMBRAPII - STIPARE_INOVA (11419-7/11420-0),Ana Carolina Góes Martins,Luiz Henrique Portela de Abreu,Registrado
,Sofá,"Abraçadeira nylon 200x2,5mm PT T-18R",0.4468,Av. João Valério,Sala 5,São Geraldo,69053358,Manaus,Amazonas,,,95,IFAM 2022-007 - TELLESCOM.EMBRAPII - STIPARE_INOVA (11419-7/11420-0),Ana Carolina Góes Martins,Luiz Henrique Portela de Abreu,Registrado
,Sofá,"Abraçadeira nylon 200x2,5mm PT T-18R",0.4468,Av. João Valério,Sala 5,São Geraldo,69053358,Manaus,Amazonas,,,95,IFAM 2022-007 - TELLESCOM.EMBRAPII - STIPARE_INOVA (11419-7/11420-0),Ana Carolina Góes Martins,Luiz Henrique Portela de Abreu,Registrado
,Sofá,"Abraçadeira nylon 200x2,5mm PT T-18R",0.4468,Av. João Valério,Sala 5,São Geraldo,69053358,Manaus,Amazonas,,,95,IFAM 2022-007 - TELLESCOM.EMBRAPII - STIPARE_INOVA (11419-7/11420-0),Ana Carolina Góes Martins,Luiz Henrique Portela de Abreu,Registrado
,Sofá,"Abraçadeira nylon 200x2,5mm PT T-18R",0.4468,Av. João Valério,Sala 5,São Geraldo,69053358,Manaus,Amazonas,,,95,IFAM 2022-007 - TELLESCOM.EMBRAPII - STIPARE_INOVA (11419-7/11420-0),Ana Carolina Góes Martins,Luiz Henrique Portela de Abreu,Registrado
,Sofá,"Abraçadeira nylon 200x2,5mm PT T-18R",0.4468,Av. João Valério,Sala 5,São Geraldo,69053358,Manaus,Amazonas,,,95,IFAM 2022-007 - TELLESCOM.EMBRAPII - STIPARE_INOVA (11419-7/11420-0),Ana Carolina Góes Martins,Luiz Henrique Portela de Abreu,Registrado
,Sofá,"Abraçadeira nylon 200x2,5mm PT T-18R",0.4468,Av. João Valério,Sala 5,São Geraldo,69053358,Manaus,Amazonas,,,95,IFAM 2022-007 - TELLESCOM.EMBRAPII - STIPARE_INOVA (11419-7/11420-0),Ana Carolina Góes Martins,Luiz Henrique Portela de Abreu,Registrado
,Sofá,"Abraçadeira nylon 200x2,5mm PT T-18R",0.4468,Av. João Valério,Sala 5,São Geraldo,69053358,Manaus,Amazonas,,,95,IFAM 2022-007 - TELLESCOM.EMBRAPII - STIPARE_INOVA (11419-7/11420-0),Ana Carolina Góes Martins,Luiz Henrique Portela de Abreu,Registrado
,Sofá,"Abraçadeira nylon 200x2,5mm PT T-18R",0.4468,Av. João Valério,Sala 5,São Geraldo,69053358,Manaus,Amazonas,,,95,IFAM 2022-007 - TELLESCOM.EMBRAPII - STIPARE_INOVA (11419-7/11420-0),Ana Carolina Góes Martins,Luiz Henrique Portela de Abreu,Registrado
,Sofá,"Abraçadeira nylon 200x2,5mm PT T-18R",0.4468,Av. João Valério,Sala 5,São Geraldo,69053358,Manaus,Amazonas,,,95,IFAM 2022-007 - TELLESCOM.EMBRAPII - STIPARE_INOVA (11419-7/11420-0),Ana Carolina Góes Martins,Luiz Henrique Portela de Abreu,Registrado
,Sofá,"Abraçadeira nylon 200x2,5mm PT T-18R",0.4468,Av. João Valério,Sala 5,São Geraldo,69053358,Manaus,Amazonas,,,95,IFAM 2022-007 - TELLESCOM.EMBRAPII - STIPARE_INOVA (11419-7/11420-0),Ana Carolina Góes Martins,Luiz Henrique Portela de Abreu,Registrado
,Sofá,"Abraçadeira nylon 200x2,5mm PT T-18R",0.4468,Av. João Valério,Sala 5,São Geraldo,69053358,Manaus,Amazonas,,,95,IFAM 2022-007 - TELLESCOM.EMBRAPII - STIPARE_INOVA (11419-7/11420-0),Ana Carolina Góes Martins,Luiz Henrique Portela de Abreu,Registrado
,Sofá,"Abraçadeira nylon 200x2,5mm PT T-18R",0.4468,Av. João Valério,Sala 5,São Geraldo,69053358,Manaus,Amazonas,,,95,IFAM 2022-007 - TELLESCOM.EMBRAPII - STIPARE_INOVA (11419-7/11420-0),Ana Carolina Góes Martins,Luiz Henrique Portela de Abreu,Registrado
,Sofá,"Abraçadeira nylon 200x2,5mm PT T-18R",0.4468,Av. João Valério,Sala 5,São Geraldo,69053358,Manaus,Amazonas,,,95,IFAM 2022-007 - TELLESCOM.EMBRAPII - STIPARE_INOVA (11419-7/11420-0),Ana Carolina Góes Martins,Luiz Henrique Portela de Abreu,Registrado
,Sofá,"Abraçadeira nylon 200x2,5mm PT T-18R",0.4468,Av. João Valério,Sala 5,São Geraldo,69053358,Manaus,Amazonas,,,95,IFAM 2022-007 - TELLESCOM.EMBRAPII - STIPARE_INOVA (11419-7/11420-0),Ana Carolina Góes Martins,Luiz Henrique Portela de Abreu,Registrado
,Sofá,"Abraçadeira nylon 200x2,5mm PT T-18R",0.4468,Av. João Valério,Sala 5,São Geraldo,69053358,Manaus,Amazonas,,,95,IFAM 2022-007 - TELLESCOM.EMBRAPII - STIPARE_INOVA (11419-7/11420-0),Ana Carolina Góes Martins,Luiz Henrique Portela de Abreu,Registrado
,Sofá,"Abraçadeira nylon 200x2,5mm PT T-18R",0.4468,Av. João Valério,Sala 5,São Geraldo,69053358,Manaus,Amazonas,,,95,IFAM 2022-007 - TELLESCOM.EMBRAPII - STIPARE_INOVA (11419-7/11420-0),Ana Carolina Góes Martins,Luiz Henrique Portela de Abreu,Registrado
,Sofá,"Abraçadeira nylon 200x2,5mm PT T-18R",0.4468,Av. João Valério,Sala 5,São Geraldo,69053358,Manaus,Amazonas,,,95,IFAM 2022-007 - TELLESCOM.EMBRAPII - STIPARE_INOVA (11419-7/11420-0),Ana Carolina Góes Martins,Luiz Henrique Portela de Abreu,Registrado
,Sofá,"Abraçadeira nylon 200x2,5mm PT T-18R",0.4468,Av. João Valério,Sala 5,São Geraldo,69053358,Manaus,Amazonas,,,95,IFAM 2022-007 - TELLESCOM.EMBRAPII - STIPARE_INOVA (11419-7/11420-0),Ana Carolina Góes Martins,Luiz Henrique Portela de Abreu,Registrado
,Sofá,"Abraçadeira nylon 200x2,5mm PT T-18R",0.4468,Av. João Valério,Sala 5,São Geraldo,69053358,Manaus,Amazonas,,,95,IFAM 2022-007 - TELLESCOM.EMBRAPII - STIPARE_INOVA (11419-7/11420-0),Ana Carolina Góes Martins,Luiz Henrique Portela de Abreu,Registrado
,Sofá,"Abraçadeira nylon 200x2,5mm PT T-18R",0.4468,Av. João Valério,Sala 5,São Geraldo,69053358,Manaus,Amazonas,,,95,IFAM 2022-007 - TELLESCOM.EMBRAPII - STIPARE_INOVA (11419-7/11420-0),Ana Carolina Góes Martins,Luiz Henrique Portela de Abreu,Registrado
,Sofá,"Abraçadeira nylon 200x2,5mm PT T-18R",0.4468,Av. João Valério,Sala 5,São Geraldo,69053358,Manaus,Amazonas,,,95,IFAM 2022-007 - TELLESCOM.EMBRAPII - STIPARE_INOVA (11419-7/11420-0),Ana Carolina Góes Martins,Luiz Henrique Portela de Abreu,Registrado
,Sofá,"Abraçadeira nylon 200x2,5mm PT T-18R",0.4468,Av. João Valério,Sala 5,São Geraldo,69053358,Manaus,Amazonas,,,95,IFAM 2022-007 - TELLESCOM.EMBRAPII - STIPARE_INOVA (11419-7/11420-0),Ana Carolina Góes Martins,Luiz Henrique Portela de Abreu,Registrado
,Sofá,"Abraçadeira nylon 200x2,5mm PT T-18R",0.4468,Av. João Valério,Sala 5,São Geraldo,69053358,Manaus,Amazonas,,,95,IFAM 2022-007 - TELLESCOM.EMBRAPII - STIPARE_INOVA (11419-7/11420-0),Ana Carolina Góes Martins,Luiz Henrique Portela de Abreu,Registrado
,Sofá,"Abraçadeira nylon 200x2,5mm PT T-18R",0.4468,Av. João Valério,Sala 5,São Geraldo,69053358,Manaus,Amazonas,,,95,IFAM 2022-007 - TELLESCOM.EMBRAPII - STIPARE_INOVA (11419-7/11420-0),Ana Carolina Góes Martins,Luiz Henrique Portela de Abreu,Registrado
,Sofá,"Abraçadeira nylon 200x2,5mm PT T-18R",0.4468,Av. João Valério,Sala 5,São Geraldo,69053358,Manaus,Amazonas,,,95,IFAM 2022-007 - TELLESCOM.EMBRAPII - STIPARE_INOVA (11419-7/11420-0),Ana Carolina Góes Martins,Luiz Henrique Portela de Abreu,Registrado
,Sofá,"Abraçadeira nylon 200x2,5mm PT T-18R",0.4468,Av. João Valério,Sala 5,São Geraldo,69053358,Manaus,Amazonas,,,95,IFAM 2022-007 - TELLESCOM.EMBRAPII - STIPARE_INOVA (11419-7/11420-0),Ana Carolina Góes Martins,Luiz Henrique Portela de Abreu,Registrado
,Sofá,"Abraçadeira nylon 200x2,5mm PT T-18R",0.4468,Av. João Valério,Sala 5,São Geraldo,69053358,Manaus,Amazonas,,,95,IFAM 2022-007 - TELLESCOM.EMBRAPII - STIPARE_INOVA (11419-7/11420-0),Ana Carolina Góes Martins,Luiz Henrique Portela de Abreu,Registrado
,Sofá,"Abraçadeira nylon 200x2,5mm PT T-18R",0.4468,Av. João Valério,Sala 5,São Geraldo,69053358,Manaus,Amazonas,,,95,IFAM 2022-007 - TELLESCOM.EMBRAPII - STIPARE_INOVA (11419-7/11420-0),Ana Carolina Góes Martins,Luiz Henrique Portela de Abreu,Registrado
,Sofá,"Abraçadeira nylon 200x2,5mm PT T-18R",0.4468,Av. João Valério,Sala 5,São Geraldo,69053358,Manaus,Amazonas,,,95,IFAM 2022-007 - TELLESCOM.EMBRAPII - STIPARE_INOVA (11419-7/11420-0),Ana Carolina Góes Martins,Luiz Henrique Portela de Abreu,Registrado
,Sofá,"Abraçadeira nylon 200x2,5mm PT T-18R",0.4468,Av. João Valério,Sala 5,São Geraldo,69053358,Manaus,Amazonas,,,95,IFAM 2022-007 - TELLESCOM.EMBRAPII - STIPARE_INOVA (11419-7/11420-0),Ana Carolina Góes Martins,Luiz Henrique Portela de Abreu,Registrado
,Sofá,"Abraçadeira nylon 200x2,5mm PT T-18R",0.4468,Av. João Valério,Sala 5,São Geraldo,69053358,Manaus,Amazonas,,,95,IFAM 2022-007 - TELLESCOM.EMBRAPII - STIPARE_INOVA (11419-7/11420-0),Ana Carolina Góes Martins,Luiz Henrique Portela de Abreu,Registrado
,Sofá,"Abraçadeira nylon 200x2,5mm PT T-18R",0.4468,Av. João Valério,Sala 5,São Geraldo,69053358,Manaus,Amazonas,,,95,IFAM 2022-007 - TELLESCOM.EMBRAPII - STIPARE_INOVA (11419-7/11420-0),Ana Carolina Góes Martins,Luiz Henrique Portela de Abreu,Registrado
,Sofá,"Abraçadeira nylon 200x2,5mm PT T-18R",0.4468,Av. João Valério,Sala 5,São Geraldo,69053358,Manaus,Amazonas,,,95,IFAM 2022-007 - TELLESCOM.EMBRAPII - STIPARE_INOVA (11419-7/11420-0),Ana Carolina Góes Martins,Luiz Henrique Portela de Abreu,Registrado
,Sofá,"Abraçadeira nylon 200x2,5mm PT T-18R",0.4468,Av. João Valério,Sala 5,São Geraldo,69053358,Manaus,Amazonas,,,95,IFAM 2022-007 - TELLESCOM.EMBRAPII - STIPARE_INOVA (11419-7/11420-0),Ana Carolina Góes Martins,Luiz Henrique Portela de Abreu,Registrado
,Sofá,"Abraçadeira nylon 200x2,5mm PT T-18R",0.4468,Av. João Valério,Sala 5,São Geraldo,69053358,Manaus,Amazonas,,,95,IFAM 2022-007 - TELLESCOM.EMBRAPII - STIPARE_INOVA (11419-7/11420-0),Ana Carolina Góes Martins,Luiz Henrique Portela de Abreu,Registrado
,Sofá,"Abraçadeira nylon 200x2,5mm PT T-18R",0.4468,Av. João Valério,Sala 5,São Geraldo,69053358,Manaus,Amazonas,,,95,IFAM 2022-007 - TELLESCOM.EMBRAPII - STIPARE_INOVA (11419-7/11420-0),Ana Carolina Góes Martins,Luiz Henrique Portela de Abreu,Registrado
,Sofá,"Abraçadeira nylon 200x2,5mm PT T-18R",0.4468,Av. João Valério,Sala 5,São Geraldo,69053358,Manaus,Amazonas,,,95,IFAM 2022-007 - TELLESCOM.EMBRAPII - STIPARE_INOVA (11419-7/11420-0),Ana Carolina Góes Martins,Luiz Henrique Portela de Abreu,Registrado
,Sofá,"Abraçadeira nylon 200x2,5mm PT T-18R",0.4468,Av. João Valério,Sala 5,São Geraldo,69053358,Manaus,Amazonas,,,95,IFAM 2022-007 - TELLESCOM.EMBRAPII - STIPARE_INOVA (11419-7/11420-0),Ana Carolina Góes Martins,Luiz Henrique Portela de Abreu,Registrado
,Sofá,"Abraçadeira nylon 200x2,5mm PT T-18R",0.4468,Av. João Valério,Sala 5,São Geraldo,69053358,Manaus,Amazonas,,,95,IFAM 2022-007 - TELLESCOM.EMBRAPII - STIPARE_INOVA (11419-7/11420-0),Ana Carolina Góes Martins,Luiz Henrique Portela de Abreu,Registrado
,Sofá,"Abraçadeira nylon 200x2,5mm PT T-18R",0.4468,Av. João Valério,Sala 5,São Geraldo,69053358,Manaus,Amazonas,,,95,IFAM 2022-007 - TELLESCOM.EMBRAPII - STIPARE_INOVA (11419-7/11420-0),Ana Carolina Góes Martins,Luiz Henrique Portela de Abreu,Registrado
,Sofá,"Abraçadeira nylon 200x2,5mm PT T-18R",0.4468,Av. João Valério,Sala 5,São Geraldo,69053358,Manaus,Amazonas,,,95,IFAM 2022-007 - TELLESCOM.EMBRAPII - STIPARE_INOVA (11419-7/11420-0),Ana Carolina Góes Martins,Luiz Henrique Portela de Abreu,Registrado
,Sofá,"Abraçadeira nylon 200x2,5mm PT T-18R",0.4468,Av. João Valério,Sala 5,São Geraldo,69053358,Manaus,Amazonas,,,95,IFAM 2022-007 - TELLESCOM.EMBRAPII - STIPARE_INOVA (11419-7/11420-0),Ana Carolina Góes Martins,Luiz Henrique Portela de Abreu,Registrado
,Sofá,"Abraçadeira nylon 200x2,5mm PT T-18R",0.4468,Av. João Valério,Sala 5,São Geraldo,69053358,Manaus,Amazonas,,,95,IFAM 2022-007 - TELLESCOM.EMBRAPII - STIPARE_INOVA (11419-7/11420-0),Ana Carolina Góes Martins,Luiz Henrique Portela de Abreu,Registrado
,Sofá,"Abraçadeira nylon 200x2,5mm PT T-18R",0.4468,Av. João Valério,Sala 5,São Geraldo,69053358,Manaus,Amazonas,,,95,IFAM 2022-007 - TELLESCOM.EMBRAPII - STIPARE_INOVA (11419-7/11420-0),Ana Carolina Góes Martins,Luiz Henrique Portela de Abreu,Registrado
,Sofá,"Abraçadeira nylon 200x2,5mm PT T-18R",0.4468,Av. João Valério,Sala 5,São Geraldo,69053358,Manaus,Amazonas,,,95,IFAM 2022-007 - TELLESCOM.EMBRAPII - STIPARE_INOVA (11419-7/11420-0),Ana Carolina Góes Martins,Luiz Henrique Portela de Abreu,Registrado
,Sofá,"Abraçadeira nylon 200x2,5mm PT T-18R",0.4468,Av. João Valério,Sala 5,São Geraldo,69053358,Manaus,Amazonas,,,95,IFAM 2022-007 - TELLESCOM.EMBRAPII - STIPARE_INOVA (11419-7/11420-0),Ana Carolina Góes Martins,Luiz Henrique Portela de Abreu,Registrado
,Sofá,"Abraçadeira nylon 200x2,5mm PT T-18R",0.4468,Av. João Valério,Sala 5,São Geraldo,69053358,Manaus,Amazonas,,,95,IFAM 2022-007 - TELLESCOM.EMBRAPII - STIPARE_INOVA (11419-7/11420-0),Ana Carolina Góes Martins,Luiz Henrique Portela de Abreu,Registrado
,Sofá,"Abraçadeira nylon 200x2,5mm PT T-18R",0.4468,Av. João Valério,Sala 5,São Geraldo,69053358,Manaus,Amazonas,,,95,IFAM 2022-007 - TELLESCOM.EMBRAPII - STIPARE_INOVA (11419-7/11420-0),Ana Carolina Góes Martins,Luiz Henrique Portela de Abreu,Registrado
,Sofá,"Abraçadeira nylon 200x2,5mm PT T-18R",0.4468,Av. João Valério,Sala 5,São Geraldo,69053358,Manaus,Amazonas,,,95,IFAM 2022-007 - TELLESCOM.EMBRAPII - STIPARE_INOVA (11419-7/11420-0),Ana Carolina Góes Martins,Luiz Henrique Portela de Abreu,Registrado
,Sofá,"Abraçadeira nylon 200x2,5mm PT T-18R",0.4468,Av. João Valério,Sala 5,São Geraldo,69053358,Manaus,Amazonas,,,95,IFAM 2022-007 - TELLESCOM.EMBRAPII - STIPARE_INOVA (11419-7/11420-0),Ana Carolina Góes Martins,Luiz Henrique Portela de Abreu,Registrado
,Sofá,"Abraçadeira nylon 200x2,5mm PT T-18R",0.4468,Av. João Valério,Sala 5,São Geraldo,69053358,Manaus,Amazonas,,,95,IFAM 2022-007 - TELLESCOM.EMBRAPII - STIPARE_INOVA (11419-7/11420-0),Ana Carolina Góes Martins,Luiz Henrique Portela de Abreu,Registrado
,Sofá,"Abraçadeira nylon 200x2,5mm PT T-18R",0.4468,Av. João Valério,Sala 5,São Geraldo,69053358,Manaus,Amazonas,,,95,IFAM 2022-007 - TELLESCOM.EMBRAPII - STIPARE_INOVA (11419-7/11420-0),Ana Carolina Góes Martins,Luiz Henrique Portela de Abreu,Registrado
,Sofá,"Abraçadeira nylon 200x2,5mm PT T-18R",0.4468,Av. João Valério,Sala 5,São Geraldo,69053358,Manaus,Amazonas,,,95,IFAM 2022-007 - TELLESCOM.EMBRAPII - STIPARE_INOVA (11419-7/11420-0),Ana Carolina Góes Martins,Luiz Henrique Portela de Abreu,Registrado
,Sofá,"Abraçadeira nylon 200x2,5mm PT T-18R",0.4468,Av. João Valério,Sala 5,São Geraldo,69053358,Manaus,Amazonas,,,95,IFAM 2022-007 - TELLESCOM.EMBRAPII - STIPARE_INOVA (11419-7/11420-0),Ana Carolina Góes Martins,Luiz Henrique Portela de Abreu,Registrado
,Sofá,"Abraçadeira nylon 200x2,5mm PT T-18R",0.4468,Av. João Valério,Sala 5,São Geraldo,69053358,Manaus,Amazonas,,,95,IFAM 2022-007 - TELLESCOM.EMBRAPII - STIPARE_INOVA (11419-7/11420-0),Ana Carolina Góes Martins,Luiz Henrique Portela de Abreu,Registrado
,Sofá,"Abraçadeira nylon 200x2,5mm PT T-18R",0.4468,Av. João Valério,Sala 5,São Geraldo,69053358,Manaus,Amazonas,,,95,IFAM 2022-007 - TELLESCOM.EMBRAPII - STIPARE_INOVA (11419-7/11420-0),Ana Carolina Góes Martins,Luiz Henrique Portela de Abreu,Registrado
,Sofá,"Abraçadeira nylon 200x2,5mm PT T-18R",0.4468,Av. João Valério,Sala 5,São Geraldo,69053358,Manaus,Amazonas,,,95,IFAM 2022-007 - TELLESCOM.EMBRAPII - STIPARE_INOVA (11419-7/11420-0),Ana Carolina Góes Martins,Luiz Henrique Portela de Abreu,Registrado
,Sofá,"Abraçadeira nylon 200x2,5mm PT T-18R",0.4468,Av. João Valério,Sala 5,São Geraldo,69053358,Manaus,Amazonas,,,95,IFAM 2022-007 - TELLESCOM.EMBRAPII - STIPARE_INOVA (11419-7/11420-0),Ana Carolina Góes Martins,Luiz Henrique Portela de Abreu,Registrado
,Sofá,"Abraçadeira nylon 200x2,5mm PT T-18R",0.4468,Av. João Valério,Sala 5,São Geraldo,69053358,Manaus,Amazonas,,,95,IFAM 2022-007 - TELLESCOM.EMBRAPII - STIPARE_INOVA (11419-7/11420-0),Ana Carolina Góes Martins,Luiz Henrique Portela de Abreu,Registrado
,Sofá,"Abraçadeira nylon 200x2,5mm PT T-18R",0.4468,Av. João Valério,Sala 5,São Geraldo,69053358,Manaus,Amazonas,,,95,IFAM 2022-007 - TELLESCOM.EMBRAPII - STIPARE_INOVA (11419-7/11420-0),Ana Carolina Góes Martins,Luiz Henrique Portela de Abreu,Registrado
,Sofá,"Abraçadeira nylon 200x2,5mm PT T-18R",0.4468,Av. João Valério,Sala 5,São Geraldo,69053358,Manaus,Amazonas,,,95,IFAM 2022-007 - TELLESCOM.EMBRAPII - STIPARE_INOVA (11419-7/11420-0),Ana Carolina Góes Martins,Luiz Henrique Portela de Abreu,Registrado
,Sofá,"Abraçadeira nylon 200x2,5mm PT T-18R",0.4468,Av. João Valério,Sala 5,São Geraldo,69053358,Manaus,Amazonas,,,95,IFAM 2022-007 - TELLESCOM.EMBRAPII - STIPARE_INOVA (11419-7/11420-0),Ana Carolina Góes Martins,Luiz Henrique Portela de Abreu,Registrado
,Sofá,"Abraçadeira nylon 200x2,5mm PT T-18R",0.4468,Av. João Valério,Sala 5,São Geraldo,69053358,Manaus,Amazonas,,,95,IFAM 2022-007 - TELLESCOM.EMBRAPII - STIPARE_INOVA (11419-7/11420-0),Ana Carolina Góes Martins,Luiz Henrique Portela de Abreu,Registrado
,Sofá,"Abraçadeira nylon 200x2,5mm PT T-18R",0.4468,Av. João Valério,Sala 5,São Geraldo,69053358,Manaus,Amazonas,,,95,IFAM 2022-007 - TELLESCOM.EMBRAPII - STIPARE_INOVA (11419-7/11420-0),Ana Carolina Góes Martins,Luiz Henrique Portela de Abreu,Registrado
,Sofá,"Abraçadeira nylon 200x2,5mm PT T-18R",0.4468,Av. João Valério,Sala 5,São Geraldo,69053358,Manaus,Amazonas,,,95,IFAM 2022-007 - TELLESCOM.EMBRAPII - STIPARE_INOVA (11419-7/11420-0),Ana Carolina Góes Martins,Luiz Henrique Portela de Abreu,Registrado
,Sofá,"Abraçadeira nylon 200x2,5mm PT T-18R",0.4468,Av. João Valério,Sala 5,São Geraldo,69053358,Manaus,Amazonas,,,95,IFAM 2022-007 - TELLESCOM.EMBRAPII - STIPARE_INOVA (11419-7/11420-0),Ana Carolina Góes Martins,Luiz Henrique Portela de Abreu,Registrado
,Sofá,"Abraçadeira nylon 200x2,5mm PT T-18R",0.4468,Av. João Valério,Sala 5,São Geraldo,69053358,Manaus,Amazonas,,,95,IFAM 2022-007 - TELLESCOM.EMBRAPII - STIPARE_INOVA (11419-7/11420-0),Ana Carolina Góes Martins,Luiz Henrique Portela de Abreu,Registrado
,Sofá,"Abraçadeira nylon 200x2,5mm PT T-18R",0.4468,Av. João Valério,Sala 5,São Geraldo,69053358,Manaus,Amazonas,,,95,IFAM 2022-007 - TELLESCOM.EMBRAPII - STIPARE_INOVA (11419-7/11420-0),Ana Carolina Góes Martins,Luiz Henrique Portela de Abreu,Registrado
,Sofá,"Abraçadeira nylon 200x2,5mm PT T-18R",0.4468,Av. João Valério,Sala 5,São Geraldo,69053358,Manaus,Amazonas,,,95,IFAM 2022-007 - TELLESCOM.EMBRAPII - STIPARE_INOVA (11419-7/11420-0),Ana Carolina Góes Martins,Luiz Henrique Portela de Abreu,Registrado
,Sofá,"Abraçadeira nylon 200x2,5mm PT T-18R",0.4468,Av. João Valério,Sala 5,São Geraldo,69053358,Manaus,Amazonas,,,95,IFAM 2022-007 - TELLESCOM.EMBRAPII - STIPARE_INOVA (11419-7/11420-0),Ana Carolina Góes Martins,Luiz Henrique Portela de Abreu,Registrado
,Sofá,"Abraçadeira nylon 200x2,5mm PT T-18R",0.4468,Av. João Valério,Sala 5,São Geraldo,69053358,Manaus,Amazonas,,,95,IFAM 2022-007 - TELLESCOM.EMBRAPII - STIPARE_INOVA (11419-7/11420-0),Ana Carolina Góes Martins,Luiz Henrique Portela de Abreu,Registrado
,Sofá,"Abraçadeira nylon 200x2,5mm PT T-18R",0.4468,Av. João Valério,Sala 5,São Geraldo,69053358,Manaus,Amazonas,,,95,IFAM 2022-007 - TELLESCOM.EMBRAPII - STIPARE_INOVA (11419-7/11420-0),Ana Carolina Góes Martins,Luiz Henrique Portela de Abreu,Registrado
,Sofá,"Abraçadeira nylon 200x2,5mm PT T-18R",0.4468,Av. João Valério,Sala 5,São Geraldo,69053358,Manaus,Amazonas,,,95,IFAM 2022-007 - TELLESCOM.EMBRAPII - STIPARE_INOVA (11419-7/11420-0),Ana Carolina Góes Martins,Luiz Henrique Portela de Abreu,Registrado
,Sofá,"Abraçadeira nylon 200x2,5mm PT T-18R",0.4468,Av. João Valério,Sala 5,São Geraldo,69053358,Manaus,Amazonas,,,95,IFAM 2022-007 - TELLESCOM.EMBRAPII - STIPARE_INOVA (11419-7/11420-0),Ana Carolina Góes Martins,Luiz Henrique Portela de Abreu,Registrado
,Sofá,"Abraçadeira nylon 200x2,5mm PT T-18R",0.4468,Av. João Valério,Sala 5,São Geraldo,69053358,Manaus,Amazonas,,,95,IFAM 2022-007 - TELLESCOM.EMBRAPII - STIPARE_INOVA (11419-7/11420-0),Ana Carolina Góes Martins,Luiz Henrique Portela de Abreu,Registrado
,Sofá,"Abraçadeira nylon 200x2,5mm PT T-18R",0.4468,Av. João Valério,Sala 5,São Geraldo,69053358,Manaus,Amazonas,,,95,IFAM 2022-007 - TELLESCOM.EMBRAPII - STIPARE_INOVA (11419-7/11420-0),Ana Carolina Góes Martins,Luiz Henrique Portela de Abreu,Registrado
,Sofá,"Abraçadeira nylon 200x2,5mm PT T-18R",0.4468,Av. João Valério,Sala 5,São Geraldo,69053358,Manaus,Amazonas,,,95,IFAM 2022-007 - TELLESCOM.EMBRAPII - STIPARE_INOVA (11419-7/11420-0),Ana Carolina Góes Martins,Luiz Henrique Portela de Abreu,Registrado
,Sofá,"Abraçadeira nylon 200x2,5mm PT T-18R",0.4468,Av. João Valério,Sala 5,São Geraldo,69053358,Manaus,Amazonas,,,95,IFAM 2022-007 - TELLESCOM.EMBRAPII - STIPARE_INOVA (11419-7/11420-0),Ana Carolina Góes Martins,Luiz Henrique Portela de Abreu,Registrado
,Sofá,"Abraçadeira nylon 200x2,5mm PT T-18R",0.4468,Av. João Valério,Sala 5,São Geraldo,69053358,Manaus,Amazonas,,,95,IFAM 2022-007 - TELLESCOM.EMBRAPII - STIPARE_INOVA (11419-7/11420-0),Ana Carolina Góes Martins,Luiz Henrique Portela de Abreu,Registrado
,Sofá,"Abraçadeira nylon 200x2,5mm PT T-18R",0.4468,Av. João Valério,Sala 5,São Geraldo,69053358,Manaus,Amazonas,,,95,IFAM 2022-007 - TELLESCOM.EMBRAPII - STIPARE_INOVA (11419-7/11420-0),Ana Carolina Góes Martins,Luiz Henrique Portela de Abreu,Registrado
,Sofá,"Abraçadeira nylon 200x2,5mm PT T-18R",0.4468,Av. João Valério,Sala 5,São Geraldo,69053358,Manaus,Amazonas,,,95,IFAM 2022-007 - TELLESCOM.EMBRAPII - STIPARE_INOVA (11419-7/11420-0),Ana Carolina Góes Martins,Luiz Henrique Portela de Abreu,Registrado
,Sofá,"Abraçadeira nylon 200x2,5mm PT T-18R",0.4468,Av. João Valério,Sala 5,São Geraldo,69053358,Manaus,Amazonas,,,95,IFAM 2022-007 - TELLESCOM.EMBRAPII - STIPARE_INOVA (11419-7/11420-0),Ana Carolina Góes Martins,Luiz Henrique Portela de Abreu,Registrado
,Sofá,"Abraçadeira nylon 200x2,5mm PT T-18R",0.4468,Av. João Valério,Sala 5,São Geraldo,69053358,Manaus,Amazonas,,,95,IFAM 2022-007 - TELLESCOM.EMBRAPII - STIPARE_INOVA (11419-7/11420-0),Ana Carolina Góes Martins,Luiz Henrique Portela de Abreu,Registrado
,Sofá,"Abraçadeira nylon 200x2,5mm PT T-18R",0.4468,Av. João Valério,Sala 5,São Geraldo,69053358,Manaus,Amazonas,,,95,IFAM 2022-007 - TELLESCOM.EMBRAPII - STIPARE_INOVA (11419-7/11420-0),Ana Carolina Góes Martins,Luiz Henrique Portela de Abreu,Registrado
,Sofá,"Abraçadeira nylon 200x2,5mm PT T-18R",0.4468,Av. João Valério,Sala 5,São Geraldo,69053358,Manaus,Amazonas,,,95,IFAM 2022-007 - TELLESCOM.EMBRAPII - STIPARE_INOVA (11419-7/11420-0),Ana Carolina Góes Martins,Luiz Henrique Portela de Abreu,Registrado
,Sofá,"Abraçadeira nylon 200x2,5mm PT T-18R",0.4468,Av. João Valério,Sala 5,São Geraldo,69053358,Manaus,Amazonas,,,95,IFAM 2022-007 - TELLESCOM.EMBRAPII - STIPARE_INOVA (11419-7/11420-0),Ana Carolina Góes Martins,Luiz Henrique Portela de Abreu,Registrado
,Sofá,"Abraçadeira nylon 200x2,5mm PT T-18R",0.4468,Av. João Valério,Sala 5,São Geraldo,69053358,Manaus,Amazonas,,,95,IFAM 2022-007 - TELLESCOM.EMBRAPII - STIPARE_INOVA (11419-7/11420-0),Ana Carolina Góes Martins,Luiz Henrique Portela de Abreu,Registrado
,Sofá,"Abraçadeira nylon 200x2,5mm PT T-18R",0.4468,Av. João Valério,Sala 5,São Geraldo,69053358,Manaus,Amazonas,,,95,IFAM 2022-007 - TELLESCOM.EMBRAPII - STIPARE_INOVA (11419-7/11420-0),Ana Carolina Góes Martins,Luiz Henrique Portela de Abreu,Registrado
,Sofá,"Abraçadeira nylon 200x2,5mm PT T-18R",0.4468,Av. João Valério,Sala 5,São Geraldo,69053358,Manaus,Amazonas,,,95,IFAM 2022-007 - TELLESCOM.EMBRAPII - STIPARE_INOVA (11419-7/11420-0),Ana Carolina Góes Martins,Luiz Henrique Portela de Abreu,Registrado
,Sofá,"Abraçadeira nylon 200x2,5mm PT T-18R",0.4468,Av. João Valério,Sala 5,São Geraldo,69053358,Manaus,Amazonas,,,95,IFAM 2022-007 - TELLESCOM.EMBRAPII - STIPARE_INOVA (11419-7/11420-0),Ana Carolina Góes Martins,Luiz Henrique Portela de Abreu,Registrado
,Sofá,"Abraçadeira nylon 200x2,5mm PT T-18R",0.4468,Av. João Valério,Sala 5,São Geraldo,69053358,Manaus,Amazonas,,,95,IFAM 2022-007 - TELLESCOM.EMBRAPII - STIPARE_INOVA (11419-7/11420-0),Ana Carolina Góes Martins,Luiz Henrique Portela de Abreu,Registrado
,Sofá,"Abraçadeira nylon 200x2,5mm PT T-18R",0.4468,Av. João Valério,Sala 5,São Geraldo,69053358,Manaus,Amazonas,,,95,IFAM 2022-007 - TELLESCOM.EMBRAPII - STIPARE_INOVA (11419-7/11420-0),Ana Carolina Góes Martins,Luiz Henrique Portela de Abreu,Registrado
,Sofá,"Abraçadeira nylon 200x2,5mm PT T-18R",0.4468,Av. João Valério,Sala 5,São Geraldo,69053358,Manaus,Amazonas,,,95,IFAM 2022-007 - TELLESCOM.EMBRAPII - STIPARE_INOVA (11419-7/11420-0),Ana Carolina Góes Martins,Luiz Henrique Portela de Abreu,Registrado
,Sofá,"Abraçadeira nylon 200x2,5mm PT T-18R",0.4468,Av. João Valério,Sala 5,São Geraldo,69053358,Manaus,Amazonas,,,95,IFAM 2022-007 - TELLESCOM.EMBRAPII - STIPARE_INOVA (11419-7/11420-0),Ana Carolina Góes Martins,Luiz Henrique Portela de Abreu,Registrado
,Sofá,"Abraçadeira nylon 200x2,5mm PT T-18R",0.4468,Av. João Valério,Sala 5,São Geraldo,69053358,Manaus,Amazonas,,,95,IFAM 2022-007 - TELLESCOM.EMBRAPII - STIPARE_INOVA (11419-7/11420-0),Ana Carolina Góes Martins,Luiz Henrique Portela de Abreu,Registrado
,Sofá,"Abraçadeira nylon 200x2,5mm PT T-18R",0.4468,Av. João Valério,Sala 5,São Geraldo,69053358,Manaus,Amazonas,,,95,IFAM 2022-007 - TELLESCOM.EMBRAPII - STIPARE_INOVA (11419-7/11420-0),Ana Carolina Góes Martins,Luiz Henrique Portela de Abreu,Registrado
,Sofá,"Abraçadeira nylon 200x2,5mm PT T-18R",0.4468,Av. João Valério,Sala 5,São Geraldo,69053358,Manaus,Amazonas,,,95,IFAM 2022-007 - TELLESCOM.EMBRAPII - STIPARE_INOVA (11419-7/11420-0),Ana Carolina Góes Martins,Luiz Henrique Portela de Abreu,Registrado
,Sofá,"Abraçadeira nylon 200x2,5mm PT T-18R",0.4468,Av. João Valério,Sala 5,São Geraldo,69053358,Manaus,Amazonas,,,95,IFAM 2022-007 - TELLESCOM.EMBRAPII - STIPARE_INOVA (11419-7/11420-0),Ana Carolina Góes Martins,Luiz Henrique Portela de Abreu,Registrado
,Sofá,"Abraçadeira nylon 200x2,5mm PT T-18R",0.4468,Av. João Valério,Sala 5,São Geraldo,69053358,Manaus,Amazonas,,,95,IFAM 2022-007 - TELLESCOM.EMBRAPII - STIPARE_INOVA (11419-7/11420-0),Ana Carolina Góes Martins,Luiz Henrique Portela de Abreu,Registrado
,Sofá,"Abraçadeira nylon 200x2,5mm PT T-18R",0.4468,Av. João Valério,Sala 5,São Geraldo,69053358,Manaus,Amazonas,,,95,IFAM 2022-007 - TELLESCOM.EMBRAPII - STIPARE_INOVA (11419-7/11420-0),Ana Carolina Góes Martins,Luiz Henrique Portela de Abreu,Registrado
,Sofá,"Abraçadeira nylon 200x2,5mm PT T-18R",0.4468,Av. João Valério,Sala 5,São Geraldo,69053358,Manaus,Amazonas,,,95,IFAM 2022-007 - TELLESCOM.EMBRAPII - STIPARE_INOVA (11419-7/11420-0),Ana Carolina Góes Martins,Luiz Henrique Portela de Abreu,Registrado
,Sofá,"Abraçadeira nylon 200x2,5mm PT T-18R",0.4468,Av. João Valério,Sala 5,São Geraldo,69053358,Manaus,Amazonas,,,95,IFAM 2022-007 - TELLESCOM.EMBRAPII - STIPARE_INOVA (11419-7/11420-0),Ana Carolina Góes Martins,Luiz Henrique Portela de Abreu,Registrado
,Sofá,"Abraçadeira nylon 200x2,5mm PT T-18R",0.4468,Av. João Valério,Sala 5,São Geraldo,69053358,Manaus,Amazonas,,,95,IFAM 2022-007 - TELLESCOM.EMBRAPII - STIPARE_INOVA (11419-7/11420-0),Ana Carolina Góes Martins,Luiz Henrique Portela de Abreu,Registrado
,Sofá,"Abraçadeira nylon 200x2,5mm PT T-18R",0.4468,Av. João Valério,Sala 5,São Geraldo,69053358,Manaus,Amazonas,,,95,IFAM 2022-007 - TELLESCOM.EMBRAPII - STIPARE_INOVA (11419-7/11420-0),Ana Carolina Góes Martins,Luiz Henrique Portela de Abreu,Registrado
,Sofá,"Abraçadeira nylon 200x2,5mm PT T-18R",0.4468,Av. João Valério,Sala 5,São Geraldo,69053358,Manaus,Amazonas,,,95,IFAM 2022-007 - TELLESCOM.EMBRAPII - STIPARE_INOVA (11419-7/11420-0),Ana Carolina Góes Martins,Luiz Henrique Portela de Abreu,Registrado
,Sofá,"Abraçadeira nylon 200x2,5mm PT T-18R",0.4468,Av. João Valério,Sala 5,São Geraldo,69053358,Manaus,Amazonas,,,95,IFAM 2022-007 - TELLESCOM.EMBRAPII - STIPARE_INOVA (11419-7/11420-0),Ana Carolina Góes Martins,Luiz Henrique Portela de Abreu,Registrado
,Sofá,"Abraçadeira nylon 200x2,5mm PT T-18R",0.4468,Av. João Valério,Sala 5,São Geraldo,69053358,Manaus,Amazonas,,,95,IFAM 2022-007 - TELLESCOM.EMBRAPII - STIPARE_INOVA (11419-7/11420-0),Ana Carolina Góes Martins,Luiz Henrique Portela de Abreu,Registrado
,Sofá,"Abraçadeira nylon 200x2,5mm PT T-18R",0.4468,Av. João Valério,Sala 5,São Geraldo,69053358,Manaus,Amazonas,,,95,IFAM 2022-007 - TELLESCOM.EMBRAPII - STIPARE_INOVA (11419-7/11420-0),Ana Carolina Góes Martins,Luiz Henrique Portela de Abreu,Registrado
,Sofá,"Abraçadeira nylon 200x2,5mm PT T-18R",0.4468,Av. João Valério,Sala 5,São Geraldo,69053358,Manaus,Amazonas,,,95,IFAM 2022-007 - TELLESCOM.EMBRAPII - STIPARE_INOVA (11419-7/11420-0),Ana Carolina Góes Martins,Luiz Henrique Portela de Abreu,Registrado
,Sofá,"Abraçadeira nylon 200x2,5mm PT T-18R",0.4468,Av. João Valério,Sala 5,São Geraldo,69053358,Manaus,Amazonas,,,95,IFAM 2022-007 - TELLESCOM.EMBRAPII - STIPARE_INOVA (11419-7/11420-0),Ana Carolina Góes Martins,Luiz Henrique Portela de Abreu,Registrado
,Sofá,"Abraçadeira nylon 200x2,5mm PT T-18R",0.4468,Av. João Valério,Sala 5,São Geraldo,69053358,Manaus,Amazonas,,,95,IFAM 2022-007 - TELLESCOM.EMBRAPII - STIPARE_INOVA (11419-7/11420-0),Ana Carolina Góes Martins,Luiz Henrique Portela de Abreu,Registrado
,Sofá,"Abraçadeira nylon 200x2,5mm PT T-18R",0.4468,Av. João Valério,Sala 5,São Geraldo,69053358,Manaus,Amazonas,,,95,IFAM 2022-007 - TELLESCOM.EMBRAPII - STIPARE_INOVA (11419-7/11420-0),Ana Carolina Góes Martins,Luiz Henrique Portela de Abreu,Registrado
,Sofá,"Abraçadeira nylon 200x2,5mm PT T-18R",0.4468,Av. João Valério,Sala 5,São Geraldo,69053358,Manaus,Amazonas,,,95,IFAM 2022-007 - TELLESCOM.EMBRAPII - STIPARE_INOVA (11419-7/11420-0),Ana Carolina Góes Martins,Luiz Henrique Portela de Abreu,Registrado
,Sofá,"Abraçadeira nylon 200x2,5mm PT T-18R",0.4468,Av. João Valério,Sala 5,São Geraldo,69053358,Manaus,Amazonas,,,95,IFAM 2022-007 - TELLESCOM.EMBRAPII - STIPARE_INOVA (11419-7/11420-0),Ana Carolina Góes Martins,Luiz Henrique Portela de Abreu,Registrado
,Sofá,"Abraçadeira nylon 200x2,5mm PT T-18R",0.4468,Av. João Valério,Sala 5,São Geraldo,69053358,Manaus,Amazonas,,,95,IFAM 2022-007 - TELLESCOM.EMBRAPII - STIPARE_INOVA (11419-7/11420-0),Ana Carolina Góes Martins,Luiz Henrique Portela de Abreu,Registrado
,Sofá,"Abraçadeira nylon 200x2,5mm PT T-18R",0.4468,Av. João Valério,Sala 5,São Geraldo,69053358,Manaus,Amazonas,,,95,IFAM 2022-007 - TELLESCOM.EMBRAPII - STIPARE_INOVA (11419-7/11420-0),Ana Carolina Góes Martins,Luiz Henrique Portela de Abreu,Registrado
,Sofá,"Abraçadeira nylon 200x2,5mm PT T-18R",0.4468,Av. João Valério,Sala 5,São Geraldo,69053358,Manaus,Amazonas,,,95,IFAM 2022-007 - TELLESCOM.EMBRAPII - STIPARE_INOVA (11419-7/11420-0),Ana Carolina Góes Martins,Luiz Henrique Portela de Abreu,Registrado
,Sofá,"Abraçadeira nylon 200x2,5mm PT T-18R",0.4468,Av. João Valério,Sala 5,São Geraldo,69053358,Manaus,Amazonas,,,95,IFAM 2022-007 - TELLESCOM.EMBRAPII - STIPARE_INOVA (11419-7/11420-0),Ana Carolina Góes Martins,Luiz Henrique Portela de Abreu,Registrado
,Sofá,"Abraçadeira nylon 200x2,5mm PT T-18R",0.4468,Av. João Valério,Sala 5,São Geraldo,69053358,Manaus,Amazonas,,,95,IFAM 2022-007 - TELLESCOM.EMBRAPII - STIPARE_INOVA (11419-7/11420-0),Ana Carolina Góes Martins,Luiz Henrique Portela de Abreu,Registrado
,Sofá,"Abraçadeira nylon 200x2,5mm PT T-18R",0.4468,Av. João Valério,Sala 5,São Geraldo,69053358,Manaus,Amazonas,,,95,IFAM 2022-007 - TELLESCOM.EMBRAPII - STIPARE_INOVA (11419-7/11420-0),Ana Carolina Góes Martins,Luiz Henrique Portela de Abreu,Registrado
,Sofá,"Abraçadeira nylon 200x2,5mm PT T-18R",0.4468,Av. João Valério,Sala 5,São Geraldo,69053358,Manaus,Amazonas,,,95,IFAM 2022-007 - TELLESCOM.EMBRAPII - STIPARE_INOVA (11419-7/11420-0),Ana Carolina Góes Martins,Luiz Henrique Portela de Abreu,Registrado
,Sofá,"Abraçadeira nylon 200x2,5mm PT T-18R",0.4468,Av. João Valério,Sala 5,São Geraldo,69053358,Manaus,Amazonas,,,95,IFAM 2022-007 - TELLESCOM.EMBRAPII - STIPARE_INOVA (11419-7/11420-0),Ana Carolina Góes Martins,Luiz Henrique Portela de Abreu,Registrado
,Sofá,"Abraçadeira nylon 200x2,5mm PT T-18R",0.4468,Av. João Valério,Sala 5,São Geraldo,69053358,Manaus,Amazonas,,,95,IFAM 2022-007 - TELLESCOM.EMBRAPII - STIPARE_INOVA (11419-7/11420-0),Ana Carolina Góes Martins,Luiz Henrique Portela de Abreu,Registrado
,Sofá,"Abraçadeira nylon 200x2,5mm PT T-18R",0.4468,Av. João Valério,Sala 5,São Geraldo,69053358,Manaus,Amazonas,,,95,IFAM 2022-007 - TELLESCOM.EMBRAPII - STIPARE_INOVA (11419-7/11420-0),Ana Carolina Góes Martins,Luiz Henrique Portela de Abreu,Registrado
,Sofá,"Abraçadeira nylon 200x2,5mm PT T-18R",0.4468,Av. João Valério,Sala 5,São Geraldo,69053358,Manaus,Amazonas,,,95,IFAM 2022-007 - TELLESCOM.EMBRAPII - STIPARE_INOVA (11419-7/11420-0),Ana Carolina Góes Martins,Luiz Henrique Portela de Abreu,Registrado
,Sofá,"Abraçadeira nylon 200x2,5mm PT T-18R",0.4468,Av. João Valério,Sala 5,São Geraldo,69053358,Manaus,Amazonas,,,95,IFAM 2022-007 - TELLESCOM.EMBRAPII - STIPARE_INOVA (11419-7/11420-0),Ana Carolina Góes Martins,Luiz Henrique Portela de Abreu,Registrado
,Sofá,"Abraçadeira nylon 200x2,5mm PT T-18R",0.4468,Av. João Valério,Sala 5,São Geraldo,69053358,Manaus,Amazonas,,,95,IFAM 2022-007 - TELLESCOM.EMBRAPII - STIPARE_INOVA (11419-7/11420-0),Ana Carolina Góes Martins,Luiz Henrique Portela de Abreu,Registrado
,Sofá,"Abraçadeira nylon 200x2,5mm PT T-18R",0.4468,Av. João Valério,Sala 5,São Geraldo,69053358,Manaus,Amazonas,,,95,IFAM 2022-007 - TELLESCOM.EMBRAPII - STIPARE_INOVA (11419-7/11420-0),Ana Carolina Góes Martins,Luiz Henrique Portela de Abreu,Registrado
,Sofá,"Abraçadeira nylon 200x2,5mm PT T-18R",0.4468,Av. João Valério,Sala 5,São Geraldo,69053358,Manaus,Amazonas,,,95,IFAM 2022-007 - TELLESCOM.EMBRAPII - STIPARE_INOVA (11419-7/11420-0),Ana Carolina Góes Martins,Luiz Henrique Portela de Abreu,Registrado
,Sofá,"Abraçadeira nylon 200x2,5mm PT T-18R",0.4468,Av. João Valério,Sala 5,São Geraldo,69053358,Manaus,Amazonas,,,95,IFAM 2022-007 - TELLESCOM.EMBRAPII - STIPARE_INOVA (11419-7/11420-0),Ana Carolina Góes Martins,Luiz Henrique Portela de Abreu,Registrado
,Sofá,"Abraçadeira nylon 200x2,5mm PT T-18R",0.4468,Av. João Valério,Sala 5,São Geraldo,69053358,Manaus,Amazonas,,,95,IFAM 2022-007 - TELLESCOM.EMBRAPII - STIPARE_INOVA (11419-7/11420-0),Ana Carolina Góes Martins,Luiz Henrique Portela de Abreu,Registrado
,Sofá,"Abraçadeira nylon 200x2,5mm PT T-18R",0.4468,Av. João Valério,Sala 5,São Geraldo,69053358,Manaus,Amazonas,,,95,IFAM 2022-007 - TELLESCOM.EMBRAPII - STIPARE_INOVA (11419-7/11420-0),Ana Carolina Góes Martins,Luiz Henrique Portela de Abreu,Registrado
,Sofá,"Abraçadeira nylon 200x2,5mm PT T-18R",0.4468,Av. João Valério,Sala 5,São Geraldo,69053358,Manaus,Amazonas,,,95,IFAM 2022-007 - TELLESCOM.EMBRAPII - STIPARE_INOVA (11419-7/11420-0),Ana Carolina Góes Martins,Luiz Henrique Portela de Abreu,Registrado
,Sofá,"Abraçadeira nylon 200x2,5mm PT T-18R",0.4468,Av. João Valério,Sala 5,São Geraldo,69053358,Manaus,Amazonas,,,95,IFAM 2022-007 - TELLESCOM.EMBRAPII - STIPARE_INOVA (11419-7/11420-0),Ana Carolina Góes Martins,Luiz Henrique Portela de Abreu,Registrado
,Sofá,"Abraçadeira nylon 200x2,5mm PT T-18R",0.4468,Av. João Valério,Sala 5,São Geraldo,69053358,Manaus,Amazonas,,,95,IFAM 2022-007 - TELLESCOM.EMBRAPII - STIPARE_INOVA (11419-7/11420-0),Ana Carolina Góes Martins,Luiz Henrique Portela de Abreu,Registrado
,Sofá,"Abraçadeira nylon 200x2,5mm PT T-18R",0.4468,Av. João Valério,Sala 5,São Geraldo,69053358,Manaus,Amazonas,,,95,IFAM 2022-007 - TELLESCOM.EMBRAPII - STIPARE_INOVA (11419-7/11420-0),Ana Carolina Góes Martins,Luiz Henrique Portela de Abreu,Registrado
,Sofá,"Abraçadeira nylon 200x2,5mm PT T-18R",0.4468,Av. João Valério,Sala 5,São Geraldo,69053358,Manaus,Amazonas,,,95,IFAM 2022-007 - TELLESCOM.EMBRAPII - STIPARE_INOVA (11419-7/11420-0),Ana Carolina Góes Martins,Luiz Henrique Portela de Abreu,Registrado
,Sofá,"Abraçadeira nylon 200x2,5mm PT T-18R",0.4468,Av. João Valério,Sala 5,São Geraldo,69053358,Manaus,Amazonas,,,95,IFAM 2022-007 - TELLESCOM.EMBRAPII - STIPARE_INOVA (11419-7/11420-0),Ana Carolina Góes Martins,Luiz Henrique Portela de Abreu,Registrado
,Sofá,"Abraçadeira nylon 200x2,5mm PT T-18R",0.4468,Av. João Valério,Sala 5,São Geraldo,69053358,Manaus,Amazonas,,,95,IFAM 2022-007 - TELLESCOM.EMBRAPII - STIPARE_INOVA (11419-7/11420-0),Ana Carolina Góes Martins,Luiz Henrique Portela de Abreu,Registrado
,Sofá,"Abraçadeira nylon 200x2,5mm PT T-18R",0.4468,Av. João Valério,Sala 5,São Geraldo,69053358,Manaus,Amazonas,,,95,IFAM 2022-007 - TELLESCOM.EMBRAPII - STIPARE_INOVA (11419-7/11420-0),Ana Carolina Góes Martins,Luiz Henrique Portela de Abreu,Registrado
,Sofá,"Abraçadeira nylon 200x2,5mm PT T-18R",0.4468,Av. João Valério,Sala 5,São Geraldo,69053358,Manaus,Amazonas,,,95,IFAM 2022-007 - TELLESCOM.EMBRAPII - STIPARE_INOVA (11419-7/11420-0),Ana Carolina Góes Martins,Luiz Henrique Portela de Abreu,Registrado
,Sofá,"Abraçadeira nylon 200x2,5mm PT T-18R",0.4468,Av. João Valério,Sala 5,São Geraldo,69053358,Manaus,Amazonas,,,95,IFAM 2022-007 - TELLESCOM.EMBRAPII - STIPARE_INOVA (11419-7/11420-0),Ana Carolina Góes Martins,Luiz Henrique Portela de Abreu,Registrado
,Sofá,"Abraçadeira nylon 200x2,5mm PT T-18R",0.4468,Av. João Valério,Sala 5,São Geraldo,69053358,Manaus,Amazonas,,,95,IFAM 2022-007 - TELLESCOM.EMBRAPII - STIPARE_INOVA (11419-7/11420-0),Ana Carolina Góes Martins,Luiz Henrique Portela de Abreu,Registrado
,Sofá,"Abraçadeira nylon 200x2,5mm PT T-18R",0.4468,Av. João Valério,Sala 5,São Geraldo,69053358,Manaus,Amazonas,,,95,IFAM 2022-007 - TELLESCOM.EMBRAPII - STIPARE_INOVA (11419-7/11420-0),Ana Carolina Góes Martins,Luiz Henrique Portela de Abreu,Registrado
,Sofá,"Abraçadeira nylon 200x2,5mm PT T-18R",0.4468,Av. João Valério,Sala 5,São Geraldo,69053358,Manaus,Amazonas,,,95,IFAM 2022-007 - TELLESCOM.EMBRAPII - STIPARE_INOVA (11419-7/11420-0),Ana Carolina Góes Martins,Luiz Henrique Portela de Abreu,Registrado
,Sofá,"Abraçadeira nylon 200x2,5mm PT T-18R",0.4468,Av. João Valério,Sala 5,São Geraldo,69053358,Manaus,Amazonas,,,95,IFAM 2022-007 - TELLESCOM.EMBRAPII - STIPARE_INOVA (11419-7/11420-0),Ana Carolina Góes Martins,Luiz Henrique Portela de Abreu,Registrado
,Sofá,"Abraçadeira nylon 200x2,5mm PT T-18R",0.4468,Av. João Valério,Sala 5,São Geraldo,69053358,Manaus,Amazonas,,,95,IFAM 2022-007 - TELLESCOM.EMBRAPII - STIPARE_INOVA (11419-7/11420-0),Ana Carolina Góes Martins,Luiz Henrique Portela de Abreu,Registrado
,Sofá,"Abraçadeira nylon 200x2,5mm PT T-18R",0.4468,Av. João Valério,Sala 5,São Geraldo,69053358,Manaus,Amazonas,,,95,IFAM 2022-007 - TELLESCOM.EMBRAPII - STIPARE_INOVA (11419-7/11420-0),Ana Carolina Góes Martins,Luiz Henrique Portela de Abreu,Registrado
,Sofá,"Abraçadeira nylon 200x2,5mm PT T-18R",0.4468,Av. João Valério,Sala 5,São Geraldo,69053358,Manaus,Amazonas,,,95,IFAM 2022-007 - TELLESCOM.EMBRAPII - STIPARE_INOVA (11419-7/11420-0),Ana Carolina Góes Martins,Luiz Henrique Portela de Abreu,Registrado
,Sofá,"Abraçadeira nylon 200x2,5mm PT T-18R",0.4468,Av. João Valério,Sala 5,São Geraldo,69053358,Manaus,Amazonas,,,95,IFAM 2022-007 - TELLESCOM.EMBRAPII - STIPARE_INOVA (11419-7/11420-0),Ana Carolina Góes Martins,Luiz Henrique Portela de Abreu,Registrado
,Sofá,"Abraçadeira nylon 200x2,5mm PT T-18R",0.4468,Av. João Valério,Sala 5,São Geraldo,69053358,Manaus,Amazonas,,,95,IFAM 2022-007 - TELLESCOM.EMBRAPII - STIPARE_INOVA (11419-7/11420-0),Ana Carolina Góes Martins,Luiz Henrique Portela de Abreu,Registrado
,Sofá,"Abraçadeira nylon 200x2,5mm PT T-18R",0.4468,Av. João Valério,Sala 5,São Geraldo,69053358,Manaus,Amazonas,,,95,IFAM 2022-007 - TELLESCOM.EMBRAPII - STIPARE_INOVA (11419-7/11420-0),Ana Carolina Góes Martins,Luiz Henrique Portela de Abreu,Registrado
,Sofá,"Abraçadeira nylon 200x2,5mm PT T-18R",0.4468,Av. João Valério,Sala 5,São Geraldo,69053358,Manaus,Amazonas,,,95,IFAM 2022-007 - TELLESCOM.EMBRAPII - STIPARE_INOVA (11419-7/11420-0),Ana Carolina Góes Martins,Luiz Henrique Portela de Abreu,Registrado
,Sofá,"Abraçadeira nylon 200x2,5mm PT T-18R",0.4468,Av. João Valério,Sala 5,São Geraldo,69053358,Manaus,Amazonas,,,95,IFAM 2022-007 - TELLESCOM.EMBRAPII - STIPARE_INOVA (11419-7/11420-0),Ana Carolina Góes Martins,Luiz Henrique Portela de Abreu,Registrado
,Sofá,"Abraçadeira nylon 200x2,5mm PT T-18R",0.4468,Av. João Valério,Sala 5,São Geraldo,69053358,Manaus,Amazonas,,,95,IFAM 2022-007 - TELLESCOM.EMBRAPII - STIPARE_INOVA (11419-7/11420-0),Ana Carolina Góes Martins,Luiz Henrique Portela de Abreu,Registrado
,Sofá,"Abraçadeira nylon 200x2,5mm PT T-18R",0.4468,Av. João Valério,Sala 5,São Geraldo,69053358,Manaus,Amazonas,,,95,IFAM 2022-007 - TELLESCOM.EMBRAPII - STIPARE_INOVA (11419-7/11420-0),Ana Carolina Góes Martins,Luiz Henrique Portela de Abreu,Registrado
,Sofá,"Abraçadeira nylon 200x2,5mm PT T-18R",0.4468,Av. João Valério,Sala 5,São Geraldo,69053358,Manaus,Amazonas,,,95,IFAM 2022-007 - TELLESCOM.EMBRAPII - STIPARE_INOVA (11419-7/11420-0),Ana Carolina Góes Martins,Luiz Henrique Portela de Abreu,Registrado
,Sofá,"Abraçadeira nylon 200x2,5mm PT T-18R",0.4468,Av. João Valério,Sala 5,São Geraldo,69053358,Manaus,Amazonas,,,95,IFAM 2022-007 - TELLESCOM.EMBRAPII - STIPARE_INOVA (11419-7/11420-0),Ana Carolina Góes Martins,Luiz Henrique Portela de Abreu,Registrado
,Sofá,"Abraçadeira nylon 200x2,5mm PT T-18R",0.4468,Av. João Valério,Sala 5,São Geraldo,69053358,Manaus,Amazonas,,,95,IFAM 2022-007 - TELLESCOM.EMBRAPII - STIPARE_INOVA (11419-7/11420-0),Ana Carolina Góes Martins,Luiz Henrique Portela de Abreu,Registrado
,Sofá,"Abraçadeira nylon 200x2,5mm PT T-18R",0.4468,Av. João Valério,Sala 5,São Geraldo,69053358,Manaus,Amazonas,,,95,IFAM 2022-007 - TELLESCOM.EMBRAPII - STIPARE_INOVA (11419-7/11420-0),Ana Carolina Góes Martins,Luiz Henrique Portela de Abreu,Registrado
,Sofá,"Abraçadeira nylon 200x2,5mm PT T-18R",0.4468,Av. João Valério,Sala 5,São Geraldo,69053358,Manaus,Amazonas,,,95,IFAM 2022-007 - TELLESCOM.EMBRAPII - STIPARE_INOVA (11419-7/11420-0),Ana Carolina Góes Martins,Luiz Henrique Portela de Abreu,Registrado
,Sofá,"Abraçadeira nylon 200x2,5mm PT T-18R",0.4468,Av. João Valério,Sala 5,São Geraldo,69053358,Manaus,Amazonas,,,95,IFAM 2022-007 - TELLESCOM.EMBRAPII - STIPARE_INOVA (11419-7/11420-0),Ana Carolina Góes Martins,Luiz Henrique Portela de Abreu,Registrado
,Sofá,"Abraçadeira nylon 200x2,5mm PT T-18R",0.4468,Av. João Valério,Sala 5,São Geraldo,69053358,Manaus,Amazonas,,,95,IFAM 2022-007 - TELLESCOM.EMBRAPII - STIPARE_INOVA (11419-7/11420-0),Ana Carolina Góes Martins,Luiz Henrique Portela de Abreu,Registrado
,Sofá,"Abraçadeira nylon 200x2,5mm PT T-18R",0.4468,Av. João Valério,Sala 5,São Geraldo,69053358,Manaus,Amazonas,,,95,IFAM 2022-007 - TELLESCOM.EMBRAPII - STIPARE_INOVA (11419-7/11420-0),Ana Carolina Góes Martins,Luiz Henrique Portela de Abreu,Registrado
,Sofá,"Abraçadeira nylon 200x2,5mm PT T-18R",0.4468,Av. João Valério,Sala 5,São Geraldo,69053358,Manaus,Amazonas,,,95,IFAM 2022-007 - TELLESCOM.EMBRAPII - STIPARE_INOVA (11419-7/11420-0),Ana Carolina Góes Martins,Luiz Henrique Portela de Abreu,Registrado
,Sofá,"Abraçadeira nylon 200x2,5mm PT T-18R",0.4468,Av. João Valério,Sala 5,São Geraldo,69053358,Manaus,Amazonas,,,95,IFAM 2022-007 - TELLESCOM.EMBRAPII - STIPARE_INOVA (11419-7/11420-0),Ana Carolina Góes Martins,Luiz Henrique Portela de Abreu,Registrado
,Sofá,"Abraçadeira nylon 200x2,5mm PT T-18R",0.4468,Av. João Valério,Sala 5,São Geraldo,69053358,Manaus,Amazonas,,,95,IFAM 2022-007 - TELLESCOM.EMBRAPII - STIPARE_INOVA (11419-7/11420-0),Ana Carolina Góes Martins,Luiz Henrique Portela de Abreu,Registrado
,Sofá,"Abraçadeira nylon 200x2,5mm PT T-18R",0.4468,Av. João Valério,Sala 5,São Geraldo,69053358,Manaus,Amazonas,,,95,IFAM 2022-007 - TELLESCOM.EMBRAPII - STIPARE_INOVA (11419-7/11420-0),Ana Carolina Góes Martins,Luiz Henrique Portela de Abreu,Registrado
,Sofá,"Abraçadeira nylon 200x2,5mm PT T-18R",0.4468,Av. João Valério,Sala 5,São Geraldo,69053358,Manaus,Amazonas,,,95,IFAM 2022-007 - TELLESCOM.EMBRAPII - STIPARE_INOVA (11419-7/11420-0),Ana Carolina Góes Martins,Luiz Henrique Portela de Abreu,Registrado
,Sofá,"Abraçadeira nylon 200x2,5mm PT T-18R",0.4468,Av. João Valério,Sala 5,São Geraldo,69053358,Manaus,Amazonas,,,95,IFAM 2022-007 - TELLESCOM.EMBRAPII - STIPARE_INOVA (11419-7/11420-0),Ana Carolina Góes Martins,Luiz Henrique Portela de Abreu,Registrado
,Sofá,"Abraçadeira nylon 200x2,5mm PT T-18R",0.4468,Av. João Valério,Sala 5,São Geraldo,69053358,Manaus,Amazonas,,,95,IFAM 2022-007 - TELLESCOM.EMBRAPII - STIPARE_INOVA (11419-7/11420-0),Ana Carolina Góes Martins,Luiz Henrique Portela de Abreu,Registrado
,Sofá,"Abraçadeira nylon 200x2,5mm PT T-18R",0.4468,Av. João Valério,Sala 5,São Geraldo,69053358,Manaus,Amazonas,,,95,IFAM 2022-007 - TELLESCOM.EMBRAPII - STIPARE_INOVA (11419-7/11420-0),Ana Carolina Góes Martins,Luiz Henrique Portela de Abreu,Registrado
,Sofá,"Abraçadeira nylon 200x2,5mm PT T-18R",0.4468,Av. João Valério,Sala 5,São Geraldo,69053358,Manaus,Amazonas,,,95,IFAM 2022-007 - TELLESCOM.EMBRAPII - STIPARE_INOVA (11419-7/11420-0),Ana Carolina Góes Martins,Luiz Henrique Portela de Abreu,Registrado
,Sofá,"Abraçadeira nylon 200x2,5mm PT T-18R",0.4468,Av. João Valério,Sala 5,São Geraldo,69053358,Manaus,Amazonas,,,95,IFAM 2022-007 - TELLESCOM.EMBRAPII - STIPARE_INOVA (11419-7/11420-0),Ana Carolina Góes Martins,Luiz Henrique Portela de Abreu,Registrado
,Sofá,"Abraçadeira nylon 200x2,5mm PT T-18R",0.4468,Av. João Valério,Sala 5,São Geraldo,69053358,Manaus,Amazonas,,,95,IFAM 2022-007 - TELLESCOM.EMBRAPII - STIPARE_INOVA (11419-7/11420-0),Ana Carolina Góes Martins,Luiz Henrique Portela de Abreu,Registrado
,Sofá,"Abraçadeira nylon 200x2,5mm PT T-18R",0.4468,Av. João Valério,Sala 5,São Geraldo,69053358,Manaus,Amazonas,,,95,IFAM 2022-007 - TELLESCOM.EMBRAPII - STIPARE_INOVA (11419-7/11420-0),Ana Carolina Góes Martins,Luiz Henrique Portela de Abreu,Registrado
,Sofá,"Abraçadeira nylon 200x2,5mm PT T-18R",0.4468,Av. João Valério,Sala 5,São Geraldo,69053358,Manaus,Amazonas,,,95,IFAM 2022-007 - TELLESCOM.EMBRAPII - STIPARE_INOVA (11419-7/11420-0),Ana Carolina Góes Martins,Luiz Henrique Portela de Abreu,Registrado
,Sofá,"Abraçadeira nylon 200x2,5mm PT T-18R",0.4468,Av. João Valério,Sala 5,São Geraldo,69053358,Manaus,Amazonas,,,95,IFAM 2022-007 - TELLESCOM.EMBRAPII - STIPARE_INOVA (11419-7/11420-0),Ana Carolina Góes Martins,Luiz Henrique Portela de Abreu,Registrado
,Sofá,"Abraçadeira nylon 200x2,5mm PT T-18R",0.4468,Av. João Valério,Sala 5,São Geraldo,69053358,Manaus,Amazonas,,,95,IFAM 2022-007 - TELLESCOM.EMBRAPII - STIPARE_INOVA (11419-7/11420-0),Ana Carolina Góes Martins,Luiz Henrique Portela de Abreu,Registrado
,Sofá,"Abraçadeira nylon 200x2,5mm PT T-18R",0.4468,Av. João Valério,Sala 5,São Geraldo,69053358,Manaus,Amazonas,,,95,IFAM 2022-007 - TELLESCOM.EMBRAPII - STIPARE_INOVA (11419-7/11420-0),Ana Carolina Góes Martins,Luiz Henrique Portela de Abreu,Registrado
,Sofá,"Abraçadeira nylon 200x2,5mm PT T-18R",0.4468,Av. João Valério,Sala 5,São Geraldo,69053358,Manaus,Amazonas,,,95,IFAM 2022-007 - TELLESCOM.EMBRAPII - STIPARE_INOVA (11419-7/11420-0),Ana Carolina Góes Martins,Luiz Henrique Portela de Abreu,Registrado
,Sofá,"Abraçadeira nylon 200x2,5mm PT T-18R",0.4468,Av. João Valério,Sala 5,São Geraldo,69053358,Manaus,Amazonas,,,95,IFAM 2022-007 - TELLESCOM.EMBRAPII - STIPARE_INOVA (11419-7/11420-0),Ana Carolina Góes Martins,Luiz Henrique Portela de Abreu,Registrado
,Sofá,"Abraçadeira nylon 200x2,5mm PT T-18R",0.4468,Av. João Valério,Sala 5,São Geraldo,69053358,Manaus,Amazonas,,,95,IFAM 2022-007 - TELLESCOM.EMBRAPII - STIPARE_INOVA (11419-7/11420-0),Ana Carolina Góes Martins,Luiz Henrique Portela de Abreu,Registrado
,Sofá,"Abraçadeira nylon 200x2,5mm PT T-18R",0.4468,Av. João Valério,Sala 5,São Geraldo,69053358,Manaus,Amazonas,,,95,IFAM 2022-007 - TELLESCOM.EMBRAPII - STIPARE_INOVA (11419-7/11420-0),Ana Carolina Góes Martins,Luiz Henrique Portela de Abreu,Registrado
,Sofá,"Abraçadeira nylon 200x2,5mm PT T-18R",0.4468,Av. João Valério,Sala 5,São Geraldo,69053358,Manaus,Amazonas,,,95,IFAM 2022-007 - TELLESCOM.EMBRAPII - STIPARE_INOVA (11419-7/11420-0),Ana Carolina Góes Martins,Luiz Henrique Portela de Abreu,Registrado
,Sofá,"Abraçadeira nylon 200x2,5mm PT T-18R",0.4468,Av. João Valério,Sala 5,São Geraldo,69053358,Manaus,Amazonas,,,95,IFAM 2022-007 - TELLESCOM.EMBRAPII - STIPARE_INOVA (11419-7/11420-0),Ana Carolina Góes Martins,Luiz Henrique Portela de Abreu,Registrado
,Sofá,"Abraçadeira nylon 200x2,5mm PT T-18R",0.4468,Av. João Valério,Sala 5,São Geraldo,69053358,Manaus,Amazonas,,,95,IFAM 2022-007 - TELLESCOM.EMBRAPII - STIPARE_INOVA (11419-7/11420-0),Ana Carolina Góes Martins,Luiz Henrique Portela de Abreu,Registrado
,Sofá,"Abraçadeira nylon 200x2,5mm PT T-18R",0.4468,Av. João Valério,Sala 5,São Geraldo,69053358,Manaus,Amazonas,,,95,IFAM 2022-007 - TELLESCOM.EMBRAPII - STIPARE_INOVA (11419-7/11420-0),Ana Carolina Góes Martins,Luiz Henrique Portela de Abreu,Registrado
,Sofá,"Abraçadeira nylon 200x2,5mm PT T-18R",0.4468,Av. João Valério,Sala 5,São Geraldo,69053358,Manaus,Amazonas,,,95,IFAM 2022-007 - TELLESCOM.EMBRAPII - STIPARE_INOVA (11419-7/11420-0),Ana Carolina Góes Martins,Luiz Henrique Portela de Abreu,Registrado
,Sofá,"Abraçadeira nylon 200x2,5mm PT T-18R",0.4468,Av. João Valério,Sala 5,São Geraldo,69053358,Manaus,Amazonas,,,95,IFAM 2022-007 - TELLESCOM.EMBRAPII - STIPARE_INOVA (11419-7/11420-0),Ana Carolina Góes Martins,Luiz Henrique Portela de Abreu,Registrado
,Sofá,"Abraçadeira nylon 200x2,5mm PT T-18R",0.4468,Av. João Valério,Sala 5,São Geraldo,69053358,Manaus,Amazonas,,,95,IFAM 2022-007 - TELLESCOM.EMBRAPII - STIPARE_INOVA (11419-7/11420-0),Ana Carolina Góes Martins,Luiz Henrique Portela de Abreu,Registrado
,Sofá,"Abraçadeira nylon 200x2,5mm PT T-18R",0.4468,Av. João Valério,Sala 5,São Geraldo,69053358,Manaus,Amazonas,,,95,IFAM 2022-007 - TELLESCOM.EMBRAPII - STIPARE_INOVA (11419-7/11420-0),Ana Carolina Góes Martins,Luiz Henrique Portela de Abreu,Registrado
,Sofá,"Abraçadeira nylon 200x2,5mm PT T-18R",0.4468,Av. João Valério,Sala 5,São Geraldo,69053358,Manaus,Amazonas,,,95,IFAM 2022-007 - TELLESCOM.EMBRAPII - STIPARE_INOVA (11419-7/11420-0),Ana Carolina Góes Martins,Luiz Henrique Portela de Abreu,Registrado
,Sofá,"Abraçadeira nylon 200x2,5mm PT T-18R",0.4468,Av. João Valério,Sala 5,São Geraldo,69053358,Manaus,Amazonas,,,95,IFAM 2022-007 - TELLESCOM.EMBRAPII - STIPARE_INOVA (11419-7/11420-0),Ana Carolina Góes Martins,Luiz Henrique Portela de Abreu,Registrado
,Sofá,"Abraçadeira nylon 200x2,5mm PT T-18R",0.4468,Av. João Valério,Sala 5,São Geraldo,69053358,Manaus,Amazonas,,,95,IFAM 2022-007 - TELLESCOM.EMBRAPII - STIPARE_INOVA (11419-7/11420-0),Ana Carolina Góes Martins,Luiz Henrique Portela de Abreu,Registrado
,Sofá,"Abraçadeira nylon 200x2,5mm PT T-18R",0.4468,Av. João Valério,Sala 5,São Geraldo,69053358,Manaus,Amazonas,,,95,IFAM 2022-007 - TELLESCOM.EMBRAPII - STIPARE_INOVA (11419-7/11420-0),Ana Carolina Góes Martins,Luiz Henrique Portela de Abreu,Registrado
,Sofá,"Abraçadeira nylon 200x2,5mm PT T-18R",0.4468,Av. João Valério,Sala 5,São Geraldo,69053358,Manaus,Amazonas,,,95,IFAM 2022-007 - TELLESCOM.EMBRAPII - STIPARE_INOVA (11419-7/11420-0),Ana Carolina Góes Martins,Luiz Henrique Portela de Abreu,Registrado
,Sofá,"Abraçadeira nylon 200x2,5mm PT T-18R",0.4468,Av. João Valério,Sala 5,São Geraldo,69053358,Manaus,Amazonas,,,95,IFAM 2022-007 - TELLESCOM.EMBRAPII - STIPARE_INOVA (11419-7/11420-0),Ana Carolina Góes Martins,Luiz Henrique Portela de Abreu,Registrado
,Sofá,"Abraçadeira nylon 200x2,5mm PT T-18R",0.4468,Av. João Valério,Sala 5,São Geraldo,69053358,Manaus,Amazonas,,,95,IFAM 2022-007 - TELLESCOM.EMBRAPII - STIPARE_INOVA (11419-7/11420-0),Ana Carolina Góes Martins,Luiz Henrique Portela de Abreu,Registrado
,Sofá,"Abraçadeira nylon 200x2,5mm PT T-18R",0.4468,Av. João Valério,Sala 5,São Geraldo,69053358,Manaus,Amazonas,,,95,IFAM 2022-007 - TELLESCOM.EMBRAPII - STIPARE_INOVA (11419-7/11420-0),Ana Carolina Góes Martins,Luiz Henrique Portela de Abreu,Registrado
,Sofá,"Abraçadeira nylon 200x2,5mm PT T-18R",0.4468,Av. João Valério,Sala 5,São Geraldo,69053358,Manaus,Amazonas,,,95,IFAM 2022-007 - TELLESCOM.EMBRAPII - STIPARE_INOVA (11419-7/11420-0),Ana Carolina Góes Martins,Luiz Henrique Portela de Abreu,Registrado
,Sofá,"Abraçadeira nylon 200x2,5mm PT T-18R",0.4468,Av. João Valério,Sala 5,São Geraldo,69053358,Manaus,Amazonas,,,95,IFAM 2022-007 - TELLESCOM.EMBRAPII - STIPARE_INOVA (11419-7/11420-0),Ana Carolina Góes Martins,Luiz Henrique Portela de Abreu,Registrado
,Sofá,"Abraçadeira nylon 200x2,5mm PT T-18R",0.4468,Av. João Valério,Sala 5,São Geraldo,69053358,Manaus,Amazonas,,,95,IFAM 2022-007 - TELLESCOM.EMBRAPII - STIPARE_INOVA (11419-7/11420-0),Ana Carolina Góes Martins,Luiz Henrique Portela de Abreu,Registrado
,Sofá,"Abraçadeira nylon 200x2,5mm PT T-18R",0.4468,Av. João Valério,Sala 5,São Geraldo,69053358,Manaus,Amazonas,,,95,IFAM 2022-007 - TELLESCOM.EMBRAPII - STIPARE_INOVA (11419-7/11420-0),Ana Carolina Góes Martins,Luiz Henrique Portela de Abreu,Registrado
,Sofá,"Abraçadeira nylon 200x2,5mm PT T-18R",0.4468,Av. João Valério,Sala 5,São Geraldo,69053358,Manaus,Amazonas,,,95,IFAM 2022-007 - TELLESCOM.EMBRAPII - STIPARE_INOVA (11419-7/11420-0),Ana Carolina Góes Martins,Luiz Henrique Portela de Abreu,Registrado
,Sofá,"Abraçadeira nylon 200x2,5mm PT T-18R",0.4468,Av. João Valério,Sala 5,São Geraldo,69053358,Manaus,Amazonas,,,95,IFAM 2022-007 - TELLESCOM.EMBRAPII - STIPARE_INOVA (11419-7/11420-0),Ana Carolina Góes Martins,Luiz Henrique Portela de Abreu,Registrado
,Sofá,"Abraçadeira nylon 200x2,5mm PT T-18R",0.4468,Av. João Valério,Sala 5,São Geraldo,69053358,Manaus,Amazonas,,,95,IFAM 2022-007 - TELLESCOM.EMBRAPII - STIPARE_INOVA (11419-7/11420-0),Ana Carolina Góes Martins,Luiz Henrique Portela de Abreu,Registrado
,Sofá,"Abraçadeira nylon 200x2,5mm PT T-18R",0.4468,Av. João Valério,Sala 5,São Geraldo,69053358,Manaus,Amazonas,,,95,IFAM 2022-007 - TELLESCOM.EMBRAPII - STIPARE_INOVA (11419-7/11420-0),Ana Carolina Góes Martins,Luiz Henrique Portela de Abreu,Registrado
,Sofá,"Abraçadeira nylon 200x2,5mm PT T-18R",0.4468,Av. João Valério,Sala 5,São Geraldo,69053358,Manaus,Amazonas,,,95,IFAM 2022-007 - TELLESCOM.EMBRAPII - STIPARE_INOVA (11419-7/11420-0),Ana Carolina Góes Martins,Luiz Henrique Portela de Abreu,Registrado
,Sofá,"Abraçadeira nylon 200x2,5mm PT T-18R",0.4468,Av. João Valério,Sala 5,São Geraldo,69053358,Manaus,Amazonas,,,95,IFAM 2022-007 - TELLESCOM.EMBRAPII - STIPARE_INOVA (11419-7/11420-0),Ana Carolina Góes Martins,Luiz Henrique Portela de Abreu,Registrado
,Sofá,"Abraçadeira nylon 200x2,5mm PT T-18R",0.4468,Av. João Valério,Sala 5,São Geraldo,69053358,Manaus,Amazonas,,,95,IFAM 2022-007 - TELLESCOM.EMBRAPII - STIPARE_INOVA (11419-7/11420-0),Ana Carolina Góes Martins,Luiz Henrique Portela de Abreu,Registrado
,Sofá,"Abraçadeira nylon 200x2,5mm PT T-18R",0.4468,Av. João Valério,Sala 5,São Geraldo,69053358,Manaus,Amazonas,,,95,IFAM 2022-007 - TELLESCOM.EMBRAPII - STIPARE_INOVA (11419-7/11420-0),Ana Carolina Góes Martins,Luiz Henrique Portela de Abreu,Registrado
,Sofá,"Abraçadeira nylon 200x2,5mm PT T-18R",0.4468,Av. João Valério,Sala 5,São Geraldo,69053358,Manaus,Amazonas,,,95,IFAM 2022-007 - TELLESCOM.EMBRAPII - STIPARE_INOVA (11419-7/11420-0),Ana Carolina Góes Martins,Luiz Henrique Portela de Abreu,Registrado
,Sofá,"Abraçadeira nylon 200x2,5mm PT T-18R",0.4468,Av. João Valério,Sala 5,São Geraldo,69053358,Manaus,Amazonas,,,95,IFAM 2022-007 - TELLESCOM.EMBRAPII - STIPARE_INOVA (11419-7/11420-0),Ana Carolina Góes Martins,Luiz Henrique Portela de Abreu,Registrado
,Sofá,"Abraçadeira nylon 200x2,5mm PT T-18R",0.4468,Av. João Valério,Sala 5,São Geraldo,69053358,Manaus,Amazonas,,,95,IFAM 2022-007 - TELLESCOM.EMBRAPII - STIPARE_INOVA (11419-7/11420-0),Ana Carolina Góes Martins,Luiz Henrique Portela de Abreu,Registrado
,Sofá,"Abraçadeira nylon 200x2,5mm PT T-18R",0.4468,Av. João Valério,Sala 5,São Geraldo,69053358,Manaus,Amazonas,,,95,IFAM 2022-007 - TELLESCOM.EMBRAPII - STIPARE_INOVA (11419-7/11420-0),Ana Carolina Góes Martins,Luiz Henrique Portela de Abreu,Registrado
,Sofá,"Abraçadeira nylon 200x2,5mm PT T-18R",0.4468,Av. João Valério,Sala 5,São Geraldo,69053358,Manaus,Amazonas,,,95,IFAM 2022-007 - TELLESCOM.EMBRAPII - STIPARE_INOVA (11419-7/11420-0),Ana Carolina Góes Martins,Luiz Henrique Portela de Abreu,Registrado
,Sofá,"Abraçadeira nylon 200x2,5mm PT T-18R",0.4468,Av. João Valério,Sala 5,São Geraldo,69053358,Manaus,Amazonas,,,95,IFAM 2022-007 - TELLESCOM.EMBRAPII - STIPARE_INOVA (11419-7/11420-0),Ana Carolina Góes Martins,Luiz Henrique Portela de Abreu,Registrado
,Sofá,"Abraçadeira nylon 200x2,5mm PT T-18R",0.4468,Av. João Valério,Sala 5,São Geraldo,69053358,Manaus,Amazonas,,,95,IFAM 2022-007 - TELLESCOM.EMBRAPII - STIPARE_INOVA (11419-7/11420-0),Ana Carolina Góes Martins,Luiz Henrique Portela de Abreu,Registrado
,Sofá,"Abraçadeira nylon 200x2,5mm PT T-18R",0.4468,Av. João Valério,Sala 5,São Geraldo,69053358,Manaus,Amazonas,,,95,IFAM 2022-007 - TELLESCOM.EMBRAPII - STIPARE_INOVA (11419-7/11420-0),Ana Carolina Góes Martins,Luiz Henrique Portela de Abreu,Registrado
,Sofá,"Abraçadeira nylon 200x2,5mm PT T-18R",0.4468,Av. João Valério,Sala 5,São Geraldo,69053358,Manaus,Amazonas,,,95,IFAM 2022-007 - TELLESCOM.EMBRAPII - STIPARE_INOVA (11419-7/11420-0),Ana Carolina Góes Martins,Luiz Henrique Portela de Abreu,Registrado
,Sofá,"Abraçadeira nylon 200x2,5mm PT T-18R",0.4468,Av. João Valério,Sala 5,São Geraldo,69053358,Manaus,Amazonas,,,95,IFAM 2022-007 - TELLESCOM.EMBRAPII - STIPARE_INOVA (11419-7/11420-0),Ana Carolina Góes Martins,Luiz Henrique Portela de Abreu,Registrado
,Sofá,"Abraçadeira nylon 200x2,5mm PT T-18R",0.4468,Av. João Valério,Sala 5,São Geraldo,69053358,Manaus,Amazonas,,,95,IFAM 2022-007 - TELLESCOM.EMBRAPII - STIPARE_INOVA (11419-7/11420-0),Ana Carolina Góes Martins,Luiz Henrique Portela de Abreu,Registrado
,Sofá,"Abraçadeira nylon 200x2,5mm PT T-18R",0.4468,Av. João Valério,Sala 5,São Geraldo,69053358,Manaus,Amazonas,,,95,IFAM 2022-007 - TELLESCOM.EMBRAPII - STIPARE_INOVA (11419-7/11420-0),Ana Carolina Góes Martins,Luiz Henrique Portela de Abreu,Registrado
,Sofá,"Abraçadeira nylon 200x2,5mm PT T-18R",0.4468,Av. João Valério,Sala 5,São Geraldo,69053358,Manaus,Amazonas,,,95,IFAM 2022-007 - TELLESCOM.EMBRAPII - STIPARE_INOVA (11419-7/11420-0),Ana Carolina Góes Martins,Luiz Henrique Portela de Abreu,Registrado
,Sofá,"Abraçadeira nylon 200x2,5mm PT T-18R",0.4468,Av. João Valério,Sala 5,São Geraldo,69053358,Manaus,Amazonas,,,95,IFAM 2022-007 - TELLESCOM.EMBRAPII - STIPARE_INOVA (11419-7/11420-0),Ana Carolina Góes Martins,Luiz Henrique Portela de Abreu,Registrado
,Sofá,"Abraçadeira nylon 200x2,5mm PT T-18R",0.4468,Av. João Valério,Sala 5,São Geraldo,69053358,Manaus,Amazonas,,,95,IFAM 2022-007 - TELLESCOM.EMBRAPII - STIPARE_INOVA (11419-7/11420-0),Ana Carolina Góes Martins,Luiz Henrique Portela de Abreu,Registrado
,Sofá,"Abraçadeira nylon 200x2,5mm PT T-18R",0.4468,Av. João Valério,Sala 5,São Geraldo,69053358,Manaus,Amazonas,,,95,IFAM 2022-007 - TELLESCOM.EMBRAPII - STIPARE_INOVA (11419-7/11420-0),Ana Carolina Góes Martins,Luiz Henrique Portela de Abreu,Registrado
,Sofá,"Abraçadeira nylon 200x2,5mm PT T-18R",0.4468,Av. João Valério,Sala 5,São Geraldo,69053358,Manaus,Amazonas,,,95,IFAM 2022-007 - TELLESCOM.EMBRAPII - STIPARE_INOVA (11419-7/11420-0),Ana Carolina Góes Martins,Luiz Henrique Portela de Abreu,Registrado
,Sofá,"Abraçadeira nylon 200x2,5mm PT T-18R",0.4468,Av. João Valério,Sala 5,São Geraldo,69053358,Manaus,Amazonas,,,95,IFAM 2022-007 - TELLESCOM.EMBRAPII - STIPARE_INOVA (11419-7/11420-0),Ana Carolina Góes Martins,Luiz Henrique Portela de Abreu,Registrado
,Sofá,"Abraçadeira nylon 200x2,5mm PT T-18R",0.4468,Av. João Valério,Sala 5,São Geraldo,69053358,Manaus,Amazonas,,,95,IFAM 2022-007 - TELLESCOM.EMBRAPII - STIPARE_INOVA (11419-7/11420-0),Ana Carolina Góes Martins,Luiz Henrique Portela de Abreu,Registrado
,Sofá,"Abraçadeira nylon 200x2,5mm PT T-18R",0.4468,Av. João Valério,Sala 5,São Geraldo,69053358,Manaus,Amazonas,,,95,IFAM 2022-007 - TELLESCOM.EMBRAPII - STIPARE_INOVA (11419-7/11420-0),Ana Carolina Góes Martins,Luiz Henrique Portela de Abreu,Registrado
,Sofá,"Abraçadeira nylon 200x2,5mm PT T-18R",0.4468,Av. João Valério,Sala 5,São Geraldo,69053358,Manaus,Amazonas,,,95,IFAM 2022-007 - TELLESCOM.EMBRAPII - STIPARE_INOVA (11419-7/11420-0),Ana Carolina Góes Martins,Luiz Henrique Portela de Abreu,Registrado
,Sofá,"Abraçadeira nylon 200x2,5mm PT T-18R",0.4468,Av. João Valério,Sala 5,São Geraldo,69053358,Manaus,Amazonas,,,95,IFAM 2022-007 - TELLESCOM.EMBRAPII - STIPARE_INOVA (11419-7/11420-0),Ana Carolina Góes Martins,Luiz Henrique Portela de Abreu,Registrado
,Sofá,"Abraçadeira nylon 200x2,5mm PT T-18R",0.4468,Av. João Valério,Sala 5,São Geraldo,69053358,Manaus,Amazonas,,,95,IFAM 2022-007 - TELLESCOM.EMBRAPII - STIPARE_INOVA (11419-7/11420-0),Ana Carolina Góes Martins,Luiz Henrique Portela de Abreu,Registrado
,Sofá,"Abraçadeira nylon 200x2,5mm PT T-18R",0.4468,Av. João Valério,Sala 5,São Geraldo,69053358,Manaus,Amazonas,,,95,IFAM 2022-007 - TELLESCOM.EMBRAPII - STIPARE_INOVA (11419-7/11420-0),Ana Carolina Góes Martins,Luiz Henrique Portela de Abreu,Registrado
,Sofá,"Abraçadeira nylon 200x2,5mm PT T-18R",0.4468,Av. João Valério,Sala 5,São Geraldo,69053358,Manaus,Amazonas,,,95,IFAM 2022-007 - TELLESCOM.EMBRAPII - STIPARE_INOVA (11419-7/11420-0),Ana Carolina Góes Martins,Luiz Henrique Portela de Abreu,Registrado
,Sofá,"Abraçadeira nylon 200x2,5mm PT T-18R",0.4468,Av. João Valério,Sala 5,São Geraldo,69053358,Manaus,Amazonas,,,95,IFAM 2022-007 - TELLESCOM.EMBRAPII - STIPARE_INOVA (11419-7/11420-0),Ana Carolina Góes Martins,Luiz Henrique Portela de Abreu,Registrado
,Sofá,"Abraçadeira nylon 200x2,5mm PT T-18R",0.4468,Av. João Valério,Sala 5,São Geraldo,69053358,Manaus,Amazonas,,,95,IFAM 2022-007 - TELLESCOM.EMBRAPII - STIPARE_INOVA (11419-7/11420-0),Ana Carolina Góes Martins,Luiz Henrique Portela de Abreu,Registrado
,Sofá,"Abraçadeira nylon 200x2,5mm PT T-18R",0.4468,Av. João Valério,Sala 5,São Geraldo,69053358,Manaus,Amazonas,,,95,IFAM 2022-007 - TELLESCOM.EMBRAPII - STIPARE_INOVA (11419-7/11420-0),Ana Carolina Góes Martins,Luiz Henrique Portela de Abreu,Registrado
,Sofá,"Abraçadeira nylon 200x2,5mm PT T-18R",0.4468,Av. João Valério,Sala 5,São Geraldo,69053358,Manaus,Amazonas,,,95,IFAM 2022-007 - TELLESCOM.EMBRAPII - STIPARE_INOVA (11419-7/11420-0),Ana Carolina Góes Martins,Luiz Henrique Portela de Abreu,Registrado
,Sofá,"Abraçadeira nylon 200x2,5mm PT T-18R",0.4468,Av. João Valério,Sala 5,São Geraldo,69053358,Manaus,Amazonas,,,95,IFAM 2022-007 - TELLESCOM.EMBRAPII - STIPARE_INOVA (11419-7/11420-0),Ana Carolina Góes Martins,Luiz Henrique Portela de Abreu,Registrado
,Sofá,"Abraçadeira nylon 200x2,5mm PT T-18R",0.4468,Av. João Valério,Sala 5,São Geraldo,69053358,Manaus,Amazonas,,,95,IFAM 2022-007 - TELLESCOM.EMBRAPII - STIPARE_INOVA (11419-7/11420-0),Ana Carolina Góes Martins,Luiz Henrique Portela de Abreu,Registrado
,Sofá,"Abraçadeira nylon 200x2,5mm PT T-18R",0.4468,Av. João Valério,Sala 5,São Geraldo,69053358,Manaus,Amazonas,,,95,IFAM 2022-007 - TELLESCOM.EMBRAPII - STIPARE_INOVA (11419-7/11420-0),Ana Carolina Góes Martins,Luiz Henrique Portela de Abreu,Registrado
,Sofá,"Abraçadeira nylon 200x2,5mm PT T-18R",0.4468,Av. João Valério,Sala 5,São Geraldo,69053358,Manaus,Amazonas,,,95,IFAM 2022-007 - TELLESCOM.EMBRAPII - STIPARE_INOVA (11419-7/11420-0),Ana Carolina Góes Martins,Luiz Henrique Portela de Abreu,Registrado
,Sofá,"Abraçadeira nylon 200x2,5mm PT T-18R",0.4468,Av. João Valério,Sala 5,São Geraldo,69053358,Manaus,Amazonas,,,95,IFAM 2022-007 - TELLESCOM.EMBRAPII - STIPARE_INOVA (11419-7/11420-0),Ana Carolina Góes Martins,Luiz Henrique Portela de Abreu,Registrado
,Sofá,"Abraçadeira nylon 200x2,5mm PT T-18R",0.4468,Av. João Valério,Sala 5,São Geraldo,69053358,Manaus,Amazonas,,,95,IFAM 2022-007 - TELLESCOM.EMBRAPII - STIPARE_INOVA (11419-7/11420-0),Ana Carolina Góes Martins,Luiz Henrique Portela de Abreu,Registrado
,Sofá,"Abraçadeira nylon 200x2,5mm PT T-18R",0.4468,Av. João Valério,Sala 5,São Geraldo,69053358,Manaus,Amazonas,,,95,IFAM 2022-007 - TELLESCOM.EMBRAPII - STIPARE_INOVA (11419-7/11420-0),Ana Carolina Góes Martins,Luiz Henrique Portela de Abreu,Registrado
,Sofá,"Abraçadeira nylon 200x2,5mm PT T-18R",0.4468,Av. João Valério,Sala 5,São Geraldo,69053358,Manaus,Amazonas,,,95,IFAM 2022-007 - TELLESCOM.EMBRAPII - STIPARE_INOVA (11419-7/11420-0),Ana Carolina Góes Martins,Luiz Henrique Portela de Abreu,Registrado
,Sofá,"Abraçadeira nylon 200x2,5mm PT T-18R",0.4468,Av. João Valério,Sala 5,São Geraldo,69053358,Manaus,Amazonas,,,95,IFAM 2022-007 - TELLESCOM.EMBRAPII - STIPARE_INOVA (11419-7/11420-0),Ana Carolina Góes Martins,Luiz Henrique Portela de Abreu,Registrado
,Sofá,"Abraçadeira nylon 200x2,5mm PT T-18R",0.4468,Av. João Valério,Sala 5,São Geraldo,69053358,Manaus,Amazonas,,,95,IFAM 2022-007 - TELLESCOM.EMBRAPII - STIPARE_INOVA (11419-7/11420-0),Ana Carolina Góes Martins,Luiz Henrique Portela de Abreu,Registrado
,Sofá,"Abraçadeira nylon 200x2,5mm PT T-18R",0.4468,Av. João Valério,Sala 5,São Geraldo,69053358,Manaus,Amazonas,,,95,IFAM 2022-007 - TELLESCOM.EMBRAPII - STIPARE_INOVA (11419-7/11420-0),Ana Carolina Góes Martins,Luiz Henrique Portela de Abreu,Registrado
,Sofá,"Abraçadeira nylon 200x2,5mm PT T-18R",0.4468,Av. João Valério,Sala 5,São Geraldo,69053358,Manaus,Amazonas,,,95,IFAM 2022-007 - TELLESCOM.EMBRAPII - STIPARE_INOVA (11419-7/11420-0),Ana Carolina Góes Martins,Luiz Henrique Portela de Abreu,Registrado
,Sofá,"Abraçadeira nylon 200x2,5mm PT T-18R",0.4468,Av. João Valério,Sala 5,São Geraldo,69053358,Manaus,Amazonas,,,95,IFAM 2022-007 - TELLESCOM.EMBRAPII - STIPARE_INOVA (11419-7/11420-0),Ana Carolina Góes Martins,Luiz Henrique Portela de Abreu,Registrado
,Sofá,"Abraçadeira nylon 200x2,5mm PT T-18R",0.4468,Av. João Valério,Sala 5,São Geraldo,69053358,Manaus,Amazonas,,,95,IFAM 2022-007 - TELLESCOM.EMBRAPII - STIPARE_INOVA (11419-7/11420-0),Ana Carolina Góes Martins,Luiz Henrique Portela de Abreu,Registrado
,Sofá,"Abraçadeira nylon 200x2,5mm PT T-18R",0.4468,Av. João Valério,Sala 5,São Geraldo,69053358,Manaus,Amazonas,,,95,IFAM 2022-007 - TELLESCOM.EMBRAPII - STIPARE_INOVA (11419-7/11420-0),Ana Carolina Góes Martins,Luiz Henrique Portela de Abreu,Registrado
,Sofá,"Abraçadeira nylon 200x2,5mm PT T-18R",0.4468,Av. João Valério,Sala 5,São Geraldo,69053358,Manaus,Amazonas,,,95,IFAM 2022-007 - TELLESCOM.EMBRAPII - STIPARE_INOVA (11419-7/11420-0),Ana Carolina Góes Martins,Luiz Henrique Portela de Abreu,Registrado
,Sofá,"Abraçadeira nylon 200x2,5mm PT T-18R",0.4468,Av. João Valério,Sala 5,São Geraldo,69053358,Manaus,Amazonas,,,95,IFAM 2022-007 - TELLESCOM.EMBRAPII - STIPARE_INOVA (11419-7/11420-0),Ana Carolina Góes Martins,Luiz Henrique Portela de Abreu,Registrado
,Sofá,"Abraçadeira nylon 200x2,5mm PT T-18R",0.4468,Av. João Valério,Sala 5,São Geraldo,69053358,Manaus,Amazonas,,,95,IFAM 2022-007 - TELLESCOM.EMBRAPII - STIPARE_INOVA (11419-7/11420-0),Ana Carolina Góes Martins,Luiz Henrique Portela de Abreu,Registrado
,Sofá,"Abraçadeira nylon 200x2,5mm PT T-18R",0.4468,Av. João Valério,Sala 5,São Geraldo,69053358,Manaus,Amazonas,,,95,IFAM 2022-007 - TELLESCOM.EMBRAPII - STIPARE_INOVA (11419-7/11420-0),Ana Carolina Góes Martins,Luiz Henrique Portela de Abreu,Registrado
,Sofá,"Abraçadeira nylon 200x2,5mm PT T-18R",0.4468,Av. João Valério,Sala 5,São Geraldo,69053358,Manaus,Amazonas,,,95,IFAM 2022-007 - TELLESCOM.EMBRAPII - STIPARE_INOVA (11419-7/11420-0),Ana Carolina Góes Martins,Luiz Henrique Portela de Abreu,Registrado
,Sofá,"Abraçadeira nylon 200x2,5mm PT T-18R",0.4468,Av. João Valério,Sala 5,São Geraldo,69053358,Manaus,Amazonas,,,95,IFAM 2022-007 - TELLESCOM.EMBRAPII - STIPARE_INOVA (11419-7/11420-0),Ana Carolina Góes Martins,Luiz Henrique Portela de Abreu,Registrado
,Sofá,"Abraçadeira nylon 200x2,5mm PT T-18R",0.4468,Av. João Valério,Sala 5,São Geraldo,69053358,Manaus,Amazonas,,,95,IFAM 2022-007 - TELLESCOM.EMBRAPII - STIPARE_INOVA (11419-7/11420-0),Ana Carolina Góes Martins,Luiz Henrique Portela de Abreu,Registrado
,Sofá,"Abraçadeira nylon 200x2,5mm PT T-18R",0.4468,Av. João Valério,Sala 5,São Geraldo,69053358,Manaus,Amazonas,,,95,IFAM 2022-007 - TELLESCOM.EMBRAPII - STIPARE_INOVA (11419-7/11420-0),Ana Carolina Góes Martins,Luiz Henrique Portela de Abreu,Registrado
,Sofá,"Abraçadeira nylon 200x2,5mm PT T-18R",0.4468,Av. João Valério,Sala 5,São Geraldo,69053358,Manaus,Amazonas,,,95,IFAM 2022-007 - TELLESCOM.EMBRAPII - STIPARE_INOVA (11419-7/11420-0),Ana Carolina Góes Martins,Luiz Henrique Portela de Abreu,Registrado
,Sofá,"Abraçadeira nylon 200x2,5mm PT T-18R",0.4468,Av. João Valério,Sala 5,São Geraldo,69053358,Manaus,Amazonas,,,95,IFAM 2022-007 - TELLESCOM.EMBRAPII - STIPARE_INOVA (11419-7/11420-0),Ana Carolina Góes Martins,Luiz Henrique Portela de Abreu,Registrado
,Sofá,"Abraçadeira nylon 200x2,5mm PT T-18R",0.4468,Av. João Valério,Sala 5,São Geraldo,69053358,Manaus,Amazonas,,,95,IFAM 2022-007 - TELLESCOM.EMBRAPII - STIPARE_INOVA (11419-7/11420-0),Ana Carolina Góes Martins,Luiz Henrique Portela de Abreu,Registrado
,Sofá,"Abraçadeira nylon 200x2,5mm PT T-18R",0.4468,Av. João Valério,Sala 5,São Geraldo,69053358,Manaus,Amazonas,,,95,IFAM 2022-007 - TELLESCOM.EMBRAPII - STIPARE_INOVA (11419-7/11420-0),Ana Carolina Góes Martins,Luiz Henrique Portela de Abreu,Registrado
,Sofá,"Abraçadeira nylon 200x2,5mm PT T-18R",0.4468,Av. João Valério,Sala 5,São Geraldo,69053358,Manaus,Amazonas,,,95,IFAM 2022-007 - TELLESCOM.EMBRAPII - STIPARE_INOVA (11419-7/11420-0),Ana Carolina Góes Martins,Luiz Henrique Portela de Abreu,Registrado
,Sofá,"Abraçadeira nylon 200x2,5mm PT T-18R",0.4468,Av. João Valério,Sala 5,São Geraldo,69053358,Manaus,Amazonas,,,95,IFAM 2022-007 - TELLESCOM.EMBRAPII - STIPARE_INOVA (11419-7/11420-0),Ana Carolina Góes Martins,Luiz Henrique Portela de Abreu,Registrado
,Sofá,"Abraçadeira nylon 200x2,5mm PT T-18R",0.4468,Av. João Valério,Sala 5,São Geraldo,69053358,Manaus,Amazonas,,,95,IFAM 2022-007 - TELLESCOM.EMBRAPII - STIPARE_INOVA (11419-7/11420-0),Ana Carolina Góes Martins,Luiz Henrique Portela de Abreu,Registrado
,Sofá,"Abraçadeira nylon 200x2,5mm PT T-18R",0.4468,Av. João Valério,Sala 5,São Geraldo,69053358,Manaus,Amazonas,,,95,IFAM 2022-007 - TELLESCOM.EMBRAPII - STIPARE_INOVA (11419-7/11420-0),Ana Carolina Góes Martins,Luiz Henrique Portela de Abreu,Registrado
,Sofá,"Abraçadeira nylon 200x2,5mm PT T-18R",0.4468,Av. João Valério,Sala 5,São Geraldo,69053358,Manaus,Amazonas,,,95,IFAM 2022-007 - TELLESCOM.EMBRAPII - STIPARE_INOVA (11419-7/11420-0),Ana Carolina Góes Martins,Luiz Henrique Portela de Abreu,Registrado
,Sofá,"Abraçadeira nylon 200x2,5mm PT T-18R",0.4468,Av. João Valério,Sala 5,São Geraldo,69053358,Manaus,Amazonas,,,95,IFAM 2022-007 - TELLESCOM.EMBRAPII - STIPARE_INOVA (11419-7/11420-0),Ana Carolina Góes Martins,Luiz Henrique Portela de Abreu,Registrado
,Sofá,"Abraçadeira nylon 200x2,5mm PT T-18R",0.4468,Av. João Valério,Sala 5,São Geraldo,69053358,Manaus,Amazonas,,,95,IFAM 2022-007 - TELLESCOM.EMBRAPII - STIPARE_INOVA (11419-7/11420-0),Ana Carolina Góes Martins,Luiz Henrique Portela de Abreu,Registrado
,Sofá,"Abraçadeira nylon 200x2,5mm PT T-18R",0.4468,Av. João Valério,Sala 5,São Geraldo,69053358,Manaus,Amazonas,,,95,IFAM 2022-007 - TELLESCOM.EMBRAPII - STIPARE_INOVA (11419-7/11420-0),Ana Carolina Góes Martins,Luiz Henrique Portela de Abreu,Registrado
,Sofá,"Abraçadeira nylon 200x2,5mm PT T-18R",0.4468,Av. João Valério,Sala 5,São Geraldo,69053358,Manaus,Amazonas,,,95,IFAM 2022-007 - TELLESCOM.EMBRAPII - STIPARE_INOVA (11419-7/11420-0),Ana Carolina Góes Martins,Luiz Henrique Portela de Abreu,Registrado
,Sofá,"Abraçadeira nylon 200x2,5mm PT T-18R",0.4468,Av. João Valério,Sala 5,São Geraldo,69053358,Manaus,Amazonas,,,95,IFAM 2022-007 - TELLESCOM.EMBRAPII - STIPARE_INOVA (11419-7/11420-0),Ana Carolina Góes Martins,Luiz Henrique Portela de Abreu,Registrado
,Sofá,"Abraçadeira nylon 200x2,5mm PT T-18R",0.4468,Av. João Valério,Sala 5,São Geraldo,69053358,Manaus,Amazonas,,,95,IFAM 2022-007 - TELLESCOM.EMBRAPII - STIPARE_INOVA (11419-7/11420-0),Ana Carolina Góes Martins,Luiz Henrique Portela de Abreu,Registrado
,Sofá,"Abraçadeira nylon 200x2,5mm PT T-18R",0.4468,Av. João Valério,Sala 5,São Geraldo,69053358,Manaus,Amazonas,,,95,IFAM 2022-007 - TELLESCOM.EMBRAPII - STIPARE_INOVA (11419-7/11420-0),Ana Carolina Góes Martins,Luiz Henrique Portela de Abreu,Registrado
,Sofá,"Abraçadeira nylon 200x2,5mm PT T-18R",0.4468,Av. João Valério,Sala 5,São Geraldo,69053358,Manaus,Amazonas,,,95,IFAM 2022-007 - TELLESCOM.EMBRAPII - STIPARE_INOVA (11419-7/11420-0),Ana Carolina Góes Martins,Luiz Henrique Portela de Abreu,Registrado
,Sofá,"Abraçadeira nylon 200x2,5mm PT T-18R",0.4468,Av. João Valério,Sala 5,São Geraldo,69053358,Manaus,Amazonas,,,95,IFAM 2022-007 - TELLESCOM.EMBRAPII - STIPARE_INOVA (11419-7/11420-0),Ana Carolina Góes Martins,Luiz Henrique Portela de Abreu,Registrado
,Sofá,"Abraçadeira nylon 200x2,5mm PT T-18R",0.4468,Av. João Valério,Sala 5,São Geraldo,69053358,Manaus,Amazonas,,,95,IFAM 2022-007 - TELLESCOM.EMBRAPII - STIPARE_INOVA (11419-7/11420-0),Ana Carolina Góes Martins,Luiz Henrique Portela de Abreu,Registrado
,Sofá,"Abraçadeira nylon 200x2,5mm PT T-18R",0.4468,Av. João Valério,Sala 5,São Geraldo,69053358,Manaus,Amazonas,,,95,IFAM 2022-007 - TELLESCOM.EMBRAPII - STIPARE_INOVA (11419-7/11420-0),Ana Carolina Góes Martins,Luiz Henrique Portela de Abreu,Registrado
,Sofá,"Abraçadeira nylon 200x2,5mm PT T-18R",0.4468,Av. João Valério,Sala 5,São Geraldo,69053358,Manaus,Amazonas,,,95,IFAM 2022-007 - TELLESCOM.EMBRAPII - STIPARE_INOVA (11419-7/11420-0),Ana Carolina Góes Martins,Luiz Henrique Portela de Abreu,Registrado
,Sofá,"Abraçadeira nylon 200x2,5mm PT T-18R",0.4468,Av. João Valério,Sala 5,São Geraldo,69053358,Manaus,Amazonas,,,95,IFAM 2022-007 - TELLESCOM.EMBRAPII - STIPARE_INOVA (11419-7/11420-0),Ana Carolina Góes Martins,Luiz Henrique Portela de Abreu,Registrado
,Sofá,"Abraçadeira nylon 200x2,5mm PT T-18R",0.4468,Av. João Valério,Sala 5,São Geraldo,69053358,Manaus,Amazonas,,,95,IFAM 2022-007 - TELLESCOM.EMBRAPII - STIPARE_INOVA (11419-7/11420-0),Ana Carolina Góes Martins,Luiz Henrique Portela de Abreu,Registrado
,Sofá,"Abraçadeira nylon 200x2,5mm PT T-18R",0.4468,Av. João Valério,Sala 5,São Geraldo,69053358,Manaus,Amazonas,,,95,IFAM 2022-007 - TELLESCOM.EMBRAPII - STIPARE_INOVA (11419-7/11420-0),Ana Carolina Góes Martins,Luiz Henrique Portela de Abreu,Registrado
,Sofá,"Abraçadeira nylon 200x2,5mm PT T-18R",0.4468,Av. João Valério,Sala 5,São Geraldo,69053358,Manaus,Amazonas,,,95,IFAM 2022-007 - TELLESCOM.EMBRAPII - STIPARE_INOVA (11419-7/11420-0),Ana Carolina Góes Martins,Luiz Henrique Portela de Abreu,Registrado
,Sofá,"Abraçadeira nylon 200x2,5mm PT T-18R",0.4468,Av. João Valério,Sala 5,São Geraldo,69053358,Manaus,Amazonas,,,95,IFAM 2022-007 - TELLESCOM.EMBRAPII - STIPARE_INOVA (11419-7/11420-0),Ana Carolina Góes Martins,Luiz Henrique Portela de Abreu,Registrado
,Sofá,"Abraçadeira nylon 200x2,5mm PT T-18R",0.4468,Av. João Valério,Sala 5,São Geraldo,69053358,Manaus,Amazonas,,,95,IFAM 2022-007 - TELLESCOM.EMBRAPII - STIPARE_INOVA (11419-7/11420-0),Ana Carolina Góes Martins,Luiz Henrique Portela de Abreu,Registrado
,Sofá,"Abraçadeira nylon 200x2,5mm PT T-18R",0.4468,Av. João Valério,Sala 5,São Geraldo,69053358,Manaus,Amazonas,,,95,IFAM 2022-007 - TELLESCOM.EMBRAPII - STIPARE_INOVA (11419-7/11420-0),Ana Carolina Góes Martins,Luiz Henrique Portela de Abreu,Registrado
,Sofá,"Abraçadeira nylon 200x2,5mm PT T-18R",0.4468,Av. João Valério,Sala 5,São Geraldo,69053358,Manaus,Amazonas,,,95,IFAM 2022-007 - TELLESCOM.EMBRAPII - STIPARE_INOVA (11419-7/11420-0),Ana Carolina Góes Martins,Luiz Henrique Portela de Abreu,Registrado
,Sofá,"Abraçadeira nylon 200x2,5mm PT T-18R",0.4468,Av. João Valério,Sala 5,São Geraldo,69053358,Manaus,Amazonas,,,95,IFAM 2022-007 - TELLESCOM.EMBRAPII - STIPARE_INOVA (11419-7/11420-0),Ana Carolina Góes Martins,Luiz Henrique Portela de Abreu,Registrado
,Sofá,"Abraçadeira nylon 200x2,5mm PT T-18R",0.4468,Av. João Valério,Sala 5,São Geraldo,69053358,Manaus,Amazonas,,,95,IFAM 2022-007 - TELLESCOM.EMBRAPII - STIPARE_INOVA (11419-7/11420-0),Ana Carolina Góes Martins,Luiz Henrique Portela de Abreu,Registrado
,Sofá,"Abraçadeira nylon 200x2,5mm PT T-18R",0.4468,Av. João Valério,Sala 5,São Geraldo,69053358,Manaus,Amazonas,,,95,IFAM 2022-007 - TELLESCOM.EMBRAPII - STIPARE_INOVA (11419-7/11420-0),Ana Carolina Góes Martins,Luiz Henrique Portela de Abreu,Registrado
,Sofá,"Abraçadeira nylon 200x2,5mm PT T-18R",0.4468,Av. João Valério,Sala 5,São Geraldo,69053358,Manaus,Amazonas,,,95,IFAM 2022-007 - TELLESCOM.EMBRAPII - STIPARE_INOVA (11419-7/11420-0),Ana Carolina Góes Martins,Luiz Henrique Portela de Abreu,Registrado
,Sofá,"Abraçadeira nylon 200x2,5mm PT T-18R",0.4468,Av. João Valério,Sala 5,São Geraldo,69053358,Manaus,Amazonas,,,95,IFAM 2022-007 - TELLESCOM.EMBRAPII - STIPARE_INOVA (11419-7/11420-0),Ana Carolina Góes Martins,Luiz Henrique Portela de Abreu,Registrado
,Sofá,"Abraçadeira nylon 200x2,5mm PT T-18R",0.4468,Av. João Valério,Sala 5,São Geraldo,69053358,Manaus,Amazonas,,,95,IFAM 2022-007 - TELLESCOM.EMBRAPII - STIPARE_INOVA (11419-7/11420-0),Ana Carolina Góes Martins,Luiz Henrique Portela de Abreu,Registrado
,Sofá,"Abraçadeira nylon 200x2,5mm PT T-18R",0.4468,Av. João Valério,Sala 5,São Geraldo,69053358,Manaus,Amazonas,,,95,IFAM 2022-007 - TELLESCOM.EMBRAPII - STIPARE_INOVA (11419-7/11420-0),Ana Carolina Góes Martins,Luiz Henrique Portela de Abreu,Registrado
,Sofá,"Abraçadeira nylon 200x2,5mm PT T-18R",0.4468,Av. João Valério,Sala 5,São Geraldo,69053358,Manaus,Amazonas,,,95,IFAM 2022-007 - TELLESCOM.EMBRAPII - STIPARE_INOVA (11419-7/11420-0),Ana Carolina Góes Martins,Luiz Henrique Portela de Abreu,Registrado
,Sofá,"Abraçadeira nylon 200x2,5mm PT T-18R",0.4468,Av. João Valério,Sala 5,São Geraldo,69053358,Manaus,Amazonas,,,95,IFAM 2022-007 - TELLESCOM.EMBRAPII - STIPARE_INOVA (11419-7/11420-0),Ana Carolina Góes Martins,Luiz Henrique Portela de Abreu,Registrado
,Sofá,"Abraçadeira nylon 200x2,5mm PT T-18R",0.4468,Av. João Valério,Sala 5,São Geraldo,69053358,Manaus,Amazonas,,,95,IFAM 2022-007 - TELLESCOM.EMBRAPII - STIPARE_INOVA (11419-7/11420-0),Ana Carolina Góes Martins,Luiz Henrique Portela de Abreu,Registrado
,Sofá,"Abraçadeira nylon 200x2,5mm PT T-18R",0.4468,Av. João Valério,Sala 5,São Geraldo,69053358,Manaus,Amazonas,,,95,IFAM 2022-007 - TELLESCOM.EMBRAPII - STIPARE_INOVA (11419-7/11420-0),Ana Carolina Góes Martins,Luiz Henrique Portela de Abreu,Registrado
,Sofá,"Abraçadeira nylon 200x2,5mm PT T-18R",0.4468,Av. João Valério,Sala 5,São Geraldo,69053358,Manaus,Amazonas,,,95,IFAM 2022-007 - TELLESCOM.EMBRAPII - STIPARE_INOVA (11419-7/11420-0),Ana Carolina Góes Martins,Luiz Henrique Portela de Abreu,Registrado
,Sofá,"Abraçadeira nylon 200x2,5mm PT T-18R",0.4468,Av. João Valério,Sala 5,São Geraldo,69053358,Manaus,Amazonas,,,95,IFAM 2022-007 - TELLESCOM.EMBRAPII - STIPARE_INOVA (11419-7/11420-0),Ana Carolina Góes Martins,Luiz Henrique Portela de Abreu,Registrado
,Sofá,"Abraçadeira nylon 200x2,5mm PT T-18R",0.4468,Av. João Valério,Sala 5,São Geraldo,69053358,Manaus,Amazonas,,,95,IFAM 2022-007 - TELLESCOM.EMBRAPII - STIPARE_INOVA (11419-7/11420-0),Ana Carolina Góes Martins,Luiz Henrique Portela de Abreu,Registrado
,Sofá,"Abraçadeira nylon 200x2,5mm PT T-18R",0.4468,Av. João Valério,Sala 5,São Geraldo,69053358,Manaus,Amazonas,,,95,IFAM 2022-007 - TELLESCOM.EMBRAPII - STIPARE_INOVA (11419-7/11420-0),Ana Carolina Góes Martins,Luiz Henrique Portela de Abreu,Registrado
,Sofá,"Abraçadeira nylon 200x2,5mm PT T-18R",0.4468,Av. João Valério,Sala 5,São Geraldo,69053358,Manaus,Amazonas,,,95,IFAM 2022-007 - TELLESCOM.EMBRAPII - STIPARE_INOVA (11419-7/11420-0),Ana Carolina Góes Martins,Luiz Henrique Portela de Abreu,Registrado
,Sofá,"Abraçadeira nylon 200x2,5mm PT T-18R",0.4468,Av. João Valério,Sala 5,São Geraldo,69053358,Manaus,Amazonas,,,95,IFAM 2022-007 - TELLESCOM.EMBRAPII - STIPARE_INOVA (11419-7/11420-0),Ana Carolina Góes Martins,Luiz Henrique Portela de Abreu,Registrado
,Sofá,"Abraçadeira nylon 200x2,5mm PT T-18R",0.4468,Av. João Valério,Sala 5,São Geraldo,69053358,Manaus,Amazonas,,,95,IFAM 2022-007 - TELLESCOM.EMBRAPII - STIPARE_INOVA (11419-7/11420-0),Ana Carolina Góes Martins,Luiz Henrique Portela de Abreu,Registrado
,Sofá,"Abraçadeira nylon 200x2,5mm PT T-18R",0.4468,Av. João Valério,Sala 5,São Geraldo,69053358,Manaus,Amazonas,,,95,IFAM 2022-007 - TELLESCOM.EMBRAPII - STIPARE_INOVA (11419-7/11420-0),Ana Carolina Góes Martins,Luiz Henrique Portela de Abreu,Registrado
,Sofá,"Abraçadeira nylon 200x2,5mm PT T-18R",0.4468,Av. João Valério,Sala 5,São Geraldo,69053358,Manaus,Amazonas,,,95,IFAM 2022-007 - TELLESCOM.EMBRAPII - STIPARE_INOVA (11419-7/11420-0),Ana Carolina Góes Martins,Luiz Henrique Portela de Abreu,Registrado
,Sofá,"Abraçadeira nylon 200x2,5mm PT T-18R",0.4468,Av. João Valério,Sala 5,São Geraldo,69053358,Manaus,Amazonas,,,95,IFAM 2022-007 - TELLESCOM.EMBRAPII - STIPARE_INOVA (11419-7/11420-0),Ana Carolina Góes Martins,Luiz Henrique Portela de Abreu,Registrado
,Sofá,"Abraçadeira nylon 200x2,5mm PT T-18R",0.4468,Av. João Valério,Sala 5,São Geraldo,69053358,Manaus,Amazonas,,,95,IFAM 2022-007 - TELLESCOM.EMBRAPII - STIPARE_INOVA (11419-7/11420-0),Ana Carolina Góes Martins,Luiz Henrique Portela de Abreu,Registrado
,Sofá,"Abraçadeira nylon 200x2,5mm PT T-18R",0.4468,Av. João Valério,Sala 5,São Geraldo,69053358,Manaus,Amazonas,,,95,IFAM 2022-007 - TELLESCOM.EMBRAPII - STIPARE_INOVA (11419-7/11420-0),Ana Carolina Góes Martins,Luiz Henrique Portela de Abreu,Registrado
,Sofá,"Abraçadeira nylon 200x2,5mm PT T-18R",0.4468,Av. João Valério,Sala 5,São Geraldo,69053358,Manaus,Amazonas,,,95,IFAM 2022-007 - TELLESCOM.EMBRAPII - STIPARE_INOVA (11419-7/11420-0),Ana Carolina Góes Martins,Luiz Henrique Portela de Abreu,Registrado
,Sofá,"Abraçadeira nylon 200x2,5mm PT T-18R",0.4468,Av. João Valério,Sala 5,São Geraldo,69053358,Manaus,Amazonas,,,95,IFAM 2022-007 - TELLESCOM.EMBRAPII - STIPARE_INOVA (11419-7/11420-0),Ana Carolina Góes Martins,Luiz Henrique Portela de Abreu,Registrado
,Sofá,"Abraçadeira nylon 200x2,5mm PT T-18R",0.4468,Av. João Valério,Sala 5,São Geraldo,69053358,Manaus,Amazonas,,,95,IFAM 2022-007 - TELLESCOM.EMBRAPII - STIPARE_INOVA (11419-7/11420-0),Ana Carolina Góes Martins,Luiz Henrique Portela de Abreu,Registrado
,Sofá,"Abraçadeira nylon 200x2,5mm PT T-18R",0.4468,Av. João Valério,Sala 5,São Geraldo,69053358,Manaus,Amazonas,,,95,IFAM 2022-007 - TELLESCOM.EMBRAPII - STIPARE_INOVA (11419-7/11420-0),Ana Carolina Góes Martins,Luiz Henrique Portela de Abreu,Registrado
,Sofá,"Abraçadeira nylon 200x2,5mm PT T-18R",0.4468,Av. João Valério,Sala 5,São Geraldo,69053358,Manaus,Amazonas,,,95,IFAM 2022-007 - TELLESCOM.EMBRAPII - STIPARE_INOVA (11419-7/11420-0),Ana Carolina Góes Martins,Luiz Henrique Portela de Abreu,Registrado
,Sofá,"Abraçadeira nylon 200x2,5mm PT T-18R",0.4468,Av. João Valério,Sala 5,São Geraldo,69053358,Manaus,Amazonas,,,95,IFAM 2022-007 - TELLESCOM.EMBRAPII - STIPARE_INOVA (11419-7/11420-0),Ana Carolina Góes Martins,Luiz Henrique Portela de Abreu,Registrado
,Sofá,"Abraçadeira nylon 200x2,5mm PT T-18R",0.4468,Av. João Valério,Sala 5,São Geraldo,69053358,Manaus,Amazonas,,,95,IFAM 2022-007 - TELLESCOM.EMBRAPII - STIPARE_INOVA (11419-7/11420-0),Ana Carolina Góes Martins,Luiz Henrique Portela de Abreu,Registrado
,Sofá,"Abraçadeira nylon 200x2,5mm PT T-18R",0.4468,Av. João Valério,Sala 5,São Geraldo,69053358,Manaus,Amazonas,,,95,IFAM 2022-007 - TELLESCOM.EMBRAPII - STIPARE_INOVA (11419-7/11420-0),Ana Carolina Góes Martins,Luiz Henrique Portela de Abreu,Registrado
,Sofá,"Abraçadeira nylon 200x2,5mm PT T-18R",0.4468,Av. João Valério,Sala 5,São Geraldo,69053358,Manaus,Amazonas,,,95,IFAM 2022-007 - TELLESCOM.EMBRAPII - STIPARE_INOVA (11419-7/11420-0),Ana Carolina Góes Martins,Luiz Henrique Portela de Abreu,Registrado
,Sofá,"Abraçadeira nylon 200x2,5mm PT T-18R",0.4468,Av. João Valério,Sala 5,São Geraldo,69053358,Manaus,Amazonas,,,95,IFAM 2022-007 - TELLESCOM.EMBRAPII - STIPARE_INOVA (11419-7/11420-0),Ana Carolina Góes Martins,Luiz Henrique Portela de Abreu,Registrado
,Sofá,"Abraçadeira nylon 200x2,5mm PT T-18R",0.4468,Av. João Valério,Sala 5,São Geraldo,69053358,Manaus,Amazonas,,,95,IFAM 2022-007 - TELLESCOM.EMBRAPII - STIPARE_INOVA (11419-7/11420-0),Ana Carolina Góes Martins,Luiz Henrique Portela de Abreu,Registrado
,Sofá,"Abraçadeira nylon 200x2,5mm PT T-18R",0.4468,Av. João Valério,Sala 5,São Geraldo,69053358,Manaus,Amazonas,,,95,IFAM 2022-007 - TELLESCOM.EMBRAPII - STIPARE_INOVA (11419-7/11420-0),Ana Carolina Góes Martins,Luiz Henrique Portela de Abreu,Registrado
,Sofá,"Abraçadeira nylon 200x2,5mm PT T-18R",0.4468,Av. João Valério,Sala 5,São Geraldo,69053358,Manaus,Amazonas,,,95,IFAM 2022-007 - TELLESCOM.EMBRAPII - STIPARE_INOVA (11419-7/11420-0),Ana Carolina Góes Martins,Luiz Henrique Portela de Abreu,Registrado
,Sofá,"Abraçadeira nylon 200x2,5mm PT T-18R",0.4468,Av. João Valério,Sala 5,São Geraldo,69053358,Manaus,Amazonas,,,95,IFAM 2022-007 - TELLESCOM.EMBRAPII - STIPARE_INOVA (11419-7/11420-0),Ana Carolina Góes Martins,Luiz Henrique Portela de Abreu,Registrado
,Sofá,"Abraçadeira nylon 200x2,5mm PT T-18R",0.4468,Av. João Valério,Sala 5,São Geraldo,69053358,Manaus,Amazonas,,,95,IFAM 2022-007 - TELLESCOM.EMBRAPII - STIPARE_INOVA (11419-7/11420-0),Ana Carolina Góes Martins,Luiz Henrique Portela de Abreu,Registrado
,Sofá,"Abraçadeira nylon 200x2,5mm PT T-18R",0.4468,Av. João Valério,Sala 5,São Geraldo,69053358,Manaus,Amazonas,,,95,IFAM 2022-007 - TELLESCOM.EMBRAPII - STIPARE_INOVA (11419-7/11420-0),Ana Carolina Góes Martins,Luiz Henrique Portela de Abreu,Registrado
,Sofá,"Abraçadeira nylon 200x2,5mm PT T-18R",0.4468,Av. João Valério,Sala 5,São Geraldo,69053358,Manaus,Amazonas,,,95,IFAM 2022-007 - TELLESCOM.EMBRAPII - STIPARE_INOVA (11419-7/11420-0),Ana Carolina Góes Martins,Luiz Henrique Portela de Abreu,Registrado
,Sofá,"Abraçadeira nylon 200x2,5mm PT T-18R",0.4468,Av. João Valério,Sala 5,São Geraldo,69053358,Manaus,Amazonas,,,95,IFAM 2022-007 - TELLESCOM.EMBRAPII - STIPARE_INOVA (11419-7/11420-0),Ana Carolina Góes Martins,Luiz Henrique Portela de Abreu,Registrado
,Sofá,"Abraçadeira nylon 200x2,5mm PT T-18R",0.4468,Av. João Valério,Sala 5,São Geraldo,69053358,Manaus,Amazonas,,,95,IFAM 2022-007 - TELLESCOM.EMBRAPII - STIPARE_INOVA (11419-7/11420-0),Ana Carolina Góes Martins,Luiz Henrique Portela de Abreu,Registrado
,Sofá,"Abraçadeira nylon 200x2,5mm PT T-18R",0.4468,Av. João Valério,Sala 5,São Geraldo,69053358,Manaus,Amazonas,,,95,IFAM 2022-007 - TELLESCOM.EMBRAPII - STIPARE_INOVA (11419-7/11420-0),Ana Carolina Góes Martins,Luiz Henrique Portela de Abreu,Registrado
,Sofá,"Abraçadeira nylon 200x2,5mm PT T-18R",0.4468,Av. João Valério,Sala 5,São Geraldo,69053358,Manaus,Amazonas,,,95,IFAM 2022-007 - TELLESCOM.EMBRAPII - STIPARE_INOVA (11419-7/11420-0),Ana Carolina Góes Martins,Luiz Henrique Portela de Abreu,Registrado
,Sofá,"Abraçadeira nylon 200x2,5mm PT T-18R",0.4468,Av. João Valério,Sala 5,São Geraldo,69053358,Manaus,Amazonas,,,95,IFAM 2022-007 - TELLESCOM.EMBRAPII - STIPARE_INOVA (11419-7/11420-0),Ana Carolina Góes Martins,Luiz Henrique Portela de Abreu,Registrado
,Sofá,"Abraçadeira nylon 200x2,5mm PT T-18R",0.4468,Av. João Valério,Sala 5,São Geraldo,69053358,Manaus,Amazonas,,,95,IFAM 2022-007 - TELLESCOM.EMBRAPII - STIPARE_INOVA (11419-7/11420-0),Ana Carolina Góes Martins,Luiz Henrique Portela de Abreu,Registrado
,Sofá,"Abraçadeira nylon 200x2,5mm PT T-18R",0.4468,Av. João Valério,Sala 5,São Geraldo,69053358,Manaus,Amazonas,,,95,IFAM 2022-007 - TELLESCOM.EMBRAPII - STIPARE_INOVA (11419-7/11420-0),Ana Carolina Góes Martins,Luiz Henrique Portela de Abreu,Registrado
,Sofá,"Abraçadeira nylon 200x2,5mm PT T-18R",0.4468,Av. João Valério,Sala 5,São Geraldo,69053358,Manaus,Amazonas,,,95,IFAM 2022-007 - TELLESCOM.EMBRAPII - STIPARE_INOVA (11419-7/11420-0),Ana Carolina Góes Martins,Luiz Henrique Portela de Abreu,Registrado
,Sofá,"Abraçadeira nylon 200x2,5mm PT T-18R",0.4468,Av. João Valério,Sala 5,São Geraldo,69053358,Manaus,Amazonas,,,95,IFAM 2022-007 - TELLESCOM.EMBRAPII - STIPARE_INOVA (11419-7/11420-0),Ana Carolina Góes Martins,Luiz Henrique Portela de Abreu,Registrado
,Sofá,"Abraçadeira nylon 200x2,5mm PT T-18R",0.4468,Av. João Valério,Sala 5,São Geraldo,69053358,Manaus,Amazonas,,,95,IFAM 2022-007 - TELLESCOM.EMBRAPII - STIPARE_INOVA (11419-7/11420-0),Ana Carolina Góes Martins,Luiz Henrique Portela de Abreu,Registrado
,Sofá,"Abraçadeira nylon 200x2,5mm PT T-18R",0.4468,Av. João Valério,Sala 5,São Geraldo,69053358,Manaus,Amazonas,,,95,IFAM 2022-007 - TELLESCOM.EMBRAPII - STIPARE_INOVA (11419-7/11420-0),Ana Carolina Góes Martins,Luiz Henrique Portela de Abreu,Registrado
,Sofá,"Abraçadeira nylon 200x2,5mm PT T-18R",0.4468,Av. João Valério,Sala 5,São Geraldo,69053358,Manaus,Amazonas,,,95,IFAM 2022-007 - TELLESCOM.EMBRAPII - STIPARE_INOVA (11419-7/11420-0),Ana Carolina Góes Martins,Luiz Henrique Portela de Abreu,Registrado
,Sofá,"Abraçadeira nylon 200x2,5mm PT T-18R",0.4468,Av. João Valério,Sala 5,São Geraldo,69053358,Manaus,Amazonas,,,95,IFAM 2022-007 - TELLESCOM.EMBRAPII - STIPARE_INOVA (11419-7/11420-0),Ana Carolina Góes Martins,Luiz Henrique Portela de Abreu,Registrado
,Sofá,"Abraçadeira nylon 200x2,5mm PT T-18R",0.4468,Av. João Valério,Sala 5,São Geraldo,69053358,Manaus,Amazonas,,,95,IFAM 2022-007 - TELLESCOM.EMBRAPII - STIPARE_INOVA (11419-7/11420-0),Ana Carolina Góes Martins,Luiz Henrique Portela de Abreu,Registrado
,Sofá,"Abraçadeira nylon 200x2,5mm PT T-18R",0.4468,Av. João Valério,Sala 5,São Geraldo,69053358,Manaus,Amazonas,,,95,IFAM 2022-007 - TELLESCOM.EMBRAPII - STIPARE_INOVA (11419-7/11420-0),Ana Carolina Góes Martins,Luiz Henrique Portela de Abreu,Registrado
,Sofá,"Abraçadeira nylon 200x2,5mm PT T-18R",0.4468,Av. João Valério,Sala 5,São Geraldo,69053358,Manaus,Amazonas,,,95,IFAM 2022-007 - TELLESCOM.EMBRAPII - STIPARE_INOVA (11419-7/11420-0),Ana Carolina Góes Martins,Luiz Henrique Portela de Abreu,Registrado
,Sofá,"Abraçadeira nylon 200x2,5mm PT T-18R",0.4468,Av. João Valério,Sala 5,São Geraldo,69053358,Manaus,Amazonas,,,95,IFAM 2022-007 - TELLESCOM.EMBRAPII - STIPARE_INOVA (11419-7/11420-0),Ana Carolina Góes Martins,Luiz Henrique Portela de Abreu,Registrado
,Sofá,"Abraçadeira nylon 200x2,5mm PT T-18R",0.4468,Av. João Valério,Sala 5,São Geraldo,69053358,Manaus,Amazonas,,,95,IFAM 2022-007 - TELLESCOM.EMBRAPII - STIPARE_INOVA (11419-7/11420-0),Ana Carolina Góes Martins,Luiz Henrique Portela de Abreu,Registrado
,Sofá,"Abraçadeira nylon 200x2,5mm PT T-18R",0.4468,Av. João Valério,Sala 5,São Geraldo,69053358,Manaus,Amazonas,,,95,IFAM 2022-007 - TELLESCOM.EMBRAPII - STIPARE_INOVA (11419-7/11420-0),Ana Carolina Góes Martins,Luiz Henrique Portela de Abreu,Registrado
,Sofá,"Abraçadeira nylon 200x2,5mm PT T-18R",0.4468,Av. João Valério,Sala 5,São Geraldo,69053358,Manaus,Amazonas,,,95,IFAM 2022-007 - TELLESCOM.EMBRAPII - STIPARE_INOVA (11419-7/11420-0),Ana Carolina Góes Martins,Luiz Henrique Portela de Abreu,Registrado
,Sofá,"Abraçadeira nylon 200x2,5mm PT T-18R",0.4468,Av. João Valério,Sala 5,São Geraldo,69053358,Manaus,Amazonas,,,95,IFAM 2022-007 - TELLESCOM.EMBRAPII - STIPARE_INOVA (11419-7/11420-0),Ana Carolina Góes Martins,Luiz Henrique Portela de Abreu,Registrado
,Sofá,"Abraçadeira nylon 200x2,5mm PT T-18R",0.4468,Av. João Valério,Sala 5,São Geraldo,69053358,Manaus,Amazonas,,,95,IFAM 2022-007 - TELLESCOM.EMBRAPII - STIPARE_INOVA (11419-7/11420-0),Ana Carolina Góes Martins,Luiz Henrique Portela de Abreu,Registrado
,Sofá,"Abraçadeira nylon 200x2,5mm PT T-18R",0.4468,Av. João Valério,Sala 5,São Geraldo,69053358,Manaus,Amazonas,,,95,IFAM 2022-007 - TELLESCOM.EMBRAPII - STIPARE_INOVA (11419-7/11420-0),Ana Carolina Góes Martins,Luiz Henrique Portela de Abreu,Registrado
,Sofá,"Abraçadeira nylon 200x2,5mm PT T-18R",0.4468,Av. João Valério,Sala 5,São Geraldo,69053358,Manaus,Amazonas,,,95,IFAM 2022-007 - TELLESCOM.EMBRAPII - STIPARE_INOVA (11419-7/11420-0),Ana Carolina Góes Martins,Luiz Henrique Portela de Abreu,Registrado
,Sofá,"Abraçadeira nylon 200x2,5mm PT T-18R",0.4468,Av. João Valério,Sala 5,São Geraldo,69053358,Manaus,Amazonas,,,95,IFAM 2022-007 - TELLESCOM.EMBRAPII - STIPARE_INOVA (11419-7/11420-0),Ana Carolina Góes Martins,Luiz Henrique Portela de Abreu,Registrado
,Sofá,"Abraçadeira nylon 200x2,5mm PT T-18R",0.4468,Av. João Valério,Sala 5,São Geraldo,69053358,Manaus,Amazonas,,,95,IFAM 2022-007 - TELLESCOM.EMBRAPII - STIPARE_INOVA (11419-7/11420-0),Ana Carolina Góes Martins,Luiz Henrique Portela de Abreu,Registrado
,Sofá,"Abraçadeira nylon 200x2,5mm PT T-18R",0.4468,Av. João Valério,Sala 5,São Geraldo,69053358,Manaus,Amazonas,,,95,IFAM 2022-007 - TELLESCOM.EMBRAPII - STIPARE_INOVA (11419-7/11420-0),Ana Carolina Góes Martins,Luiz Henrique Portela de Abreu,Registrado
,Sofá,"Abraçadeira nylon 200x2,5mm PT T-18R",0.4468,Av. João Valério,Sala 5,São Geraldo,69053358,Manaus,Amazonas,,,95,IFAM 2022-007 - TELLESCOM.EMBRAPII - STIPARE_INOVA (11419-7/11420-0),Ana Carolina Góes Martins,Luiz Henrique Portela de Abreu,Registrado
,Sofá,"Abraçadeira nylon 200x2,5mm PT T-18R",0.4468,Av. João Valério,Sala 5,São Geraldo,69053358,Manaus,Amazonas,,,95,IFAM 2022-007 - TELLESCOM.EMBRAPII - STIPARE_INOVA (11419-7/11420-0),Ana Carolina Góes Martins,Luiz Henrique Portela de Abreu,Registrado
,Sofá,"Abraçadeira nylon 200x2,5mm PT T-18R",0.4468,Av. João Valério,Sala 5,São Geraldo,69053358,Manaus,Amazonas,,,95,IFAM 2022-007 - TELLESCOM.EMBRAPII - STIPARE_INOVA (11419-7/11420-0),Ana Carolina Góes Martins,Luiz Henrique Portela de Abreu,Registrado
,Sofá,"Abraçadeira nylon 200x2,5mm PT T-18R",0.4468,Av. João Valério,Sala 5,São Geraldo,69053358,Manaus,Amazonas,,,95,IFAM 2022-007 - TELLESCOM.EMBRAPII - STIPARE_INOVA (11419-7/11420-0),Ana Carolina Góes Martins,Luiz Henrique Portela de Abreu,Registrado
,Sofá,"Abraçadeira nylon 200x2,5mm PT T-18R",0.4468,Av. João Valério,Sala 5,São Geraldo,69053358,Manaus,Amazonas,,,95,IFAM 2022-007 - TELLESCOM.EMBRAPII - STIPARE_INOVA (11419-7/11420-0),Ana Carolina Góes Martins,Luiz Henrique Portela de Abreu,Registrado
,Sofá,"Abraçadeira nylon 200x2,5mm PT T-18R",0.4468,Av. João Valério,Sala 5,São Geraldo,69053358,Manaus,Amazonas,,,95,IFAM 2022-007 - TELLESCOM.EMBRAPII - STIPARE_INOVA (11419-7/11420-0),Ana Carolina Góes Martins,Luiz Henrique Portela de Abreu,Registrado
,Sofá,"Abraçadeira nylon 200x2,5mm PT T-18R",0.4468,Av. João Valério,Sala 5,São Geraldo,69053358,Manaus,Amazonas,,,95,IFAM 2022-007 - TELLESCOM.EMBRAPII - STIPARE_INOVA (11419-7/11420-0),Ana Carolina Góes Martins,Luiz Henrique Portela de Abreu,Registrado
,Sofá,"Abraçadeira nylon 200x2,5mm PT T-18R",0.4468,Av. João Valério,Sala 5,São Geraldo,69053358,Manaus,Amazonas,,,95,IFAM 2022-007 - TELLESCOM.EMBRAPII - STIPARE_INOVA (11419-7/11420-0),Ana Carolina Góes Martins,Luiz Henrique Portela de Abreu,Registrado
,Sofá,"Abraçadeira nylon 200x2,5mm PT T-18R",0.4468,Av. João Valério,Sala 5,São Geraldo,69053358,Manaus,Amazonas,,,95,IFAM 2022-007 - TELLESCOM.EMBRAPII - STIPARE_INOVA (11419-7/11420-0),Ana Carolina Góes Martins,Luiz Henrique Portela de Abreu,Registrado
,Sofá,"Abraçadeira nylon 200x2,5mm PT T-18R",0.4468,Av. João Valério,Sala 5,São Geraldo,69053358,Manaus,Amazonas,,,95,IFAM 2022-007 - TELLESCOM.EMBRAPII - STIPARE_INOVA (11419-7/11420-0),Ana Carolina Góes Martins,Luiz Henrique Portela de Abreu,Registrado
,Sofá,"Abraçadeira nylon 200x2,5mm PT T-18R",0.4468,Av. João Valério,Sala 5,São Geraldo,69053358,Manaus,Amazonas,,,95,IFAM 2022-007 - TELLESCOM.EMBRAPII - STIPARE_INOVA (11419-7/11420-0),Ana Carolina Góes Martins,Luiz Henrique Portela de Abreu,Registrado
,Sofá,"Abraçadeira nylon 200x2,5mm PT T-18R",0.4468,Av. João Valério,Sala 5,São Geraldo,69053358,Manaus,Amazonas,,,95,IFAM 2022-007 - TELLESCOM.EMBRAPII - STIPARE_INOVA (11419-7/11420-0),Ana Carolina Góes Martins,Luiz Henrique Portela de Abreu,Registrado
,Sofá,"Abraçadeira nylon 200x2,5mm PT T-18R",0.4468,Av. João Valério,Sala 5,São Geraldo,69053358,Manaus,Amazonas,,,95,IFAM 2022-007 - TELLESCOM.EMBRAPII - STIPARE_INOVA (11419-7/11420-0),Ana Carolina Góes Martins,Luiz Henrique Portela de Abreu,Registrado
,Sofá,"Abraçadeira nylon 200x2,5mm PT T-18R",0.4468,Av. João Valério,Sala 5,São Geraldo,69053358,Manaus,Amazonas,,,95,IFAM 2022-007 - TELLESCOM.EMBRAPII - STIPARE_INOVA (11419-7/11420-0),Ana Carolina Góes Martins,Luiz Henrique Portela de Abreu,Registrado
,Sofá,"Abraçadeira nylon 200x2,5mm PT T-18R",0.4468,Av. João Valério,Sala 5,São Geraldo,69053358,Manaus,Amazonas,,,95,IFAM 2022-007 - TELLESCOM.EMBRAPII - STIPARE_INOVA (11419-7/11420-0),Ana Carolina Góes Martins,Luiz Henrique Portela de Abreu,Registrado
,Sofá,"Abraçadeira nylon 200x2,5mm PT T-18R",0.4468,Av. João Valério,Sala 5,São Geraldo,69053358,Manaus,Amazonas,,,95,IFAM 2022-007 - TELLESCOM.EMBRAPII - STIPARE_INOVA (11419-7/11420-0),Ana Carolina Góes Martins,Luiz Henrique Portela de Abreu,Registrado
,Sofá,"Abraçadeira nylon 200x2,5mm PT T-18R",0.4468,Av. João Valério,Sala 5,São Geraldo,69053358,Manaus,Amazonas,,,95,IFAM 2022-007 - TELLESCOM.EMBRAPII - STIPARE_INOVA (11419-7/11420-0),Ana Carolina Góes Martins,Luiz Henrique Portela de Abreu,Registrado
,Sofá,"Abraçadeira nylon 200x2,5mm PT T-18R",0.4468,Av. João Valério,Sala 5,São Geraldo,69053358,Manaus,Amazonas,,,95,IFAM 2022-007 - TELLESCOM.EMBRAPII - STIPARE_INOVA (11419-7/11420-0),Ana Carolina Góes Martins,Luiz Henrique Portela de Abreu,Registrado
,Sofá,"Abraçadeira nylon 200x2,5mm PT T-18R",0.4468,Av. João Valério,Sala 5,São Geraldo,69053358,Manaus,Amazonas,,,95,IFAM 2022-007 - TELLESCOM.EMBRAPII - STIPARE_INOVA (11419-7/11420-0),Ana Carolina Góes Martins,Luiz Henrique Portela de Abreu,Registrado
,Sofá,"Abraçadeira nylon 200x2,5mm PT T-18R",0.4468,Av. João Valério,Sala 5,São Geraldo,69053358,Manaus,Amazonas,,,95,IFAM 2022-007 - TELLESCOM.EMBRAPII - STIPARE_INOVA (11419-7/11420-0),Ana Carolina Góes Martins,Luiz Henrique Portela de Abreu,Registrado
,Sofá,"Abraçadeira nylon 200x2,5mm PT T-18R",0.4468,Av. João Valério,Sala 5,São Geraldo,69053358,Manaus,Amazonas,,,95,IFAM 2022-007 - TELLESCOM.EMBRAPII - STIPARE_INOVA (11419-7/11420-0),Ana Carolina Góes Martins,Luiz Henrique Portela de Abreu,Registrado
,Sofá,"Abraçadeira nylon 200x2,5mm PT T-18R",0.4468,Av. João Valério,Sala 5,São Geraldo,69053358,Manaus,Amazonas,,,95,IFAM 2022-007 - TELLESCOM.EMBRAPII - STIPARE_INOVA (11419-7/11420-0),Ana Carolina Góes Martins,Luiz Henrique Portela de Abreu,Registrado
,Sofá,"Abraçadeira nylon 200x2,5mm PT T-18R",0.4468,Av. João Valério,Sala 5,São Geraldo,69053358,Manaus,Amazonas,,,95,IFAM 2022-007 - TELLESCOM.EMBRAPII - STIPARE_INOVA (11419-7/11420-0),Ana Carolina Góes Martins,Luiz Henrique Portela de Abreu,Registrado
,Sofá,"Abraçadeira nylon 200x2,5mm PT T-18R",0.4468,Av. João Valério,Sala 5,São Geraldo,69053358,Manaus,Amazonas,,,95,IFAM 2022-007 - TELLESCOM.EMBRAPII - STIPARE_INOVA (11419-7/11420-0),Ana Carolina Góes Martins,Luiz Henrique Portela de Abreu,Registrado
,Sofá,"Abraçadeira nylon 200x2,5mm PT T-18R",0.4468,Av. João Valério,Sala 5,São Geraldo,69053358,Manaus,Amazonas,,,95,IFAM 2022-007 - TELLESCOM.EMBRAPII - STIPARE_INOVA (11419-7/11420-0),Ana Carolina Góes Martins,Luiz Henrique Portela de Abreu,Registrado
,Sofá,"Abraçadeira nylon 200x2,5mm PT T-18R",0.4468,Av. João Valério,Sala 5,São Geraldo,69053358,Manaus,Amazonas,,,95,IFAM 2022-007 - TELLESCOM.EMBRAPII - STIPARE_INOVA (11419-7/11420-0),Ana Carolina Góes Martins,Luiz Henrique Portela de Abreu,Registrado
,Sofá,"Abraçadeira nylon 200x2,5mm PT T-18R",0.4468,Av. João Valério,Sala 5,São Geraldo,69053358,Manaus,Amazonas,,,95,IFAM 2022-007 - TELLESCOM.EMBRAPII - STIPARE_INOVA (11419-7/11420-0),Ana Carolina Góes Martins,Luiz Henrique Portela de Abreu,Registrado
,Sofá,"Abraçadeira nylon 200x2,5mm PT T-18R",0.4468,Av. João Valério,Sala 5,São Geraldo,69053358,Manaus,Amazonas,,,95,IFAM 2022-007 - TELLESCOM.EMBRAPII - STIPARE_INOVA (11419-7/11420-0),Ana Carolina Góes Martins,Luiz Henrique Portela de Abreu,Registrado
,Sofá,"Abraçadeira nylon 200x2,5mm PT T-18R",0.4468,Av. João Valério,Sala 5,São Geraldo,69053358,Manaus,Amazonas,,,95,IFAM 2022-007 - TELLESCOM.EMBRAPII - STIPARE_INOVA (11419-7/11420-0),Ana Carolina Góes Martins,Luiz Henrique Portela de Abreu,Registrado
,Sofá,"Abraçadeira nylon 200x2,5mm PT T-18R",0.4468,Av. João Valério,Sala 5,São Geraldo,69053358,Manaus,Amazonas,,,95,IFAM 2022-007 - TELLESCOM.EMBRAPII - STIPARE_INOVA (11419-7/11420-0),Ana Carolina Góes Martins,Luiz Henrique Portela de Abreu,Registrado
,Sofá,"Abraçadeira nylon 200x2,5mm PT T-18R",0.4468,Av. João Valério,Sala 5,São Geraldo,69053358,Manaus,Amazonas,,,95,IFAM 2022-007 - TELLESCOM.EMBRAPII - STIPARE_INOVA (11419-7/11420-0),Ana Carolina Góes Martins,Luiz Henrique Portela de Abreu,Registrado
,Sofá,"Abraçadeira nylon 200x2,5mm PT T-18R",0.4468,Av. João Valério,Sala 5,São Geraldo,69053358,Manaus,Amazonas,,,95,IFAM 2022-007 - TELLESCOM.EMBRAPII - STIPARE_INOVA (11419-7/11420-0),Ana Carolina Góes Martins,Luiz Henrique Portela de Abreu,Registrado
,Sofá,"Abraçadeira nylon 200x2,5mm PT T-18R",0.4468,Av. João Valério,Sala 5,São Geraldo,69053358,Manaus,Amazonas,,,95,IFAM 2022-007 - TELLESCOM.EMBRAPII - STIPARE_INOVA (11419-7/11420-0),Ana Carolina Góes Martins,Luiz Henrique Portela de Abreu,Registrado
,Sofá,"Abraçadeira nylon 200x2,5mm PT T-18R",0.4468,Av. João Valério,Sala 5,São Geraldo,69053358,Manaus,Amazonas,,,95,IFAM 2022-007 - TELLESCOM.EMBRAPII - STIPARE_INOVA (11419-7/11420-0),Ana Carolina Góes Martins,Luiz Henrique Portela de Abreu,Registrado
,Sofá,"Abraçadeira nylon 200x2,5mm PT T-18R",0.4468,Av. João Valério,Sala 5,São Geraldo,69053358,Manaus,Amazonas,,,95,IFAM 2022-007 - TELLESCOM.EMBRAPII - STIPARE_INOVA (11419-7/11420-0),Ana Carolina Góes Martins,Luiz Henrique Portela de Abreu,Registrado
,Sofá,"Abraçadeira nylon 200x2,5mm PT T-18R",0.4468,Av. João Valério,Sala 5,São Geraldo,69053358,Manaus,Amazonas,,,95,IFAM 2022-007 - TELLESCOM.EMBRAPII - STIPARE_INOVA (11419-7/11420-0),Ana Carolina Góes Martins,Luiz Henrique Portela de Abreu,Registrado
,Sofá,"Abraçadeira nylon 200x2,5mm PT T-18R",0.4468,Av. João Valério,Sala 5,São Geraldo,69053358,Manaus,Amazonas,,,95,IFAM 2022-007 - TELLESCOM.EMBRAPII - STIPARE_INOVA (11419-7/11420-0),Ana Carolina Góes Martins,Luiz Henrique Portela de Abreu,Registrado
,Sofá,"Abraçadeira nylon 200x2,5mm PT T-18R",0.4468,Av. João Valério,Sala 5,São Geraldo,69053358,Manaus,Amazonas,,,95,IFAM 2022-007 - TELLESCOM.EMBRAPII - STIPARE_INOVA (11419-7/11420-0),Ana Carolina Góes Martins,Luiz Henrique Portela de Abreu,Registrado
,Sofá,"Abraçadeira nylon 200x2,5mm PT T-18R",0.4468,Av. João Valério,Sala 5,São Geraldo,69053358,Manaus,Amazonas,,,95,IFAM 2022-007 - TELLESCOM.EMBRAPII - STIPARE_INOVA (11419-7/11420-0),Ana Carolina Góes Martins,Luiz Henrique Portela de Abreu,Registrado
,Sofá,"Abraçadeira nylon 200x2,5mm PT T-18R",0.4468,Av. João Valério,Sala 5,São Geraldo,69053358,Manaus,Amazonas,,,95,IFAM 2022-007 - TELLESCOM.EMBRAPII - STIPARE_INOVA (11419-7/11420-0),Ana Carolina Góes Martins,Luiz Henrique Portela de Abreu,Registrado
,Sofá,"Abraçadeira nylon 200x2,5mm PT T-18R",0.4468,Av. João Valério,Sala 5,São Geraldo,69053358,Manaus,Amazonas,,,95,IFAM 2022-007 - TELLESCOM.EMBRAPII - STIPARE_INOVA (11419-7/11420-0),Ana Carolina Góes Martins,Luiz Henrique Portela de Abreu,Registrado
,Sofá,"Abraçadeira nylon 200x2,5mm PT T-18R",0.4468,Av. João Valério,Sala 5,São Geraldo,69053358,Manaus,Amazonas,,,95,IFAM 2022-007 - TELLESCOM.EMBRAPII - STIPARE_INOVA (11419-7/11420-0),Ana Carolina Góes Martins,Luiz Henrique Portela de Abreu,Registrado
,Sofá,"Abraçadeira nylon 200x2,5mm PT T-18R",0.4468,Av. João Valério,Sala 5,São Geraldo,69053358,Manaus,Amazonas,,,95,IFAM 2022-007 - TELLESCOM.EMBRAPII - STIPARE_INOVA (11419-7/11420-0),Ana Carolina Góes Martins,Luiz Henrique Portela de Abreu,Registrado
,Sofá,"Abraçadeira nylon 200x2,5mm PT T-18R",0.4468,Av. João Valério,Sala 5,São Geraldo,69053358,Manaus,Amazonas,,,95,IFAM 2022-007 - TELLESCOM.EMBRAPII - STIPARE_INOVA (11419-7/11420-0),Ana Carolina Góes Martins,Luiz Henrique Portela de Abreu,Registrado
,Sofá,"Abraçadeira nylon 200x2,5mm PT T-18R",0.4468,Av. João Valério,Sala 5,São Geraldo,69053358,Manaus,Amazonas,,,95,IFAM 2022-007 - TELLESCOM.EMBRAPII - STIPARE_INOVA (11419-7/11420-0),Ana Carolina Góes Martins,Luiz Henrique Portela de Abreu,Registrado
,Sofá,"Abraçadeira nylon 200x2,5mm PT T-18R",0.4468,Av. João Valério,Sala 5,São Geraldo,69053358,Manaus,Amazonas,,,95,IFAM 2022-007 - TELLESCOM.EMBRAPII - STIPARE_INOVA (11419-7/11420-0),Ana Carolina Góes Martins,Luiz Henrique Portela de Abreu,Registrado
,Sofá,"Abraçadeira nylon 200x2,5mm PT T-18R",0.4468,Av. João Valério,Sala 5,São Geraldo,69053358,Manaus,Amazonas,,,95,IFAM 2022-007 - TELLESCOM.EMBRAPII - STIPARE_INOVA (11419-7/11420-0),Ana Carolina Góes Martins,Luiz Henrique Portela de Abreu,Registrado
,Sofá,"Abraçadeira nylon 200x2,5mm PT T-18R",0.4468,Av. João Valério,Sala 5,São Geraldo,69053358,Manaus,Amazonas,,,95,IFAM 2022-007 - TELLESCOM.EMBRAPII - STIPARE_INOVA (11419-7/11420-0),Ana Carolina Góes Martins,Luiz Henrique Portela de Abreu,Registrado
,Sofá,"Abraçadeira nylon 200x2,5mm PT T-18R",0.4468,Av. João Valério,Sala 5,São Geraldo,69053358,Manaus,Amazonas,,,95,IFAM 2022-007 - TELLESCOM.EMBRAPII - STIPARE_INOVA (11419-7/11420-0),Ana Carolina Góes Martins,Luiz Henrique Portela de Abreu,Registrado
,Sofá,"Abraçadeira nylon 200x2,5mm PT T-18R",0.4468,Av. João Valério,Sala 5,São Geraldo,69053358,Manaus,Amazonas,,,95,IFAM 2022-007 - TELLESCOM.EMBRAPII - STIPARE_INOVA (11419-7/11420-0),Ana Carolina Góes Martins,Luiz Henrique Portela de Abreu,Registrado
,Sofá,"Abraçadeira nylon 200x2,5mm PT T-18R",0.4468,Av. João Valério,Sala 5,São Geraldo,69053358,Manaus,Amazonas,,,95,IFAM 2022-007 - TELLESCOM.EMBRAPII - STIPARE_INOVA (11419-7/11420-0),Ana Carolina Góes Martins,Luiz Henrique Portela de Abreu,Registrado
,Sofá,"Abraçadeira nylon 200x2,5mm PT T-18R",0.4468,Av. João Valério,Sala 5,São Geraldo,69053358,Manaus,Amazonas,,,95,IFAM 2022-007 - TELLESCOM.EMBRAPII - STIPARE_INOVA (11419-7/11420-0),Ana Carolina Góes Martins,Luiz Henrique Portela de Abreu,Registrado
,Sofá,"Abraçadeira nylon 200x2,5mm PT T-18R",0.4468,Av. João Valério,Sala 5,São Geraldo,69053358,Manaus,Amazonas,,,95,IFAM 2022-007 - TELLESCOM.EMBRAPII - STIPARE_INOVA (11419-7/11420-0),Ana Carolina Góes Martins,Luiz Henrique Portela de Abreu,Registrado
,Sofá,"Abraçadeira nylon 200x2,5mm PT T-18R",0.4468,Av. João Valério,Sala 5,São Geraldo,69053358,Manaus,Amazonas,,,95,IFAM 2022-007 - TELLESCOM.EMBRAPII - STIPARE_INOVA (11419-7/11420-0),Ana Carolina Góes Martins,Luiz Henrique Portela de Abreu,Registrado
,Sofá,"Abraçadeira nylon 200x2,5mm PT T-18R",0.4468,Av. João Valério,Sala 5,São Geraldo,69053358,Manaus,Amazonas,,,95,IFAM 2022-007 - TELLESCOM.EMBRAPII - STIPARE_INOVA (11419-7/11420-0),Ana Carolina Góes Martins,Luiz Henrique Portela de Abreu,Registrado
,Sofá,"Abraçadeira nylon 200x2,5mm PT T-18R",0.4468,Av. João Valério,Sala 5,São Geraldo,69053358,Manaus,Amazonas,,,95,IFAM 2022-007 - TELLESCOM.EMBRAPII - STIPARE_INOVA (11419-7/11420-0),Ana Carolina Góes Martins,Luiz Henrique Portela de Abreu,Registrado
,Sofá,"Abraçadeira nylon 200x2,5mm PT T-18R",0.4468,Av. João Valério,Sala 5,São Geraldo,69053358,Manaus,Amazonas,,,95,IFAM 2022-007 - TELLESCOM.EMBRAPII - STIPARE_INOVA (11419-7/11420-0),Ana Carolina Góes Martins,Luiz Henrique Portela de Abreu,Registrado
,Sofá,"Abraçadeira nylon 200x2,5mm PT T-18R",0.4468,Av. João Valério,Sala 5,São Geraldo,69053358,Manaus,Amazonas,,,95,IFAM 2022-007 - TELLESCOM.EMBRAPII - STIPARE_INOVA (11419-7/11420-0),Ana Carolina Góes Martins,Luiz Henrique Portela de Abreu,Registrado
,Sofá,"Abraçadeira nylon 200x2,5mm PT T-18R",0.4468,Av. João Valério,Sala 5,São Geraldo,69053358,Manaus,Amazonas,,,95,IFAM 2022-007 - TELLESCOM.EMBRAPII - STIPARE_INOVA (11419-7/11420-0),Ana Carolina Góes Martins,Luiz Henrique Portela de Abreu,Registrado
,Sofá,"Abraçadeira nylon 200x2,5mm PT T-18R",0.4468,Av. João Valério,Sala 5,São Geraldo,69053358,Manaus,Amazonas,,,95,IFAM 2022-007 - TELLESCOM.EMBRAPII - STIPARE_INOVA (11419-7/11420-0),Ana Carolina Góes Martins,Luiz Henrique Portela de Abreu,Registrado
,Sofá,"Abraçadeira nylon 200x2,5mm PT T-18R",0.4468,Av. João Valério,Sala 5,São Geraldo,69053358,Manaus,Amazonas,,,95,IFAM 2022-007 - TELLESCOM.EMBRAPII - STIPARE_INOVA (11419-7/11420-0),Ana Carolina Góes Martins,Luiz Henrique Portela de Abreu,Registrado
,Sofá,"Abraçadeira nylon 200x2,5mm PT T-18R",0.4468,Av. João Valério,Sala 5,São Geraldo,69053358,Manaus,Amazonas,,,95,IFAM 2022-007 - TELLESCOM.EMBRAPII - STIPARE_INOVA (11419-7/11420-0),Ana Carolina Góes Martins,Luiz Henrique Portela de Abreu,Registrado
,Sofá,"Abraçadeira nylon 200x2,5mm PT T-18R",0.4468,Av. João Valério,Sala 5,São Geraldo,69053358,Manaus,Amazonas,,,95,IFAM 2022-007 - TELLESCOM.EMBRAPII - STIPARE_INOVA (11419-7/11420-0),Ana Carolina Góes Martins,Luiz Henrique Portela de Abreu,Registrado
,Sofá,"Abraçadeira nylon 200x2,5mm PT T-18R",0.4468,Av. João Valério,Sala 5,São Geraldo,69053358,Manaus,Amazonas,,,95,IFAM 2022-007 - TELLESCOM.EMBRAPII - STIPARE_INOVA (11419-7/11420-0),Ana Carolina Góes Martins,Luiz Henrique Portela de Abreu,Registrado
,Sofá,"Abraçadeira nylon 200x2,5mm PT T-18R",0.4468,Av. João Valério,Sala 5,São Geraldo,69053358,Manaus,Amazonas,,,95,IFAM 2022-007 - TELLESCOM.EMBRAPII - STIPARE_INOVA (11419-7/11420-0),Ana Carolina Góes Martins,Luiz Henrique Portela de Abreu,Registrado
,Sofá,"Abraçadeira nylon 200x2,5mm PT T-18R",0.4468,Av. João Valério,Sala 5,São Geraldo,69053358,Manaus,Amazonas,,,95,IFAM 2022-007 - TELLESCOM.EMBRAPII - STIPARE_INOVA (11419-7/11420-0),Ana Carolina Góes Martins,Luiz Henrique Portela de Abreu,Registrado
,Sofá,"Abraçadeira nylon 200x2,5mm PT T-18R",0.4468,Av. João Valério,Sala 5,São Geraldo,69053358,Manaus,Amazonas,,,95,IFAM 2022-007 - TELLESCOM.EMBRAPII - STIPARE_INOVA (11419-7/11420-0),Ana Carolina Góes Martins,Luiz Henrique Portela de Abreu,Registrado
,Sofá,"Abraçadeira nylon 200x2,5mm PT T-18R",0.4468,Av. João Valério,Sala 5,São Geraldo,69053358,Manaus,Amazonas,,,95,IFAM 2022-007 - TELLESCOM.EMBRAPII - STIPARE_INOVA (11419-7/11420-0),Ana Carolina Góes Martins,Luiz Henrique Portela de Abreu,Registrado
,Sofá,"Abraçadeira nylon 200x2,5mm PT T-18R",0.4468,Av. João Valério,Sala 5,São Geraldo,69053358,Manaus,Amazonas,,,95,IFAM 2022-007 - TELLESCOM.EMBRAPII - STIPARE_INOVA (11419-7/11420-0),Ana Carolina Góes Martins,Luiz Henrique Portela de Abreu,Registrado
,Sofá,"Abraçadeira nylon 200x2,5mm PT T-18R",0.4468,Av. João Valério,Sala 5,São Geraldo,69053358,Manaus,Amazonas,,,95,IFAM 2022-007 - TELLESCOM.EMBRAPII - STIPARE_INOVA (11419-7/11420-0),Ana Carolina Góes Martins,Luiz Henrique Portela de Abreu,Registrado
,Sofá,"Abraçadeira nylon 200x2,5mm PT T-18R",0.4468,Av. João Valério,Sala 5,São Geraldo,69053358,Manaus,Amazonas,,,95,IFAM 2022-007 - TELLESCOM.EMBRAPII - STIPARE_INOVA (11419-7/11420-0),Ana Carolina Góes Martins,Luiz Henrique Portela de Abreu,Registrado
,Sofá,"Abraçadeira nylon 200x2,5mm PT T-18R",0.4468,Av. João Valério,Sala 5,São Geraldo,69053358,Manaus,Amazonas,,,95,IFAM 2022-007 - TELLESCOM.EMBRAPII - STIPARE_INOVA (11419-7/11420-0),Ana Carolina Góes Martins,Luiz Henrique Portela de Abreu,Registrado
,Sofá,"Abraçadeira nylon 200x2,5mm PT T-18R",0.4468,Av. João Valério,Sala 5,São Geraldo,69053358,Manaus,Amazonas,,,95,IFAM 2022-007 - TELLESCOM.EMBRAPII - STIPARE_INOVA (11419-7/11420-0),Ana Carolina Góes Martins,Luiz Henrique Portela de Abreu,Registrado
,Sofá,"Abraçadeira nylon 200x2,5mm PT T-18R",0.4468,Av. João Valério,Sala 5,São Geraldo,69053358,Manaus,Amazonas,,,95,IFAM 2022-007 - TELLESCOM.EMBRAPII - STIPARE_INOVA (11419-7/11420-0),Ana Carolina Góes Martins,Luiz Henrique Portela de Abreu,Registrado
,Sofá,"Abraçadeira nylon 200x2,5mm PT T-18R",0.4468,Av. João Valério,Sala 5,São Geraldo,69053358,Manaus,Amazonas,,,95,IFAM 2022-007 - TELLESCOM.EMBRAPII - STIPARE_INOVA (11419-7/11420-0),Ana Carolina Góes Martins,Luiz Henrique Portela de Abreu,Registrado
,Sofá,"Abraçadeira nylon 200x2,5mm PT T-18R",0.4468,Av. João Valério,Sala 5,São Geraldo,69053358,Manaus,Amazonas,,,95,IFAM 2022-007 - TELLESCOM.EMBRAPII - STIPARE_INOVA (11419-7/11420-0),Ana Carolina Góes Martins,Luiz Henrique Portela de Abreu,Registrado
,Sofá,"Abraçadeira nylon 200x2,5mm PT T-18R",0.4468,Av. João Valério,Sala 5,São Geraldo,69053358,Manaus,Amazonas,,,95,IFAM 2022-007 - TELLESCOM.EMBRAPII - STIPARE_INOVA (11419-7/11420-0),Ana Carolina Góes Martins,Luiz Henrique Portela de Abreu,Registrado
,Sofá,"Abraçadeira nylon 200x2,5mm PT T-18R",0.4468,Av. João Valério,Sala 5,São Geraldo,69053358,Manaus,Amazonas,,,95,IFAM 2022-007 - TELLESCOM.EMBRAPII - STIPARE_INOVA (11419-7/11420-0),Ana Carolina Góes Martins,Luiz Henrique Portela de Abreu,Registrado
,Sofá,"Abraçadeira nylon 200x2,5mm PT T-18R",0.4468,Av. João Valério,Sala 5,São Geraldo,69053358,Manaus,Amazonas,,,95,IFAM 2022-007 - TELLESCOM.EMBRAPII - STIPARE_INOVA (11419-7/11420-0),Ana Carolina Góes Martins,Luiz Henrique Portela de Abreu,Registrado
,Sofá,"Abraçadeira nylon 200x2,5mm PT T-18R",0.4468,Av. João Valério,Sala 5,São Geraldo,69053358,Manaus,Amazonas,,,95,IFAM 2022-007 - TELLESCOM.EMBRAPII - STIPARE_INOVA (11419-7/11420-0),Ana Carolina Góes Martins,Luiz Henrique Portela de Abreu,Registrado
,Sofá,"Abraçadeira nylon 200x2,5mm PT T-18R",0.4468,Av. João Valério,Sala 5,São Geraldo,69053358,Manaus,Amazonas,,,95,IFAM 2022-007 - TELLESCOM.EMBRAPII - STIPARE_INOVA (11419-7/11420-0),Ana Carolina Góes Martins,Luiz Henrique Portela de Abreu,Registrado
,Sofá,"Abraçadeira nylon 200x2,5mm PT T-18R",0.4468,Av. João Valério,Sala 5,São Geraldo,69053358,Manaus,Amazonas,,,95,IFAM 2022-007 - TELLESCOM.EMBRAPII - STIPARE_INOVA (11419-7/11420-0),Ana Carolina Góes Martins,Luiz Henrique Portela de Abreu,Registrado
,Sofá,"Abraçadeira nylon 200x2,5mm PT T-18R",0.4468,Av. João Valério,Sala 5,São Geraldo,69053358,Manaus,Amazonas,,,95,IFAM 2022-007 - TELLESCOM.EMBRAPII - STIPARE_INOVA (11419-7/11420-0),Ana Carolina Góes Martins,Luiz Henrique Portela de Abreu,Registrado
,Sofá,"Abraçadeira nylon 200x2,5mm PT T-18R",0.4468,Av. João Valério,Sala 5,São Geraldo,69053358,Manaus,Amazonas,,,95,IFAM 2022-007 - TELLESCOM.EMBRAPII - STIPARE_INOVA (11419-7/11420-0),Ana Carolina Góes Martins,Luiz Henrique Portela de Abreu,Registrado
,Sofá,"Abraçadeira nylon 200x2,5mm PT T-18R",0.4468,Av. João Valério,Sala 5,São Geraldo,69053358,Manaus,Amazonas,,,95,IFAM 2022-007 - TELLESCOM.EMBRAPII - STIPARE_INOVA (11419-7/11420-0),Ana Carolina Góes Martins,Luiz Henrique Portela de Abreu,Registrado
,Sofá,"Abraçadeira nylon 200x2,5mm PT T-18R",0.4468,Av. João Valério,Sala 5,São Geraldo,69053358,Manaus,Amazonas,,,95,IFAM 2022-007 - TELLESCOM.EMBRAPII - STIPARE_INOVA (11419-7/11420-0),Ana Carolina Góes Martins,Luiz Henrique Portela de Abreu,Registrado
,Sofá,"Abraçadeira nylon 200x2,5mm PT T-18R",0.4468,Av. João Valério,Sala 5,São Geraldo,69053358,Manaus,Amazonas,,,95,IFAM 2022-007 - TELLESCOM.EMBRAPII - STIPARE_INOVA (11419-7/11420-0),Ana Carolina Góes Martins,Luiz Henrique Portela de Abreu,Registrado
,Sofá,"Abraçadeira nylon 200x2,5mm PT T-18R",0.4468,Av. João Valério,Sala 5,São Geraldo,69053358,Manaus,Amazonas,,,95,IFAM 2022-007 - TELLESCOM.EMBRAPII - STIPARE_INOVA (11419-7/11420-0),Ana Carolina Góes Martins,Luiz Henrique Portela de Abreu,Registrado
,Sofá,"Abraçadeira nylon 200x2,5mm PT T-18R",0.4468,Av. João Valério,Sala 5,São Geraldo,69053358,Manaus,Amazonas,,,95,IFAM 2022-007 - TELLESCOM.EMBRAPII - STIPARE_INOVA (11419-7/11420-0),Ana Carolina Góes Martins,Luiz Henrique Portela de Abreu,Registrado
,Sofá,"Abraçadeira nylon 200x2,5mm PT T-18R",0.4468,Av. João Valério,Sala 5,São Geraldo,69053358,Manaus,Amazonas,,,95,IFAM 2022-007 - TELLESCOM.EMBRAPII - STIPARE_INOVA (11419-7/11420-0),Ana Carolina Góes Martins,Luiz Henrique Portela de Abreu,Registrado
,Sofá,"Abraçadeira nylon 200x2,5mm PT T-18R",0.4468,Av. João Valério,Sala 5,São Geraldo,69053358,Manaus,Amazonas,,,95,IFAM 2022-007 - TELLESCOM.EMBRAPII - STIPARE_INOVA (11419-7/11420-0),Ana Carolina Góes Martins,Luiz Henrique Portela de Abreu,Registrado
,Sofá,"Abraçadeira nylon 200x2,5mm PT T-18R",0.4468,Av. João Valério,Sala 5,São Geraldo,69053358,Manaus,Amazonas,,,95,IFAM 2022-007 - TELLESCOM.EMBRAPII - STIPARE_INOVA (11419-7/11420-0),Ana Carolina Góes Martins,Luiz Henrique Portela de Abreu,Registrado
,Sofá,"Abraçadeira nylon 200x2,5mm PT T-18R",0.4468,Av. João Valério,Sala 5,São Geraldo,69053358,Manaus,Amazonas,,,95,IFAM 2022-007 - TELLESCOM.EMBRAPII - STIPARE_INOVA (11419-7/11420-0),Ana Carolina Góes Martins,Luiz Henrique Portela de Abreu,Registrado
,Sofá,"Abraçadeira nylon 200x2,5mm PT T-18R",0.4468,Av. João Valério,Sala 5,São Geraldo,69053358,Manaus,Amazonas,,,95,IFAM 2022-007 - TELLESCOM.EMBRAPII - STIPARE_INOVA (11419-7/11420-0),Ana Carolina Góes Martins,Luiz Henrique Portela de Abreu,Registrado
,Sofá,"Abraçadeira nylon 200x2,5mm PT T-18R",0.4468,Av. João Valério,Sala 5,São Geraldo,69053358,Manaus,Amazonas,,,95,IFAM 2022-007 - TELLESCOM.EMBRAPII - STIPARE_INOVA (11419-7/11420-0),Ana Carolina Góes Martins,Luiz Henrique Portela de Abreu,Registrado
,Sofá,"Abraçadeira nylon 200x2,5mm PT T-18R",0.4468,Av. João Valério,Sala 5,São Geraldo,69053358,Manaus,Amazonas,,,95,IFAM 2022-007 - TELLESCOM.EMBRAPII - STIPARE_INOVA (11419-7/11420-0),Ana Carolina Góes Martins,Luiz Henrique Portela de Abreu,Registrado
,Sofá,"Abraçadeira nylon 200x2,5mm PT T-18R",0.4468,Av. João Valério,Sala 5,São Geraldo,69053358,Manaus,Amazonas,,,95,IFAM 2022-007 - TELLESCOM.EMBRAPII - STIPARE_INOVA (11419-7/11420-0),Ana Carolina Góes Martins,Luiz Henrique Portela de Abreu,Registrado
,Sofá,"Abraçadeira nylon 200x2,5mm PT T-18R",0.4468,Av. João Valério,Sala 5,São Geraldo,69053358,Manaus,Amazonas,,,95,IFAM 2022-007 - TELLESCOM.EMBRAPII - STIPARE_INOVA (11419-7/11420-0),Ana Carolina Góes Martins,Luiz Henrique Portela de Abreu,Registrado
,Sofá,"Abraçadeira nylon 200x2,5mm PT T-18R",0.4468,Av. João Valério,Sala 5,São Geraldo,69053358,Manaus,Amazonas,,,95,IFAM 2022-007 - TELLESCOM.EMBRAPII - STIPARE_INOVA (11419-7/11420-0),Ana Carolina Góes Martins,Luiz Henrique Portela de Abreu,Registrado
,Sofá,"Abraçadeira nylon 200x2,5mm PT T-18R",0.4468,Av. João Valério,Sala 5,São Geraldo,69053358,Manaus,Amazonas,,,95,IFAM 2022-007 - TELLESCOM.EMBRAPII - STIPARE_INOVA (11419-7/11420-0),Ana Carolina Góes Martins,Luiz Henrique Portela de Abreu,Registrado
,Sofá,"Abraçadeira nylon 200x2,5mm PT T-18R",0.4468,Av. João Valério,Sala 5,São Geraldo,69053358,Manaus,Amazonas,,,95,IFAM 2022-007 - TELLESCOM.EMBRAPII - STIPARE_INOVA (11419-7/11420-0),Ana Carolina Góes Martins,Luiz Henrique Portela de Abreu,Registrado
,Sofá,"Abraçadeira nylon 200x2,5mm PT T-18R",0.4468,Av. João Valério,Sala 5,São Geraldo,69053358,Manaus,Amazonas,,,95,IFAM 2022-007 - TELLESCOM.EMBRAPII - STIPARE_INOVA (11419-7/11420-0),Ana Carolina Góes Martins,Luiz Henrique Portela de Abreu,Registrado
,Sofá,"Abraçadeira nylon 200x2,5mm PT T-18R",0.4468,Av. João Valério,Sala 5,São Geraldo,69053358,Manaus,Amazonas,,,95,IFAM 2022-007 - TELLESCOM.EMBRAPII - STIPARE_INOVA (11419-7/11420-0),Ana Carolina Góes Martins,Luiz Henrique Portela de Abreu,Registrado
,Sofá,"Abraçadeira nylon 200x2,5mm PT T-18R",0.4468,Av. João Valério,Sala 5,São Geraldo,69053358,Manaus,Amazonas,,,95,IFAM 2022-007 - TELLESCOM.EMBRAPII - STIPARE_INOVA (11419-7/11420-0),Ana Carolina Góes Martins,Luiz Henrique Portela de Abreu,Registrado
,Sofá,"Abraçadeira nylon 200x2,5mm PT T-18R",0.4468,Av. João Valério,Sala 5,São Geraldo,69053358,Manaus,Amazonas,,,95,IFAM 2022-007 - TELLESCOM.EMBRAPII - STIPARE_INOVA (11419-7/11420-0),Ana Carolina Góes Martins,Luiz Henrique Portela de Abreu,Registrado
,Sofá,"Abraçadeira nylon 200x2,5mm PT T-18R",0.4468,Av. João Valério,Sala 5,São Geraldo,69053358,Manaus,Amazonas,,,95,IFAM 2022-007 - TELLESCOM.EMBRAPII - STIPARE_INOVA (11419-7/11420-0),Ana Carolina Góes Martins,Luiz Henrique Portela de Abreu,Registrado
,Sofá,"Abraçadeira nylon 200x2,5mm PT T-18R",0.4468,Av. João Valério,Sala 5,São Geraldo,69053358,Manaus,Amazonas,,,95,IFAM 2022-007 - TELLESCOM.EMBRAPII - STIPARE_INOVA (11419-7/11420-0),Ana Carolina Góes Martins,Luiz Henrique Portela de Abreu,Registrado
,Sofá,"Abraçadeira nylon 200x2,5mm PT T-18R",0.4468,Av. João Valério,Sala 5,São Geraldo,69053358,Manaus,Amazonas,,,95,IFAM 2022-007 - TELLESCOM.EMBRAPII - STIPARE_INOVA (11419-7/11420-0),Ana Carolina Góes Martins,Luiz Henrique Portela de Abreu,Registrado
,Sofá,"Abraçadeira nylon 200x2,5mm PT T-18R",0.4468,Av. João Valério,Sala 5,São Geraldo,69053358,Manaus,Amazonas,,,95,IFAM 2022-007 - TELLESCOM.EMBRAPII - STIPARE_INOVA (11419-7/11420-0),Ana Carolina Góes Martins,Luiz Henrique Portela de Abreu,Registrado
,Sofá,"Abraçadeira nylon 200x2,5mm PT T-18R",0.4468,Av. João Valério,Sala 5,São Geraldo,69053358,Manaus,Amazonas,,,95,IFAM 2022-007 - TELLESCOM.EMBRAPII - STIPARE_INOVA (11419-7/11420-0),Ana Carolina Góes Martins,Luiz Henrique Portela de Abreu,Registrado
,Sofá,"Abraçadeira nylon 200x2,5mm PT T-18R",0.4468,Av. João Valério,Sala 5,São Geraldo,69053358,Manaus,Amazonas,,,95,IFAM 2022-007 - TELLESCOM.EMBRAPII - STIPARE_INOVA (11419-7/11420-0),Ana Carolina Góes Martins,Luiz Henrique Portela de Abreu,Registrado
,Sofá,"Abraçadeira nylon 200x2,5mm PT T-18R",0.4468,Av. João Valério,Sala 5,São Geraldo,69053358,Manaus,Amazonas,,,95,IFAM 2022-007 - TELLESCOM.EMBRAPII - STIPARE_INOVA (11419-7/11420-0),Ana Carolina Góes Martins,Luiz Henrique Portela de Abreu,Registrado
,Sofá,"Abraçadeira nylon 200x2,5mm PT T-18R",0.4468,Av. João Valério,Sala 5,São Geraldo,69053358,Manaus,Amazonas,,,95,IFAM 2022-007 - TELLESCOM.EMBRAPII - STIPARE_INOVA (11419-7/11420-0),Ana Carolina Góes Martins,Luiz Henrique Portela de Abreu,Registrado
,Sofá,"Abraçadeira nylon 200x2,5mm PT T-18R",0.4468,Av. João Valério,Sala 5,São Geraldo,69053358,Manaus,Amazonas,,,95,IFAM 2022-007 - TELLESCOM.EMBRAPII - STIPARE_INOVA (11419-7/11420-0),Ana Carolina Góes Martins,Luiz Henrique Portela de Abreu,Registrado
,Sofá,"Abraçadeira nylon 200x2,5mm PT T-18R",0.4468,Av. João Valério,Sala 5,São Geraldo,69053358,Manaus,Amazonas,,,95,IFAM 2022-007 - TELLESCOM.EMBRAPII - STIPARE_INOVA (11419-7/11420-0),Ana Carolina Góes Martins,Luiz Henrique Portela de Abreu,Registrado
,Sofá,"Abraçadeira nylon 200x2,5mm PT T-18R",0.4468,Av. João Valério,Sala 5,São Geraldo,69053358,Manaus,Amazonas,,,95,IFAM 2022-007 - TELLESCOM.EMBRAPII - STIPARE_INOVA (11419-7/11420-0),Ana Carolina Góes Martins,Luiz Henrique Portela de Abreu,Registrado
,Sofá,"Abraçadeira nylon 200x2,5mm PT T-18R",0.4468,Av. João Valério,Sala 5,São Geraldo,69053358,Manaus,Amazonas,,,95,IFAM 2022-007 - TELLESCOM.EMBRAPII - STIPARE_INOVA (11419-7/11420-0),Ana Carolina Góes Martins,Luiz Henrique Portela de Abreu,Registrado
,Sofá,"Abraçadeira nylon 200x2,5mm PT T-18R",0.4468,Av. João Valério,Sala 5,São Geraldo,69053358,Manaus,Amazonas,,,95,IFAM 2022-007 - TELLESCOM.EMBRAPII - STIPARE_INOVA (11419-7/11420-0),Ana Carolina Góes Martins,Luiz Henrique Portela de Abreu,Registrado
,Sofá,"Abraçadeira nylon 200x2,5mm PT T-18R",0.4468,Av. João Valério,Sala 5,São Geraldo,69053358,Manaus,Amazonas,,,95,IFAM 2022-007 - TELLESCOM.EMBRAPII - STIPARE_INOVA (11419-7/11420-0),Ana Carolina Góes Martins,Luiz Henrique Portela de Abreu,Registrado
,Sofá,"Abraçadeira nylon 200x2,5mm PT T-18R",0.4468,Av. João Valério,Sala 5,São Geraldo,69053358,Manaus,Amazonas,,,95,IFAM 2022-007 - TELLESCOM.EMBRAPII - STIPARE_INOVA (11419-7/11420-0),Ana Carolina Góes Martins,Luiz Henrique Portela de Abreu,Registrado
,Sofá,"Abraçadeira nylon 200x2,5mm PT T-18R",0.4468,Av. João Valério,Sala 5,São Geraldo,69053358,Manaus,Amazonas,,,95,IFAM 2022-007 - TELLESCOM.EMBRAPII - STIPARE_INOVA (11419-7/11420-0),Ana Carolina Góes Martins,Luiz Henrique Portela de Abreu,Registrado
,Sofá,"Abraçadeira nylon 200x2,5mm PT T-18R",0.4468,Av. João Valério,Sala 5,São Geraldo,69053358,Manaus,Amazonas,,,95,IFAM 2022-007 - TELLESCOM.EMBRAPII - STIPARE_INOVA (11419-7/11420-0),Ana Carolina Góes Martins,Luiz Henrique Portela de Abreu,Registrado
,Sofá,"Abraçadeira nylon 200x2,5mm PT T-18R",0.4468,Av. João Valério,Sala 5,São Geraldo,69053358,Manaus,Amazonas,,,95,IFAM 2022-007 - TELLESCOM.EMBRAPII - STIPARE_INOVA (11419-7/11420-0),Ana Carolina Góes Martins,Luiz Henrique Portela de Abreu,Registrado
,Sofá,"Abraçadeira nylon 200x2,5mm PT T-18R",0.4468,Av. João Valério,Sala 5,São Geraldo,69053358,Manaus,Amazonas,,,95,IFAM 2022-007 - TELLESCOM.EMBRAPII - STIPARE_INOVA (11419-7/11420-0),Ana Carolina Góes Martins,Luiz Henrique Portela de Abreu,Registrado
,Sofá,"Abraçadeira nylon 200x2,5mm PT T-18R",0.4468,Av. João Valério,Sala 5,São Geraldo,69053358,Manaus,Amazonas,,,95,IFAM 2022-007 - TELLESCOM.EMBRAPII - STIPARE_INOVA (11419-7/11420-0),Ana Carolina Góes Martins,Luiz Henrique Portela de Abreu,Registrado
,Sofá,"Abraçadeira nylon 200x2,5mm PT T-18R",0.4468,Av. João Valério,Sala 5,São Geraldo,69053358,Manaus,Amazonas,,,95,IFAM 2022-007 - TELLESCOM.EMBRAPII - STIPARE_INOVA (11419-7/11420-0),Ana Carolina Góes Martins,Luiz Henrique Portela de Abreu,Registrado
,Sofá,"Abraçadeira nylon 200x2,5mm PT T-18R",0.4468,Av. João Valério,Sala 5,São Geraldo,69053358,Manaus,Amazonas,,,95,IFAM 2022-007 - TELLESCOM.EMBRAPII - STIPARE_INOVA (11419-7/11420-0),Ana Carolina Góes Martins,Luiz Henrique Portela de Abreu,Registrado
,Sofá,"Abraçadeira nylon 200x2,5mm PT T-18R",0.4468,Av. João Valério,Sala 5,São Geraldo,69053358,Manaus,Amazonas,,,95,IFAM 2022-007 - TELLESCOM.EMBRAPII - STIPARE_INOVA (11419-7/11420-0),Ana Carolina Góes Martins,Luiz Henrique Portela de Abreu,Registrado
,Sofá,"Abraçadeira nylon 200x2,5mm PT T-18R",0.4468,Av. João Valério,Sala 5,São Geraldo,69053358,Manaus,Amazonas,,,95,IFAM 2022-007 - TELLESCOM.EMBRAPII - STIPARE_INOVA (11419-7/11420-0),Ana Carolina Góes Martins,Luiz Henrique Portela de Abreu,Registrado
,Sofá,"Abraçadeira nylon 200x2,5mm PT T-18R",0.4468,Av. João Valério,Sala 5,São Geraldo,69053358,Manaus,Amazonas,,,95,IFAM 2022-007 - TELLESCOM.EMBRAPII - STIPARE_INOVA (11419-7/11420-0),Ana Carolina Góes Martins,Luiz Henrique Portela de Abreu,Registrado
,Sofá,"Abraçadeira nylon 200x2,5mm PT T-18R",0.4468,Av. João Valério,Sala 5,São Geraldo,69053358,Manaus,Amazonas,,,95,IFAM 2022-007 - TELLESCOM.EMBRAPII - STIPARE_INOVA (11419-7/11420-0),Ana Carolina Góes Martins,Luiz Henrique Portela de Abreu,Registrado
,Sofá,"Abraçadeira nylon 200x2,5mm PT T-18R",0.4468,Av. João Valério,Sala 5,São Geraldo,69053358,Manaus,Amazonas,,,95,IFAM 2022-007 - TELLESCOM.EMBRAPII - STIPARE_INOVA (11419-7/11420-0),Ana Carolina Góes Martins,Luiz Henrique Portela de Abreu,Registrado
,Sofá,"Abraçadeira nylon 200x2,5mm PT T-18R",0.4468,Av. João Valério,Sala 5,São Geraldo,69053358,Manaus,Amazonas,,,95,IFAM 2022-007 - TELLESCOM.EMBRAPII - STIPARE_INOVA (11419-7/11420-0),Ana Carolina Góes Martins,Luiz Henrique Portela de Abreu,Registrado
,Sofá,"Abraçadeira nylon 200x2,5mm PT T-18R",0.4468,Av. João Valério,Sala 5,São Geraldo,69053358,Manaus,Amazonas,,,95,IFAM 2022-007 - TELLESCOM.EMBRAPII - STIPARE_INOVA (11419-7/11420-0),Ana Carolina Góes Martins,Luiz Henrique Portela de Abreu,Registrado
,Sofá,"Abraçadeira nylon 200x2,5mm PT T-18R",0.4468,Av. João Valério,Sala 5,São Geraldo,69053358,Manaus,Amazonas,,,95,IFAM 2022-007 - TELLESCOM.EMBRAPII - STIPARE_INOVA (11419-7/11420-0),Ana Carolina Góes Martins,Luiz Henrique Portela de Abreu,Registrado
,Sofá,"Abraçadeira nylon 200x2,5mm PT T-18R",0.4468,Av. João Valério,Sala 5,São Geraldo,69053358,Manaus,Amazonas,,,95,IFAM 2022-007 - TELLESCOM.EMBRAPII - STIPARE_INOVA (11419-7/11420-0),Ana Carolina Góes Martins,Luiz Henrique Portela de Abreu,Registrado
,Sofá,"Abraçadeira nylon 200x2,5mm PT T-18R",0.4468,Av. João Valério,Sala 5,São Geraldo,69053358,Manaus,Amazonas,,,95,IFAM 2022-007 - TELLESCOM.EMBRAPII - STIPARE_INOVA (11419-7/11420-0),Ana Carolina Góes Martins,Luiz Henrique Portela de Abreu,Registrado
,Sofá,"Abraçadeira nylon 200x2,5mm PT T-18R",0.4468,Av. João Valério,Sala 5,São Geraldo,69053358,Manaus,Amazonas,,,95,IFAM 2022-007 - TELLESCOM.EMBRAPII - STIPARE_INOVA (11419-7/11420-0),Ana Carolina Góes Martins,Luiz Henrique Portela de Abreu,Registrado
,Sofá,"Abraçadeira nylon 200x2,5mm PT T-18R",0.4468,Av. João Valério,Sala 5,São Geraldo,69053358,Manaus,Amazonas,,,95,IFAM 2022-007 - TELLESCOM.EMBRAPII - STIPARE_INOVA (11419-7/11420-0),Ana Carolina Góes Martins,Luiz Henrique Portela de Abreu,Registrado
,Sofá,"Abraçadeira nylon 200x2,5mm PT T-18R",0.4468,Av. João Valério,Sala 5,São Geraldo,69053358,Manaus,Amazonas,,,95,IFAM 2022-007 - TELLESCOM.EMBRAPII - STIPARE_INOVA (11419-7/11420-0),Ana Carolina Góes Martins,Luiz Henrique Portela de Abreu,Registrado
,Sofá,"Abraçadeira nylon 200x2,5mm PT T-18R",0.4468,Av. João Valério,Sala 5,São Geraldo,69053358,Manaus,Amazonas,,,95,IFAM 2022-007 - TELLESCOM.EMBRAPII - STIPARE_INOVA (11419-7/11420-0),Ana Carolina Góes Martins,Luiz Henrique Portela de Abreu,Registrado
,Sofá,"Abraçadeira nylon 200x2,5mm PT T-18R",0.4468,Av. João Valério,Sala 5,São Geraldo,69053358,Manaus,Amazonas,,,95,IFAM 2022-007 - TELLESCOM.EMBRAPII - STIPARE_INOVA (11419-7/11420-0),Ana Carolina Góes Martins,Luiz Henrique Portela de Abreu,Registrado
,Sofá,"Abraçadeira nylon 200x2,5mm PT T-18R",0.4468,Av. João Valério,Sala 5,São Geraldo,69053358,Manaus,Amazonas,,,95,IFAM 2022-007 - TELLESCOM.EMBRAPII - STIPARE_INOVA (11419-7/11420-0),Ana Carolina Góes Martins,Luiz Henrique Portela de Abreu,Registrado
,Sofá,"Abraçadeira nylon 200x2,5mm PT T-18R",0.4468,Av. João Valério,Sala 5,São Geraldo,69053358,Manaus,Amazonas,,,95,IFAM 2022-007 - TELLESCOM.EMBRAPII - STIPARE_INOVA (11419-7/11420-0),Ana Carolina Góes Martins,Luiz Henrique Portela de Abreu,Registrado
,Sofá,"Abraçadeira nylon 200x2,5mm PT T-18R",0.4468,Av. João Valério,Sala 5,São Geraldo,69053358,Manaus,Amazonas,,,95,IFAM 2022-007 - TELLESCOM.EMBRAPII - STIPARE_INOVA (11419-7/11420-0),Ana Carolina Góes Martins,Luiz Henrique Portela de Abreu,Registrado
,Sofá,"Abraçadeira nylon 200x2,5mm PT T-18R",0.4468,Av. João Valério,Sala 5,São Geraldo,69053358,Manaus,Amazonas,,,95,IFAM 2022-007 - TELLESCOM.EMBRAPII - STIPARE_INOVA (11419-7/11420-0),Ana Carolina Góes Martins,Luiz Henrique Portela de Abreu,Registrado
,Sofá,"Abraçadeira nylon 200x2,5mm PT T-18R",0.4468,Av. João Valério,Sala 5,São Geraldo,69053358,Manaus,Amazonas,,,95,IFAM 2022-007 - TELLESCOM.EMBRAPII - STIPARE_INOVA (11419-7/11420-0),Ana Carolina Góes Martins,Luiz Henrique Portela de Abreu,Registrado
,Sofá,"Abraçadeira nylon 200x2,5mm PT T-18R",0.4468,Av. João Valério,Sala 5,São Geraldo,69053358,Manaus,Amazonas,,,95,IFAM 2022-007 - TELLESCOM.EMBRAPII - STIPARE_INOVA (11419-7/11420-0),Ana Carolina Góes Martins,Luiz Henrique Portela de Abreu,Registrado
,Sofá,"Abraçadeira nylon 200x2,5mm PT T-18R",0.4468,Av. João Valério,Sala 5,São Geraldo,69053358,Manaus,Amazonas,,,95,IFAM 2022-007 - TELLESCOM.EMBRAPII - STIPARE_INOVA (11419-7/11420-0),Ana Carolina Góes Martins,Luiz Henrique Portela de Abreu,Registrado
,Sofá,"Abraçadeira nylon 200x2,5mm PT T-18R",0.4468,Av. João Valério,Sala 5,São Geraldo,69053358,Manaus,Amazonas,,,95,IFAM 2022-007 - TELLESCOM.EMBRAPII - STIPARE_INOVA (11419-7/11420-0),Ana Carolina Góes Martins,Luiz Henrique Portela de Abreu,Registrado
,Sofá,"Abraçadeira nylon 200x2,5mm PT T-18R",0.4468,Av. João Valério,Sala 5,São Geraldo,69053358,Manaus,Amazonas,,,95,IFAM 2022-007 - TELLESCOM.EMBRAPII - STIPARE_INOVA (11419-7/11420-0),Ana Carolina Góes Martins,Luiz Henrique Portela de Abreu,Registrado
,Sofá,"Abraçadeira nylon 200x2,5mm PT T-18R",0.4468,Av. João Valério,Sala 5,São Geraldo,69053358,Manaus,Amazonas,,,95,IFAM 2022-007 - TELLESCOM.EMBRAPII - STIPARE_INOVA (11419-7/11420-0),Ana Carolina Góes Martins,Luiz Henrique Portela de Abreu,Registrado
,Sofá,"Abraçadeira nylon 200x2,5mm PT T-18R",0.4468,Av. João Valério,Sala 5,São Geraldo,69053358,Manaus,Amazonas,,,95,IFAM 2022-007 - TELLESCOM.EMBRAPII - STIPARE_INOVA (11419-7/11420-0),Ana Carolina Góes Martins,Luiz Henrique Portela de Abreu,Registrado
,Sofá,"Abraçadeira nylon 200x2,5mm PT T-18R",0.4468,Av. João Valério,Sala 5,São Geraldo,69053358,Manaus,Amazonas,,,95,IFAM 2022-007 - TELLESCOM.EMBRAPII - STIPARE_INOVA (11419-7/11420-0),Ana Carolina Góes Martins,Luiz Henrique Portela de Abreu,Registrado
,Sofá,"Abraçadeira nylon 200x2,5mm PT T-18R",0.4468,Av. João Valério,Sala 5,São Geraldo,69053358,Manaus,Amazonas,,,95,IFAM 2022-007 - TELLESCOM.EMBRAPII - STIPARE_INOVA (11419-7/11420-0),Ana Carolina Góes Martins,Luiz Henrique Portela de Abreu,Registrado
,Sofá,"Abraçadeira nylon 200x2,5mm PT T-18R",0.4468,Av. João Valério,Sala 5,São Geraldo,69053358,Manaus,Amazonas,,,95,IFAM 2022-007 - TELLESCOM.EMBRAPII - STIPARE_INOVA (11419-7/11420-0),Ana Carolina Góes Martins,Luiz Henrique Portela de Abreu,Registrado
,Sofá,"Abraçadeira nylon 200x2,5mm PT T-18R",0.4468,Av. João Valério,Sala 5,São Geraldo,69053358,Manaus,Amazonas,,,95,IFAM 2022-007 - TELLESCOM.EMBRAPII - STIPARE_INOVA (11419-7/11420-0),Ana Carolina Góes Martins,Luiz Henrique Portela de Abreu,Registrado
,Sofá,"Abraçadeira nylon 200x2,5mm PT T-18R",0.4468,Av. João Valério,Sala 5,São Geraldo,69053358,Manaus,Amazonas,,,95,IFAM 2022-007 - TELLESCOM.EMBRAPII - STIPARE_INOVA (11419-7/11420-0),Ana Carolina Góes Martins,Luiz Henrique Portela de Abreu,Registrado
,Sofá,"Abraçadeira nylon 200x2,5mm PT T-18R",0.4468,Av. João Valério,Sala 5,São Geraldo,69053358,Manaus,Amazonas,,,95,IFAM 2022-007 - TELLESCOM.EMBRAPII - STIPARE_INOVA (11419-7/11420-0),Ana Carolina Góes Martins,Luiz Henrique Portela de Abreu,Registrado
,Sofá,"Abraçadeira nylon 200x2,5mm PT T-18R",0.4468,Av. João Valério,Sala 5,São Geraldo,69053358,Manaus,Amazonas,,,95,IFAM 2022-007 - TELLESCOM.EMBRAPII - STIPARE_INOVA (11419-7/11420-0),Ana Carolina Góes Martins,Luiz Henrique Portela de Abreu,Registrado
,Sofá,"Abraçadeira nylon 200x2,5mm PT T-18R",0.4468,Av. João Valério,Sala 5,São Geraldo,69053358,Manaus,Amazonas,,,95,IFAM 2022-007 - TELLESCOM.EMBRAPII - STIPARE_INOVA (11419-7/11420-0),Ana Carolina Góes Martins,Luiz Henrique Portela de Abreu,Registrado
,Sofá,"Abraçadeira nylon 200x2,5mm PT T-18R",0.4468,Av. João Valério,Sala 5,São Geraldo,69053358,Manaus,Amazonas,,,95,IFAM 2022-007 - TELLESCOM.EMBRAPII - STIPARE_INOVA (11419-7/11420-0),Ana Carolina Góes Martins,Luiz Henrique Portela de Abreu,Registrado
,Sofá,"Abraçadeira nylon 200x2,5mm PT T-18R",0.4468,Av. João Valério,Sala 5,São Geraldo,69053358,Manaus,Amazonas,,,95,IFAM 2022-007 - TELLESCOM.EMBRAPII - STIPARE_INOVA (11419-7/11420-0),Ana Carolina Góes Martins,Luiz Henrique Portela de Abreu,Registrado
,Sofá,"Abraçadeira nylon 200x2,5mm PT T-18R",0.4468,Av. João Valério,Sala 5,São Geraldo,69053358,Manaus,Amazonas,,,95,IFAM 2022-007 - TELLESCOM.EMBRAPII - STIPARE_INOVA (11419-7/11420-0),Ana Carolina Góes Martins,Luiz Henrique Portela de Abreu,Registrado
,Sofá,"Abraçadeira nylon 200x2,5mm PT T-18R",0.4468,Av. João Valério,Sala 5,São Geraldo,69053358,Manaus,Amazonas,,,95,IFAM 2022-007 - TELLESCOM.EMBRAPII - STIPARE_INOVA (11419-7/11420-0),Ana Carolina Góes Martins,Luiz Henrique Portela de Abreu,Registrado
,Sofá,"Abraçadeira nylon 200x2,5mm PT T-18R",0.4468,Av. João Valério,Sala 5,São Geraldo,69053358,Manaus,Amazonas,,,95,IFAM 2022-007 - TELLESCOM.EMBRAPII - STIPARE_INOVA (11419-7/11420-0),Ana Carolina Góes Martins,Luiz Henrique Portela de Abreu,Registrado
,Sofá,"Abraçadeira nylon 200x2,5mm PT T-18R",0.4468,Av. João Valério,Sala 5,São Geraldo,69053358,Manaus,Amazonas,,,95,IFAM 2022-007 - TELLESCOM.EMBRAPII - STIPARE_INOVA (11419-7/11420-0),Ana Carolina Góes Martins,Luiz Henrique Portela de Abreu,Registrado
,Sofá,"Abraçadeira nylon 200x2,5mm PT T-18R",0.4468,Av. João Valério,Sala 5,São Geraldo,69053358,Manaus,Amazonas,,,95,IFAM 2022-007 - TELLESCOM.EMBRAPII - STIPARE_INOVA (11419-7/11420-0),Ana Carolina Góes Martins,Luiz Henrique Portela de Abreu,Registrado
,Sofá,"Abraçadeira nylon 200x2,5mm PT T-18R",0.4468,Av. João Valério,Sala 5,São Geraldo,69053358,Manaus,Amazonas,,,95,IFAM 2022-007 - TELLESCOM.EMBRAPII - STIPARE_INOVA (11419-7/11420-0),Ana Carolina Góes Martins,Luiz Henrique Portela de Abreu,Registrado
,Sofá,"Abraçadeira nylon 200x2,5mm PT T-18R",0.4468,Av. João Valério,Sala 5,São Geraldo,69053358,Manaus,Amazonas,,,95,IFAM 2022-007 - TELLESCOM.EMBRAPII - STIPARE_INOVA (11419-7/11420-0),Ana Carolina Góes Martins,Luiz Henrique Portela de Abreu,Registrado
,Sofá,"Abraçadeira nylon 200x2,5mm PT T-18R",0.4468,Av. João Valério,Sala 5,São Geraldo,69053358,Manaus,Amazonas,,,95,IFAM 2022-007 - TELLESCOM.EMBRAPII - STIPARE_INOVA (11419-7/11420-0),Ana Carolina Góes Martins,Luiz Henrique Portela de Abreu,Registrado
,Sofá,"Abraçadeira nylon 200x2,5mm PT T-18R",0.4468,Av. João Valério,Sala 5,São Geraldo,69053358,Manaus,Amazonas,,,95,IFAM 2022-007 - TELLESCOM.EMBRAPII - STIPARE_INOVA (11419-7/11420-0),Ana Carolina Góes Martins,Luiz Henrique Portela de Abreu,Registrado
,Sofá,"Abraçadeira nylon 200x2,5mm PT T-18R",0.4468,Av. João Valério,Sala 5,São Geraldo,69053358,Manaus,Amazonas,,,95,IFAM 2022-007 - TELLESCOM.EMBRAPII - STIPARE_INOVA (11419-7/11420-0),Ana Carolina Góes Martins,Luiz Henrique Portela de Abreu,Registrado
,Sofá,"Abraçadeira nylon 200x2,5mm PT T-18R",0.4468,Av. João Valério,Sala 5,São Geraldo,69053358,Manaus,Amazonas,,,95,IFAM 2022-007 - TELLESCOM.EMBRAPII - STIPARE_INOVA (11419-7/11420-0),Ana Carolina Góes Martins,Luiz Henrique Portela de Abreu,Registrado
,Sofá,"Abraçadeira nylon 200x2,5mm PT T-18R",0.4468,Av. João Valério,Sala 5,São Geraldo,69053358,Manaus,Amazonas,,,95,IFAM 2022-007 - TELLESCOM.EMBRAPII - STIPARE_INOVA (11419-7/11420-0),Ana Carolina Góes Martins,Luiz Henrique Portela de Abreu,Registrado
,Sofá,"Abraçadeira nylon 200x2,5mm PT T-18R",0.4468,Av. João Valério,Sala 5,São Geraldo,69053358,Manaus,Amazonas,,,95,IFAM 2022-007 - TELLESCOM.EMBRAPII - STIPARE_INOVA (11419-7/11420-0),Ana Carolina Góes Martins,Luiz Henrique Portela de Abreu,Registrado
,Sofá,"Abraçadeira nylon 200x2,5mm PT T-18R",0.4468,Av. João Valério,Sala 5,São Geraldo,69053358,Manaus,Amazonas,,,95,IFAM 2022-007 - TELLESCOM.EMBRAPII - STIPARE_INOVA (11419-7/11420-0),Ana Carolina Góes Martins,Luiz Henrique Portela de Abreu,Registrado
,Sofá,"Abraçadeira nylon 200x2,5mm PT T-18R",0.4468,Av. João Valério,Sala 5,São Geraldo,69053358,Manaus,Amazonas,,,95,IFAM 2022-007 - TELLESCOM.EMBRAPII - STIPARE_INOVA (11419-7/11420-0),Ana Carolina Góes Martins,Luiz Henrique Portela de Abreu,Registrado
,Sofá,"Abraçadeira nylon 200x2,5mm PT T-18R",0.4468,Av. João Valério,Sala 5,São Geraldo,69053358,Manaus,Amazonas,,,95,IFAM 2022-007 - TELLESCOM.EMBRAPII - STIPARE_INOVA (11419-7/11420-0),Ana Carolina Góes Martins,Luiz Henrique Portela de Abreu,Registrado
,Sofá,"Abraçadeira nylon 200x2,5mm PT T-18R",0.4468,Av. João Valério,Sala 5,São Geraldo,69053358,Manaus,Amazonas,,,95,IFAM 2022-007 - TELLESCOM.EMBRAPII - STIPARE_INOVA (11419-7/11420-0),Ana Carolina Góes Martins,Luiz Henrique Portela de Abreu,Registrado
,Sofá,"Abraçadeira nylon 200x2,5mm PT T-18R",0.4468,Av. João Valério,Sala 5,São Geraldo,69053358,Manaus,Amazonas,,,95,IFAM 2022-007 - TELLESCOM.EMBRAPII - STIPARE_INOVA (11419-7/11420-0),Ana Carolina Góes Martins,Luiz Henrique Portela de Abreu,Registrado
,Sofá,"Abraçadeira nylon 200x2,5mm PT T-18R",0.4468,Av. João Valério,Sala 5,São Geraldo,69053358,Manaus,Amazonas,,,95,IFAM 2022-007 - TELLESCOM.EMBRAPII - STIPARE_INOVA (11419-7/11420-0),Ana Carolina Góes Martins,Luiz Henrique Portela de Abreu,Registrado
,Sofá,"Abraçadeira nylon 200x2,5mm PT T-18R",0.4468,Av. João Valério,Sala 5,São Geraldo,69053358,Manaus,Amazonas,,,95,IFAM 2022-007 - TELLESCOM.EMBRAPII - STIPARE_INOVA (11419-7/11420-0),Ana Carolina Góes Martins,Luiz Henrique Portela de Abreu,Registrado
,Sofá,"Abraçadeira nylon 200x2,5mm PT T-18R",0.4468,Av. João Valério,Sala 5,São Geraldo,69053358,Manaus,Amazonas,,,95,IFAM 2022-007 - TELLESCOM.EMBRAPII - STIPARE_INOVA (11419-7/11420-0),Ana Carolina Góes Martins,Luiz Henrique Portela de Abreu,Registrado
,Sofá,"Abraçadeira nylon 200x2,5mm PT T-18R",0.4468,Av. João Valério,Sala 5,São Geraldo,69053358,Manaus,Amazonas,,,95,IFAM 2022-007 - TELLESCOM.EMBRAPII - STIPARE_INOVA (11419-7/11420-0),Ana Carolina Góes Martins,Luiz Henrique Portela de Abreu,Registrado
,Sofá,"Abraçadeira nylon 200x2,5mm PT T-18R",0.4468,Av. João Valério,Sala 5,São Geraldo,69053358,Manaus,Amazonas,,,95,IFAM 2022-007 - TELLESCOM.EMBRAPII - STIPARE_INOVA (11419-7/11420-0),Ana Carolina Góes Martins,Luiz Henrique Portela de Abreu,Registrado
,Sofá,"Abraçadeira nylon 200x2,5mm PT T-18R",0.4468,Av. João Valério,Sala 5,São Geraldo,69053358,Manaus,Amazonas,,,95,IFAM 2022-007 - TELLESCOM.EMBRAPII - STIPARE_INOVA (11419-7/11420-0),Ana Carolina Góes Martins,Luiz Henrique Portela de Abreu,Registrado
,Sofá,"Abraçadeira nylon 200x2,5mm PT T-18R",0.4468,Av. João Valério,Sala 5,São Geraldo,69053358,Manaus,Amazonas,,,95,IFAM 2022-007 - TELLESCOM.EMBRAPII - STIPARE_INOVA (11419-7/11420-0),Ana Carolina Góes Martins,Luiz Henrique Portela de Abreu,Registrado
,Sofá,"Abraçadeira nylon 200x2,5mm PT T-18R",0.4468,Av. João Valério,Sala 5,São Geraldo,69053358,Manaus,Amazonas,,,95,IFAM 2022-007 - TELLESCOM.EMBRAPII - STIPARE_INOVA (11419-7/11420-0),Ana Carolina Góes Martins,Luiz Henrique Portela de Abreu,Registrado
,Sofá,"Abraçadeira nylon 200x2,5mm PT T-18R",0.4468,Av. João Valério,Sala 5,São Geraldo,69053358,Manaus,Amazonas,,,95,IFAM 2022-007 - TELLESCOM.EMBRAPII - STIPARE_INOVA (11419-7/11420-0),Ana Carolina Góes Martins,Luiz Henrique Portela de Abreu,Registrado
,Sofá,"Abraçadeira nylon 200x2,5mm PT T-18R",0.4468,Av. João Valério,Sala 5,São Geraldo,69053358,Manaus,Amazonas,,,95,IFAM 2022-007 - TELLESCOM.EMBRAPII - STIPARE_INOVA (11419-7/11420-0),Ana Carolina Góes Martins,Luiz Henrique Portela de Abreu,Registrado
,Sofá,"Abraçadeira nylon 200x2,5mm PT T-18R",0.4468,Av. João Valério,Sala 5,São Geraldo,69053358,Manaus,Amazonas,,,95,IFAM 2022-007 - TELLESCOM.EMBRAPII - STIPARE_INOVA (11419-7/11420-0),Ana Carolina Góes Martins,Luiz Henrique Portela de Abreu,Registrado
,Sofá,"Abraçadeira nylon 200x2,5mm PT T-18R",0.4468,Av. João Valério,Sala 5,São Geraldo,69053358,Manaus,Amazonas,,,95,IFAM 2022-007 - TELLESCOM.EMBRAPII - STIPARE_INOVA (11419-7/11420-0),Ana Carolina Góes Martins,Luiz Henrique Portela de Abreu,Registrado
,Sofá,"Abraçadeira nylon 200x2,5mm PT T-18R",0.4468,Av. João Valério,Sala 5,São Geraldo,69053358,Manaus,Amazonas,,,95,IFAM 2022-007 - TELLESCOM.EMBRAPII - STIPARE_INOVA (11419-7/11420-0),Ana Carolina Góes Martins,Luiz Henrique Portela de Abreu,Registrado
,Sofá,"Abraçadeira nylon 200x2,5mm PT T-18R",0.4468,Av. João Valério,Sala 5,São Geraldo,69053358,Manaus,Amazonas,,,95,IFAM 2022-007 - TELLESCOM.EMBRAPII - STIPARE_INOVA (11419-7/11420-0),Ana Carolina Góes Martins,Luiz Henrique Portela de Abreu,Registrado
,Sofá,"Abraçadeira nylon 200x2,5mm PT T-18R",0.4468,Av. João Valério,Sala 5,São Geraldo,69053358,Manaus,Amazonas,,,95,IFAM 2022-007 - TELLESCOM.EMBRAPII - STIPARE_INOVA (11419-7/11420-0),Ana Carolina Góes Martins,Luiz Henrique Portela de Abreu,Registrado
,Sofá,"Abraçadeira nylon 200x2,5mm PT T-18R",0.4468,Av. João Valério,Sala 5,São Geraldo,69053358,Manaus,Amazonas,,,95,IFAM 2022-007 - TELLESCOM.EMBRAPII - STIPARE_INOVA (11419-7/11420-0),Ana Carolina Góes Martins,Luiz Henrique Portela de Abreu,Registrado
,Sofá,"Abraçadeira nylon 200x2,5mm PT T-18R",0.4468,Av. João Valério,Sala 5,São Geraldo,69053358,Manaus,Amazonas,,,95,IFAM 2022-007 - TELLESCOM.EMBRAPII - STIPARE_INOVA (11419-7/11420-0),Ana Carolina Góes Martins,Luiz Henrique Portela de Abreu,Registrado
,Sofá,"Abraçadeira nylon 200x2,5mm PT T-18R",0.4468,Av. João Valério,Sala 5,São Geraldo,69053358,Manaus,Amazonas,,,95,IFAM 2022-007 - TELLESCOM.EMBRAPII - STIPARE_INOVA (11419-7/11420-0),Ana Carolina Góes Martins,Luiz Henrique Portela de Abreu,Registrado
,Sofá,"Abraçadeira nylon 200x2,5mm PT T-18R",0.4468,Av. João Valério,Sala 5,São Geraldo,69053358,Manaus,Amazonas,,,95,IFAM 2022-007 - TELLESCOM.EMBRAPII - STIPARE_INOVA (11419-7/11420-0),Ana Carolina Góes Martins,Luiz Henrique Portela de Abreu,Registrado
,Sofá,"Abraçadeira nylon 200x2,5mm PT T-18R",0.4468,Av. João Valério,Sala 5,São Geraldo,69053358,Manaus,Amazonas,,,95,IFAM 2022-007 - TELLESCOM.EMBRAPII - STIPARE_INOVA (11419-7/11420-0),Ana Carolina Góes Martins,Luiz Henrique Portela de Abreu,Registrado
,Sofá,"Abraçadeira nylon 200x2,5mm PT T-18R",0.4468,Av. João Valério,Sala 5,São Geraldo,69053358,Manaus,Amazonas,,,95,IFAM 2022-007 - TELLESCOM.EMBRAPII - STIPARE_INOVA (11419-7/11420-0),Ana Carolina Góes Martins,Luiz Henrique Portela de Abreu,Registrado
,Sofá,"Abraçadeira nylon 200x2,5mm PT T-18R",0.4468,Av. João Valério,Sala 5,São Geraldo,69053358,Manaus,Amazonas,,,95,IFAM 2022-007 - TELLESCOM.EMBRAPII - STIPARE_INOVA (11419-7/11420-0),Ana Carolina Góes Martins,Luiz Henrique Portela de Abreu,Registrado
,Sofá,"Abraçadeira nylon 200x2,5mm PT T-18R",0.4468,Av. João Valério,Sala 5,São Geraldo,69053358,Manaus,Amazonas,,,95,IFAM 2022-007 - TELLESCOM.EMBRAPII - STIPARE_INOVA (11419-7/11420-0),Ana Carolina Góes Martins,Luiz Henrique Portela de Abreu,Registrado
,Sofá,"Abraçadeira nylon 200x2,5mm PT T-18R",0.4468,Av. João Valério,Sala 5,São Geraldo,69053358,Manaus,Amazonas,,,95,IFAM 2022-007 - TELLESCOM.EMBRAPII - STIPARE_INOVA (11419-7/11420-0),Ana Carolina Góes Martins,Luiz Henrique Portela de Abreu,Registrado
,Sofá,"Abraçadeira nylon 200x2,5mm PT T-18R",0.4468,Av. João Valério,Sala 5,São Geraldo,69053358,Manaus,Amazonas,,,95,IFAM 2022-007 - TELLESCOM.EMBRAPII - STIPARE_INOVA (11419-7/11420-0),Ana Carolina Góes Martins,Luiz Henrique Portela de Abreu,Registrado
,Sofá,"Abraçadeira nylon 200x2,5mm PT T-18R",0.4468,Av. João Valério,Sala 5,São Geraldo,69053358,Manaus,Amazonas,,,95,IFAM 2022-007 - TELLESCOM.EMBRAPII - STIPARE_INOVA (11419-7/11420-0),Ana Carolina Góes Martins,Luiz Henrique Portela de Abreu,Registrado
,Sofá,"Abraçadeira nylon 200x2,5mm PT T-18R",0.4468,Av. João Valério,Sala 5,São Geraldo,69053358,Manaus,Amazonas,,,95,IFAM 2022-007 - TELLESCOM.EMBRAPII - STIPARE_INOVA (11419-7/11420-0),Ana Carolina Góes Martins,Luiz Henrique Portela de Abreu,Registrado
,Sofá,"Abraçadeira nylon 200x2,5mm PT T-18R",0.4468,Av. João Valério,Sala 5,São Geraldo,69053358,Manaus,Amazonas,,,95,IFAM 2022-007 - TELLESCOM.EMBRAPII - STIPARE_INOVA (11419-7/11420-0),Ana Carolina Góes Martins,Luiz Henrique Portela de Abreu,Registrado
,Sofá,"Abraçadeira nylon 200x2,5mm PT T-18R",0.4468,Av. João Valério,Sala 5,São Geraldo,69053358,Manaus,Amazonas,,,95,IFAM 2022-007 - TELLESCOM.EMBRAPII - STIPARE_INOVA (11419-7/11420-0),Ana Carolina Góes Martins,Luiz Henrique Portela de Abreu,Registrado
,Sofá,"Abraçadeira nylon 200x2,5mm PT T-18R",0.4468,Av. João Valério,Sala 5,São Geraldo,69053358,Manaus,Amazonas,,,95,IFAM 2022-007 - TELLESCOM.EMBRAPII - STIPARE_INOVA (11419-7/11420-0),Ana Carolina Góes Martins,Luiz Henrique Portela de Abreu,Registrado
,Sofá,"Abraçadeira nylon 200x2,5mm PT T-18R",0.4468,Av. João Valério,Sala 5,São Geraldo,69053358,Manaus,Amazonas,,,95,IFAM 2022-007 - TELLESCOM.EMBRAPII - STIPARE_INOVA (11419-7/11420-0),Ana Carolina Góes Martins,Luiz Henrique Portela de Abreu,Registrado
,Sofá,"Abraçadeira nylon 200x2,5mm PT T-18R",0.4468,Av. João Valério,Sala 5,São Geraldo,69053358,Manaus,Amazonas,,,95,IFAM 2022-007 - TELLESCOM.EMBRAPII - STIPARE_INOVA (11419-7/11420-0),Ana Carolina Góes Martins,Luiz Henrique Portela de Abreu,Registrado
,Sofá,"Abraçadeira nylon 200x2,5mm PT T-18R",0.4468,Av. João Valério,Sala 5,São Geraldo,69053358,Manaus,Amazonas,,,95,IFAM 2022-007 - TELLESCOM.EMBRAPII - STIPARE_INOVA (11419-7/11420-0),Ana Carolina Góes Martins,Luiz Henrique Portela de Abreu,Registrado
,Sofá,"Abraçadeira nylon 200x2,5mm PT T-18R",0.4468,Av. João Valério,Sala 5,São Geraldo,69053358,Manaus,Amazonas,,,95,IFAM 2022-007 - TELLESCOM.EMBRAPII - STIPARE_INOVA (11419-7/11420-0),Ana Carolina Góes Martins,Luiz Henrique Portela de Abreu,Registrado
,Sofá,"Abraçadeira nylon 200x2,5mm PT T-18R",0.4468,Av. João Valério,Sala 5,São Geraldo,69053358,Manaus,Amazonas,,,95,IFAM 2022-007 - TELLESCOM.EMBRAPII - STIPARE_INOVA (11419-7/11420-0),Ana Carolina Góes Martins,Luiz Henrique Portela de Abreu,Registrado
,Sofá,"Abraçadeira nylon 200x2,5mm PT T-18R",0.4468,Av. João Valério,Sala 5,São Geraldo,69053358,Manaus,Amazonas,,,95,IFAM 2022-007 - TELLESCOM.EMBRAPII - STIPARE_INOVA (11419-7/11420-0),Ana Carolina Góes Martins,Luiz Henrique Portela de Abreu,Registrado
,Sofá,"Abraçadeira nylon 200x2,5mm PT T-18R",0.4468,Av. João Valério,Sala 5,São Geraldo,69053358,Manaus,Amazonas,,,95,IFAM 2022-007 - TELLESCOM.EMBRAPII - STIPARE_INOVA (11419-7/11420-0),Ana Carolina Góes Martins,Luiz Henrique Portela de Abreu,Registrado
,Sofá,"Abraçadeira nylon 200x2,5mm PT T-18R",0.4468,Av. João Valério,Sala 5,São Geraldo,69053358,Manaus,Amazonas,,,95,IFAM 2022-007 - TELLESCOM.EMBRAPII - STIPARE_INOVA (11419-7/11420-0),Ana Carolina Góes Martins,Luiz Henrique Portela de Abreu,Registrado
,Sofá,"Abraçadeira nylon 200x2,5mm PT T-18R",0.4468,Av. João Valério,Sala 5,São Geraldo,69053358,Manaus,Amazonas,,,95,IFAM 2022-007 - TELLESCOM.EMBRAPII - STIPARE_INOVA (11419-7/11420-0),Ana Carolina Góes Martins,Luiz Henrique Portela de Abreu,Registrado
,Sofá,"Abraçadeira nylon 200x2,5mm PT T-18R",0.4468,Av. João Valério,Sala 5,São Geraldo,69053358,Manaus,Amazonas,,,95,IFAM 2022-007 - TELLESCOM.EMBRAPII - STIPARE_INOVA (11419-7/11420-0),Ana Carolina Góes Martins,Luiz Henrique Portela de Abreu,Registrado
,Sofá,"Abraçadeira nylon 200x2,5mm PT T-18R",0.4468,Av. João Valério,Sala 5,São Geraldo,69053358,Manaus,Amazonas,,,95,IFAM 2022-007 - TELLESCOM.EMBRAPII - STIPARE_INOVA (11419-7/11420-0),Ana Carolina Góes Martins,Luiz Henrique Portela de Abreu,Registrado
,Sofá,"Abraçadeira nylon 200x2,5mm PT T-18R",0.4468,Av. João Valério,Sala 5,São Geraldo,69053358,Manaus,Amazonas,,,95,IFAM 2022-007 - TELLESCOM.EMBRAPII - STIPARE_INOVA (11419-7/11420-0),Ana Carolina Góes Martins,Luiz Henrique Portela de Abreu,Registrado
,Sofá,"Abraçadeira nylon 200x2,5mm PT T-18R",0.4468,Av. João Valério,Sala 5,São Geraldo,69053358,Manaus,Amazonas,,,95,IFAM 2022-007 - TELLESCOM.EMBRAPII - STIPARE_INOVA (11419-7/11420-0),Ana Carolina Góes Martins,Luiz Henrique Portela de Abreu,Registrado
,Sofá,"Abraçadeira nylon 200x2,5mm PT T-18R",0.4468,Av. João Valério,Sala 5,São Geraldo,69053358,Manaus,Amazonas,,,95,IFAM 2022-007 - TELLESCOM.EMBRAPII - STIPARE_INOVA (11419-7/11420-0),Ana Carolina Góes Martins,Luiz Henrique Portela de Abreu,Registrado
,Sofá,"Abraçadeira nylon 200x2,5mm PT T-18R",0.4468,Av. João Valério,Sala 5,São Geraldo,69053358,Manaus,Amazonas,,,95,IFAM 2022-007 - TELLESCOM.EMBRAPII - STIPARE_INOVA (11419-7/11420-0),Ana Carolina Góes Martins,Luiz Henrique Portela de Abreu,Registrado
,Sofá,"Abraçadeira nylon 200x2,5mm PT T-18R",0.4468,Av. João Valério,Sala 5,São Geraldo,69053358,Manaus,Amazonas,,,95,IFAM 2022-007 - TELLESCOM.EMBRAPII - STIPARE_INOVA (11419-7/11420-0),Ana Carolina Góes Martins,Luiz Henrique Portela de Abreu,Registrado
,Sofá,"Abraçadeira nylon 200x2,5mm PT T-18R",0.4468,Av. João Valério,Sala 5,São Geraldo,69053358,Manaus,Amazonas,,,95,IFAM 2022-007 - TELLESCOM.EMBRAPII - STIPARE_INOVA (11419-7/11420-0),Ana Carolina Góes Martins,Luiz Henrique Portela de Abreu,Registrado
,Sofá,"Abraçadeira nylon 200x2,5mm PT T-18R",0.4468,Av. João Valério,Sala 5,São Geraldo,69053358,Manaus,Amazonas,,,95,IFAM 2022-007 - TELLESCOM.EMBRAPII - STIPARE_INOVA (11419-7/11420-0),Ana Carolina Góes Martins,Luiz Henrique Portela de Abreu,Registrado
,Sofá,"Abraçadeira nylon 200x2,5mm PT T-18R",0.4468,Av. João Valério,Sala 5,São Geraldo,69053358,Manaus,Amazonas,,,95,IFAM 2022-007 - TELLESCOM.EMBRAPII - STIPARE_INOVA (11419-7/11420-0),Ana Carolina Góes Martins,Luiz Henrique Portela de Abreu,Registrado
,Sofá,"Abraçadeira nylon 200x2,5mm PT T-18R",0.4468,Av. João Valério,Sala 5,São Geraldo,69053358,Manaus,Amazonas,,,95,IFAM 2022-007 - TELLESCOM.EMBRAPII - STIPARE_INOVA (11419-7/11420-0),Ana Carolina Góes Martins,Luiz Henrique Portela de Abreu,Registrado
,Sofá,"Abraçadeira nylon 200x2,5mm PT T-18R",0.4468,Av. João Valério,Sala 5,São Geraldo,69053358,Manaus,Amazonas,,,95,IFAM 2022-007 - TELLESCOM.EMBRAPII - STIPARE_INOVA (11419-7/11420-0),Ana Carolina Góes Martins,Luiz Henrique Portela de Abreu,Registrado
,Sofá,"Abraçadeira nylon 200x2,5mm PT T-18R",0.4468,Av. João Valério,Sala 5,São Geraldo,69053358,Manaus,Amazonas,,,95,IFAM 2022-007 - TELLESCOM.EMBRAPII - STIPARE_INOVA (11419-7/11420-0),Ana Carolina Góes Martins,Luiz Henrique Portela de Abreu,Registrado
,Sofá,"Abraçadeira nylon 200x2,5mm PT T-18R",0.4468,Av. João Valério,Sala 5,São Geraldo,69053358,Manaus,Amazonas,,,95,IFAM 2022-007 - TELLESCOM.EMBRAPII - STIPARE_INOVA (11419-7/11420-0),Ana Carolina Góes Martins,Luiz Henrique Portela de Abreu,Registrado
,Sofá,"Abraçadeira nylon 200x2,5mm PT T-18R",0.4468,Av. João Valério,Sala 5,São Geraldo,69053358,Manaus,Amazonas,,,95,IFAM 2022-007 - TELLESCOM.EMBRAPII - STIPARE_INOVA (11419-7/11420-0),Ana Carolina Góes Martins,Luiz Henrique Portela de Abreu,Registrado
,Sofá,"Abraçadeira nylon 200x2,5mm PT T-18R",0.4468,Av. João Valério,Sala 5,São Geraldo,69053358,Manaus,Amazonas,,,95,IFAM 2022-007 - TELLESCOM.EMBRAPII - STIPARE_INOVA (11419-7/11420-0),Ana Carolina Góes Martins,Luiz Henrique Portela de Abreu,Registrado
,Sofá,"Abraçadeira nylon 200x2,5mm PT T-18R",0.4468,Av. João Valério,Sala 5,São Geraldo,69053358,Manaus,Amazonas,,,95,IFAM 2022-007 - TELLESCOM.EMBRAPII - STIPARE_INOVA (11419-7/11420-0),Ana Carolina Góes Martins,Luiz Henrique Portela de Abreu,Registrado
,Sofá,"Abraçadeira nylon 200x2,5mm PT T-18R",0.4468,Av. João Valério,Sala 5,São Geraldo,69053358,Manaus,Amazonas,,,95,IFAM 2022-007 - TELLESCOM.EMBRAPII - STIPARE_INOVA (11419-7/11420-0),Ana Carolina Góes Martins,Luiz Henrique Portela de Abreu,Registrado
,Sofá,"Abraçadeira nylon 200x2,5mm PT T-18R",0.4468,Av. João Valério,Sala 5,São Geraldo,69053358,Manaus,Amazonas,,,95,IFAM 2022-007 - TELLESCOM.EMBRAPII - STIPARE_INOVA (11419-7/11420-0),Ana Carolina Góes Martins,Luiz Henrique Portela de Abreu,Registrado
,Sofá,"Abraçadeira nylon 200x2,5mm PT T-18R",0.4468,Av. João Valério,Sala 5,São Geraldo,69053358,Manaus,Amazonas,,,95,IFAM 2022-007 - TELLESCOM.EMBRAPII - STIPARE_INOVA (11419-7/11420-0),Ana Carolina Góes Martins,Luiz Henrique Portela de Abreu,Registrado
,Sofá,"Abraçadeira nylon 200x2,5mm PT T-18R",0.4468,Av. João Valério,Sala 5,São Geraldo,69053358,Manaus,Amazonas,,,95,IFAM 2022-007 - TELLESCOM.EMBRAPII - STIPARE_INOVA (11419-7/11420-0),Ana Carolina Góes Martins,Luiz Henrique Portela de Abreu,Registrado
,Sofá,"Abraçadeira nylon 200x2,5mm PT T-18R",0.4468,Av. João Valério,Sala 5,São Geraldo,69053358,Manaus,Amazonas,,,95,IFAM 2022-007 - TELLESCOM.EMBRAPII - STIPARE_INOVA (11419-7/11420-0),Ana Carolina Góes Martins,Luiz Henrique Portela de Abreu,Registrado
,Sofá,"Abraçadeira nylon 200x2,5mm PT T-18R",0.4468,Av. João Valério,Sala 5,São Geraldo,69053358,Manaus,Amazonas,,,95,IFAM 2022-007 - TELLESCOM.EMBRAPII - STIPARE_INOVA (11419-7/11420-0),Ana Carolina Góes Martins,Luiz Henrique Portela de Abreu,Registrado
,Sofá,"Abraçadeira nylon 200x2,5mm PT T-18R",0.4468,Av. João Valério,Sala 5,São Geraldo,69053358,Manaus,Amazonas,,,95,IFAM 2022-007 - TELLESCOM.EMBRAPII - STIPARE_INOVA (11419-7/11420-0),Ana Carolina Góes Martins,Luiz Henrique Portela de Abreu,Registrado
,Sofá,"Abraçadeira nylon 200x2,5mm PT T-18R",0.4468,Av. João Valério,Sala 5,São Geraldo,69053358,Manaus,Amazonas,,,95,IFAM 2022-007 - TELLESCOM.EMBRAPII - STIPARE_INOVA (11419-7/11420-0),Ana Carolina Góes Martins,Luiz Henrique Portela de Abreu,Registrado
,Sofá,"Abraçadeira nylon 200x2,5mm PT T-18R",0.4468,Av. João Valério,Sala 5,São Geraldo,69053358,Manaus,Amazonas,,,95,IFAM 2022-007 - TELLESCOM.EMBRAPII - STIPARE_INOVA (11419-7/11420-0),Ana Carolina Góes Martins,Luiz Henrique Portela de Abreu,Registrado
,Sofá,"Abraçadeira nylon 200x2,5mm PT T-18R",0.4468,Av. João Valério,Sala 5,São Geraldo,69053358,Manaus,Amazonas,,,95,IFAM 2022-007 - TELLESCOM.EMBRAPII - STIPARE_INOVA (11419-7/11420-0),Ana Carolina Góes Martins,Luiz Henrique Portela de Abreu,Registrado
,Sofá,"Abraçadeira nylon 200x2,5mm PT T-18R",0.4468,Av. João Valério,Sala 5,São Geraldo,69053358,Manaus,Amazonas,,,95,IFAM 2022-007 - TELLESCOM.EMBRAPII - STIPARE_INOVA (11419-7/11420-0),Ana Carolina Góes Martins,Luiz Henrique Portela de Abreu,Registrado
,Sofá,"Abraçadeira nylon 200x2,5mm PT T-18R",0.4468,Av. João Valério,Sala 5,São Geraldo,69053358,Manaus,Amazonas,,,95,IFAM 2022-007 - TELLESCOM.EMBRAPII - STIPARE_INOVA (11419-7/11420-0),Ana Carolina Góes Martins,Luiz Henrique Portela de Abreu,Registrado
,Sofá,"Abraçadeira nylon 200x2,5mm PT T-18R",0.4468,Av. João Valério,Sala 5,São Geraldo,69053358,Manaus,Amazonas,,,95,IFAM 2022-007 - TELLESCOM.EMBRAPII - STIPARE_INOVA (11419-7/11420-0),Ana Carolina Góes Martins,Luiz Henrique Portela de Abreu,Registrado
,Sofá,"Abraçadeira nylon 200x2,5mm PT T-18R",0.4468,Av. João Valério,Sala 5,São Geraldo,69053358,Manaus,Amazonas,,,95,IFAM 2022-007 - TELLESCOM.EMBRAPII - STIPARE_INOVA (11419-7/11420-0),Ana Carolina Góes Martins,Luiz Henrique Portela de Abreu,Registrado
,Sofá,"Abraçadeira nylon 200x2,5mm PT T-18R",0.4468,Av. João Valério,Sala 5,São Geraldo,69053358,Manaus,Amazonas,,,95,IFAM 2022-007 - TELLESCOM.EMBRAPII - STIPARE_INOVA (11419-7/11420-0),Ana Carolina Góes Martins,Luiz Henrique Portela de Abreu,Registrado
,Sofá,"Abraçadeira nylon 200x2,5mm PT T-18R",0.4468,Av. João Valério,Sala 5,São Geraldo,69053358,Manaus,Amazonas,,,95,IFAM 2022-007 - TELLESCOM.EMBRAPII - STIPARE_INOVA (11419-7/11420-0),Ana Carolina Góes Martins,Luiz Henrique Portela de Abreu,Registrado
,Sofá,"Abraçadeira nylon 200x2,5mm PT T-18R",0.4468,Av. João Valério,Sala 5,São Geraldo,69053358,Manaus,Amazonas,,,95,IFAM 2022-007 - TELLESCOM.EMBRAPII - STIPARE_INOVA (11419-7/11420-0),Ana Carolina Góes Martins,Luiz Henrique Portela de Abreu,Registrado
,Sofá,"Abraçadeira nylon 200x2,5mm PT T-18R",0.4468,Av. João Valério,Sala 5,São Geraldo,69053358,Manaus,Amazonas,,,95,IFAM 2022-007 - TELLESCOM.EMBRAPII - STIPARE_INOVA (11419-7/11420-0),Ana Carolina Góes Martins,Luiz Henrique Portela de Abreu,Registrado
,Sofá,"Abraçadeira nylon 200x2,5mm PT T-18R",0.4468,Av. João Valério,Sala 5,São Geraldo,69053358,Manaus,Amazonas,,,95,IFAM 2022-007 - TELLESCOM.EMBRAPII - STIPARE_INOVA (11419-7/11420-0),Ana Carolina Góes Martins,Luiz Henrique Portela de Abreu,Registrado
,Sofá,"Abraçadeira nylon 200x2,5mm PT T-18R",0.4468,Av. João Valério,Sala 5,São Geraldo,69053358,Manaus,Amazonas,,,95,IFAM 2022-007 - TELLESCOM.EMBRAPII - STIPARE_INOVA (11419-7/11420-0),Ana Carolina Góes Martins,Luiz Henrique Portela de Abreu,Registrado
,Sofá,"Abraçadeira nylon 200x2,5mm PT T-18R",0.4468,Av. João Valério,Sala 5,São Geraldo,69053358,Manaus,Amazonas,,,95,IFAM 2022-007 - TELLESCOM.EMBRAPII - STIPARE_INOVA (11419-7/11420-0),Ana Carolina Góes Martins,Luiz Henrique Portela de Abreu,Registrado
,Sofá,"Abraçadeira nylon 200x2,5mm PT T-18R",0.4468,Av. João Valério,Sala 5,São Geraldo,69053358,Manaus,Amazonas,,,95,IFAM 2022-007 - TELLESCOM.EMBRAPII - STIPARE_INOVA (11419-7/11420-0),Ana Carolina Góes Martins,Luiz Henrique Portela de Abreu,Registrado
,Sofá,"Abraçadeira nylon 200x2,5mm PT T-18R",0.4468,Av. João Valério,Sala 5,São Geraldo,69053358,Manaus,Amazonas,,,95,IFAM 2022-007 - TELLESCOM.EMBRAPII - STIPARE_INOVA (11419-7/11420-0),Ana Carolina Góes Martins,Luiz Henrique Portela de Abreu,Registrado
,Sofá,"Abraçadeira nylon 200x2,5mm PT T-18R",0.4468,Av. João Valério,Sala 5,São Geraldo,69053358,Manaus,Amazonas,,,95,IFAM 2022-007 - TELLESCOM.EMBRAPII - STIPARE_INOVA (11419-7/11420-0),Ana Carolina Góes Martins,Luiz Henrique Portela de Abreu,Registrado
,Sofá,"Abraçadeira nylon 200x2,5mm PT T-18R",0.4468,Av. João Valério,Sala 5,São Geraldo,69053358,Manaus,Amazonas,,,95,IFAM 2022-007 - TELLESCOM.EMBRAPII - STIPARE_INOVA (11419-7/11420-0),Ana Carolina Góes Martins,Luiz Henrique Portela de Abreu,Registrado
,Sofá,"Abraçadeira nylon 200x2,5mm PT T-18R",0.4468,Av. João Valério,Sala 5,São Geraldo,69053358,Manaus,Amazonas,,,95,IFAM 2022-007 - TELLESCOM.EMBRAPII - STIPARE_INOVA (11419-7/11420-0),Ana Carolina Góes Martins,Luiz Henrique Portela de Abreu,Registrado
,Sofá,"Abraçadeira nylon 200x2,5mm PT T-18R",0.4468,Av. João Valério,Sala 5,São Geraldo,69053358,Manaus,Amazonas,,,95,IFAM 2022-007 - TELLESCOM.EMBRAPII - STIPARE_INOVA (11419-7/11420-0),Ana Carolina Góes Martins,Luiz Henrique Portela de Abreu,Registrado
,Sofá,"Abraçadeira nylon 200x2,5mm PT T-18R",0.4468,Av. João Valério,Sala 5,São Geraldo,69053358,Manaus,Amazonas,,,95,IFAM 2022-007 - TELLESCOM.EMBRAPII - STIPARE_INOVA (11419-7/11420-0),Ana Carolina Góes Martins,Luiz Henrique Portela de Abreu,Registrado
,Sofá,"Abraçadeira nylon 200x2,5mm PT T-18R",0.4468,Av. João Valério,Sala 5,São Geraldo,69053358,Manaus,Amazonas,,,95,IFAM 2022-007 - TELLESCOM.EMBRAPII - STIPARE_INOVA (11419-7/11420-0),Ana Carolina Góes Martins,Luiz Henrique Portela de Abreu,Registrado
,Sofá,"Abraçadeira nylon 200x2,5mm PT T-18R",0.4468,Av. João Valério,Sala 5,São Geraldo,69053358,Manaus,Amazonas,,,95,IFAM 2022-007 - TELLESCOM.EMBRAPII - STIPARE_INOVA (11419-7/11420-0),Ana Carolina Góes Martins,Luiz Henrique Portela de Abreu,Registrado
,Sofá,"Abraçadeira nylon 200x2,5mm PT T-18R",0.4468,Av. João Valério,Sala 5,São Geraldo,69053358,Manaus,Amazonas,,,95,IFAM 2022-007 - TELLESCOM.EMBRAPII - STIPARE_INOVA (11419-7/11420-0),Ana Carolina Góes Martins,Luiz Henrique Portela de Abreu,Registrado
,Sofá,"Abraçadeira nylon 200x2,5mm PT T-18R",0.4468,Av. João Valério,Sala 5,São Geraldo,69053358,Manaus,Amazonas,,,95,IFAM 2022-007 - TELLESCOM.EMBRAPII - STIPARE_INOVA (11419-7/11420-0),Ana Carolina Góes Martins,Luiz Henrique Portela de Abreu,Registrado
,Sofá,"Abraçadeira nylon 200x2,5mm PT T-18R",0.4468,Av. João Valério,Sala 5,São Geraldo,69053358,Manaus,Amazonas,,,95,IFAM 2022-007 - TELLESCOM.EMBRAPII - STIPARE_INOVA (11419-7/11420-0),Ana Carolina Góes Martins,Luiz Henrique Portela de Abreu,Registrado
,Sofá,"Abraçadeira nylon 200x2,5mm PT T-18R",0.4468,Av. João Valério,Sala 5,São Geraldo,69053358,Manaus,Amazonas,,,95,IFAM 2022-007 - TELLESCOM.EMBRAPII - STIPARE_INOVA (11419-7/11420-0),Ana Carolina Góes Martins,Luiz Henrique Portela de Abreu,Registrado
,Sofá,"Abraçadeira nylon 200x2,5mm PT T-18R",0.4468,Av. João Valério,Sala 5,São Geraldo,69053358,Manaus,Amazonas,,,95,IFAM 2022-007 - TELLESCOM.EMBRAPII - STIPARE_INOVA (11419-7/11420-0),Ana Carolina Góes Martins,Luiz Henrique Portela de Abreu,Registrado
,Sofá,"Abraçadeira nylon 200x2,5mm PT T-18R",0.4468,Av. João Valério,Sala 5,São Geraldo,69053358,Manaus,Amazonas,,,95,IFAM 2022-007 - TELLESCOM.EMBRAPII - STIPARE_INOVA (11419-7/11420-0),Ana Carolina Góes Martins,Luiz Henrique Portela de Abreu,Registrado
,Sofá,"Abraçadeira nylon 200x2,5mm PT T-18R",0.4468,Av. João Valério,Sala 5,São Geraldo,69053358,Manaus,Amazonas,,,95,IFAM 2022-007 - TELLESCOM.EMBRAPII - STIPARE_INOVA (11419-7/11420-0),Ana Carolina Góes Martins,Luiz Henrique Portela de Abreu,Registrado
,Sofá,"Abraçadeira nylon 200x2,5mm PT T-18R",0.4468,Av. João Valério,Sala 5,São Geraldo,69053358,Manaus,Amazonas,,,95,IFAM 2022-007 - TELLESCOM.EMBRAPII - STIPARE_INOVA (11419-7/11420-0),Ana Carolina Góes Martins,Luiz Henrique Portela de Abreu,Registrado
,Sofá,"Abraçadeira nylon 200x2,5mm PT T-18R",0.4468,Av. João Valério,Sala 5,São Geraldo,69053358,Manaus,Amazonas,,,95,IFAM 2022-007 - TELLESCOM.EMBRAPII - STIPARE_INOVA (11419-7/11420-0),Ana Carolina Góes Martins,Luiz Henrique Portela de Abreu,Registrado
,Sofá,"Abraçadeira nylon 200x2,5mm PT T-18R",0.4468,Av. João Valério,Sala 5,São Geraldo,69053358,Manaus,Amazonas,,,95,IFAM 2022-007 - TELLESCOM.EMBRAPII - STIPARE_INOVA (11419-7/11420-0),Ana Carolina Góes Martins,Luiz Henrique Portela de Abreu,Registrado
,Sofá,"Abraçadeira nylon 200x2,5mm PT T-18R",0.4468,Av. João Valério,Sala 5,São Geraldo,69053358,Manaus,Amazonas,,,95,IFAM 2022-007 - TELLESCOM.EMBRAPII - STIPARE_INOVA (11419-7/11420-0),Ana Carolina Góes Martins,Luiz Henrique Portela de Abreu,Registrado
,Sofá,"Abraçadeira nylon 200x2,5mm PT T-18R",0.4468,Av. João Valério,Sala 5,São Geraldo,69053358,Manaus,Amazonas,,,95,IFAM 2022-007 - TELLESCOM.EMBRAPII - STIPARE_INOVA (11419-7/11420-0),Ana Carolina Góes Martins,Luiz Henrique Portela de Abreu,Registrado
,Sofá,"Abraçadeira nylon 200x2,5mm PT T-18R",0.4468,Av. João Valério,Sala 5,São Geraldo,69053358,Manaus,Amazonas,,,95,IFAM 2022-007 - TELLESCOM.EMBRAPII - STIPARE_INOVA (11419-7/11420-0),Ana Carolina Góes Martins,Luiz Henrique Portela de Abreu,Registrado
,Sofá,"Abraçadeira nylon 200x2,5mm PT T-18R",0.4468,Av. João Valério,Sala 5,São Geraldo,69053358,Manaus,Amazonas,,,95,IFAM 2022-007 - TELLESCOM.EMBRAPII - STIPARE_INOVA (11419-7/11420-0),Ana Carolina Góes Martins,Luiz Henrique Portela de Abreu,Registrado
,Sofá,"Abraçadeira nylon 200x2,5mm PT T-18R",0.4468,Av. João Valério,Sala 5,São Geraldo,69053358,Manaus,Amazonas,,,95,IFAM 2022-007 - TELLESCOM.EMBRAPII - STIPARE_INOVA (11419-7/11420-0),Ana Carolina Góes Martins,Luiz Henrique Portela de Abreu,Registrado
,Sofá,"Abraçadeira nylon 200x2,5mm PT T-18R",0.4468,Av. João Valério,Sala 5,São Geraldo,69053358,Manaus,Amazonas,,,95,IFAM 2022-007 - TELLESCOM.EMBRAPII - STIPARE_INOVA (11419-7/11420-0),Ana Carolina Góes Martins,Luiz Henrique Portela de Abreu,Registrado
,Sofá,"Abraçadeira nylon 200x2,5mm PT T-18R",0.4468,Av. João Valério,Sala 5,São Geraldo,69053358,Manaus,Amazonas,,,95,IFAM 2022-007 - TELLESCOM.EMBRAPII - STIPARE_INOVA (11419-7/11420-0),Ana Carolina Góes Martins,Luiz Henrique Portela de Abreu,Registrado
,Sofá,"Abraçadeira nylon 200x2,5mm PT T-18R",0.4468,Av. João Valério,Sala 5,São Geraldo,69053358,Manaus,Amazonas,,,95,IFAM 2022-007 - TELLESCOM.EMBRAPII - STIPARE_INOVA (11419-7/11420-0),Ana Carolina Góes Martins,Luiz Henrique Portela de Abreu,Registrado
,Sofá,"Abraçadeira nylon 200x2,5mm PT T-18R",0.4468,Av. João Valério,Sala 5,São Geraldo,69053358,Manaus,Amazonas,,,95,IFAM 2022-007 - TELLESCOM.EMBRAPII - STIPARE_INOVA (11419-7/11420-0),Ana Carolina Góes Martins,Luiz Henrique Portela de Abreu,Registrado
,Sofá,"Abraçadeira nylon 200x2,5mm PT T-18R",0.4468,Av. João Valério,Sala 5,São Geraldo,69053358,Manaus,Amazonas,,,95,IFAM 2022-007 - TELLESCOM.EMBRAPII - STIPARE_INOVA (11419-7/11420-0),Ana Carolina Góes Martins,Luiz Henrique Portela de Abreu,Registrado
,Sofá,"Abraçadeira nylon 200x2,5mm PT T-18R",0.4468,Av. João Valério,Sala 5,São Geraldo,69053358,Manaus,Amazonas,,,95,IFAM 2022-007 - TELLESCOM.EMBRAPII - STIPARE_INOVA (11419-7/11420-0),Ana Carolina Góes Martins,Luiz Henrique Portela de Abreu,Registrado
,Sofá,"Abraçadeira nylon 200x2,5mm PT T-18R",0.4468,Av. João Valério,Sala 5,São Geraldo,69053358,Manaus,Amazonas,,,95,IFAM 2022-007 - TELLESCOM.EMBRAPII - STIPARE_INOVA (11419-7/11420-0),Ana Carolina Góes Martins,Luiz Henrique Portela de Abreu,Registrado
,Sofá,"Abraçadeira nylon 200x2,5mm PT T-18R",0.4468,Av. João Valério,Sala 5,São Geraldo,69053358,Manaus,Amazonas,,,95,IFAM 2022-007 - TELLESCOM.EMBRAPII - STIPARE_INOVA (11419-7/11420-0),Ana Carolina Góes Martins,Luiz Henrique Portela de Abreu,Registrado
,Sofá,"Abraçadeira nylon 200x2,5mm PT T-18R",0.4468,Av. João Valério,Sala 5,São Geraldo,69053358,Manaus,Amazonas,,,95,IFAM 2022-007 - TELLESCOM.EMBRAPII - STIPARE_INOVA (11419-7/11420-0),Ana Carolina Góes Martins,Luiz Henrique Portela de Abreu,Registrado
,Sofá,"Abraçadeira nylon 200x2,5mm PT T-18R",0.4468,Av. João Valério,Sala 5,São Geraldo,69053358,Manaus,Amazonas,,,95,IFAM 2022-007 - TELLESCOM.EMBRAPII - STIPARE_INOVA (11419-7/11420-0),Ana Carolina Góes Martins,Luiz Henrique Portela de Abreu,Registrado
,Sofá,"Abraçadeira nylon 200x2,5mm PT T-18R",0.4468,Av. João Valério,Sala 5,São Geraldo,69053358,Manaus,Amazonas,,,95,IFAM 2022-007 - TELLESCOM.EMBRAPII - STIPARE_INOVA (11419-7/11420-0),Ana Carolina Góes Martins,Luiz Henrique Portela de Abreu,Registrado
,Sofá,"Abraçadeira nylon 200x2,5mm PT T-18R",0.4468,Av. João Valério,Sala 5,São Geraldo,69053358,Manaus,Amazonas,,,95,IFAM 2022-007 - TELLESCOM.EMBRAPII - STIPARE_INOVA (11419-7/11420-0),Ana Carolina Góes Martins,Luiz Henrique Portela de Abreu,Registrado
,Sofá,"Abraçadeira nylon 200x2,5mm PT T-18R",0.4468,Av. João Valério,Sala 5,São Geraldo,69053358,Manaus,Amazonas,,,95,IFAM 2022-007 - TELLESCOM.EMBRAPII - STIPARE_INOVA (11419-7/11420-0),Ana Carolina Góes Martins,Luiz Henrique Portela de Abreu,Registrado
,Sofá,"Abraçadeira nylon 200x2,5mm PT T-18R",0.4468,Av. João Valério,Sala 5,São Geraldo,69053358,Manaus,Amazonas,,,95,IFAM 2022-007 - TELLESCOM.EMBRAPII - STIPARE_INOVA (11419-7/11420-0),Ana Carolina Góes Martins,Luiz Henrique Portela de Abreu,Registrado
,Sofá,"Abraçadeira nylon 200x2,5mm PT T-18R",0.4468,Av. João Valério,Sala 5,São Geraldo,69053358,Manaus,Amazonas,,,95,IFAM 2022-007 - TELLESCOM.EMBRAPII - STIPARE_INOVA (11419-7/11420-0),Ana Carolina Góes Martins,Luiz Henrique Portela de Abreu,Registrado
,Sofá,"Abraçadeira nylon 200x2,5mm PT T-18R",0.4468,Av. João Valério,Sala 5,São Geraldo,69053358,Manaus,Amazonas,,,95,IFAM 2022-007 - TELLESCOM.EMBRAPII - STIPARE_INOVA (11419-7/11420-0),Ana Carolina Góes Martins,Luiz Henrique Portela de Abreu,Registrado
,Sofá,"Abraçadeira nylon 200x2,5mm PT T-18R",0.4468,Av. João Valério,Sala 5,São Geraldo,69053358,Manaus,Amazonas,,,95,IFAM 2022-007 - TELLESCOM.EMBRAPII - STIPARE_INOVA (11419-7/11420-0),Ana Carolina Góes Martins,Luiz Henrique Portela de Abreu,Registrado
,Sofá,"Abraçadeira nylon 200x2,5mm PT T-18R",0.4468,Av. João Valério,Sala 5,São Geraldo,69053358,Manaus,Amazonas,,,95,IFAM 2022-007 - TELLESCOM.EMBRAPII - STIPARE_INOVA (11419-7/11420-0),Ana Carolina Góes Martins,Luiz Henrique Portela de Abreu,Registrado
,Sofá,"Abraçadeira nylon 200x2,5mm PT T-18R",0.4468,Av. João Valério,Sala 5,São Geraldo,69053358,Manaus,Amazonas,,,95,IFAM 2022-007 - TELLESCOM.EMBRAPII - STIPARE_INOVA (11419-7/11420-0),Ana Carolina Góes Martins,Luiz Henrique Portela de Abreu,Registrado
,Sofá,"Abraçadeira nylon 200x2,5mm PT T-18R",0.4468,Av. João Valério,Sala 5,São Geraldo,69053358,Manaus,Amazonas,,,95,IFAM 2022-007 - TELLESCOM.EMBRAPII - STIPARE_INOVA (11419-7/11420-0),Ana Carolina Góes Martins,Luiz Henrique Portela de Abreu,Registrado
,Sofá,"Abraçadeira nylon 200x2,5mm PT T-18R",0.4468,Av. João Valério,Sala 5,São Geraldo,69053358,Manaus,Amazonas,,,95,IFAM 2022-007 - TELLESCOM.EMBRAPII - STIPARE_INOVA (11419-7/11420-0),Ana Carolina Góes Martins,Luiz Henrique Portela de Abreu,Registrado
,Sofá,"Abraçadeira nylon 200x2,5mm PT T-18R",0.4468,Av. João Valério,Sala 5,São Geraldo,69053358,Manaus,Amazonas,,,95,IFAM 2022-007 - TELLESCOM.EMBRAPII - STIPARE_INOVA (11419-7/11420-0),Ana Carolina Góes Martins,Luiz Henrique Portela de Abreu,Registrado
,Sofá,"Abraçadeira nylon 200x2,5mm PT T-18R",0.4468,Av. João Valério,Sala 5,São Geraldo,69053358,Manaus,Amazonas,,,95,IFAM 2022-007 - TELLESCOM.EMBRAPII - STIPARE_INOVA (11419-7/11420-0),Ana Carolina Góes Martins,Luiz Henrique Portela de Abreu,Registrado
,Sofá,"Abraçadeira nylon 200x2,5mm PT T-18R",0.4468,Av. João Valério,Sala 5,São Geraldo,69053358,Manaus,Amazonas,,,95,IFAM 2022-007 - TELLESCOM.EMBRAPII - STIPARE_INOVA (11419-7/11420-0),Ana Carolina Góes Martins,Luiz Henrique Portela de Abreu,Registrado
,Sofá,"Abraçadeira nylon 200x2,5mm PT T-18R",0.4468,Av. João Valério,Sala 5,São Geraldo,69053358,Manaus,Amazonas,,,95,IFAM 2022-007 - TELLESCOM.EMBRAPII - STIPARE_INOVA (11419-7/11420-0),Ana Carolina Góes Martins,Luiz Henrique Portela de Abreu,Registrado
,Sofá,"Abraçadeira nylon 200x2,5mm PT T-18R",0.4468,Av. João Valério,Sala 5,São Geraldo,69053358,Manaus,Amazonas,,,95,IFAM 2022-007 - TELLESCOM.EMBRAPII - STIPARE_INOVA (11419-7/11420-0),Ana Carolina Góes Martins,Luiz Henrique Portela de Abreu,Registrado
,Sofá,"Abraçadeira nylon 200x2,5mm PT T-18R",0.4468,Av. João Valério,Sala 5,São Geraldo,69053358,Manaus,Amazonas,,,95,IFAM 2022-007 - TELLESCOM.EMBRAPII - STIPARE_INOVA (11419-7/11420-0),Ana Carolina Góes Martins,Luiz Henrique Portela de Abreu,Registrado
,Sofá,"Abraçadeira nylon 200x2,5mm PT T-18R",0.4468,Av. João Valério,Sala 5,São Geraldo,69053358,Manaus,Amazonas,,,95,IFAM 2022-007 - TELLESCOM.EMBRAPII - STIPARE_INOVA (11419-7/11420-0),Ana Carolina Góes Martins,Luiz Henrique Portela de Abreu,Registrado
,Sofá,"Abraçadeira nylon 200x2,5mm PT T-18R",0.4468,Av. João Valério,Sala 5,São Geraldo,69053358,Manaus,Amazonas,,,95,IFAM 2022-007 - TELLESCOM.EMBRAPII - STIPARE_INOVA (11419-7/11420-0),Ana Carolina Góes Martins,Luiz Henrique Portela de Abreu,Registrado
,Sofá,"Abraçadeira nylon 200x2,5mm PT T-18R",0.4468,Av. João Valério,Sala 5,São Geraldo,69053358,Manaus,Amazonas,,,95,IFAM 2022-007 - TELLESCOM.EMBRAPII - STIPARE_INOVA (11419-7/11420-0),Ana Carolina Góes Martins,Luiz Henrique Portela de Abreu,Registrado
,Sofá,"Abraçadeira nylon 200x2,5mm PT T-18R",0.4468,Av. João Valério,Sala 5,São Geraldo,69053358,Manaus,Amazonas,,,95,IFAM 2022-007 - TELLESCOM.EMBRAPII - STIPARE_INOVA (11419-7/11420-0),Ana Carolina Góes Martins,Luiz Henrique Portela de Abreu,Registrado
,Sofá,"Abraçadeira nylon 200x2,5mm PT T-18R",0.4468,Av. João Valério,Sala 5,São Geraldo,69053358,Manaus,Amazonas,,,95,IFAM 2022-007 - TELLESCOM.EMBRAPII - STIPARE_INOVA (11419-7/11420-0),Ana Carolina Góes Martins,Luiz Henrique Portela de Abreu,Registrado
,Sofá,"Abraçadeira nylon 200x2,5mm PT T-18R",0.4468,Av. João Valério,Sala 5,São Geraldo,69053358,Manaus,Amazonas,,,95,IFAM 2022-007 - TELLESCOM.EMBRAPII - STIPARE_INOVA (11419-7/11420-0),Ana Carolina Góes Martins,Luiz Henrique Portela de Abreu,Registrado
,Sofá,"Abraçadeira nylon 200x2,5mm PT T-18R",0.4468,Av. João Valério,Sala 5,São Geraldo,69053358,Manaus,Amazonas,,,95,IFAM 2022-007 - TELLESCOM.EMBRAPII - STIPARE_INOVA (11419-7/11420-0),Ana Carolina Góes Martins,Luiz Henrique Portela de Abreu,Registrado
,Sofá,"Abraçadeira nylon 200x2,5mm PT T-18R",0.4468,Av. João Valério,Sala 5,São Geraldo,69053358,Manaus,Amazonas,,,95,IFAM 2022-007 - TELLESCOM.EMBRAPII - STIPARE_INOVA (11419-7/11420-0),Ana Carolina Góes Martins,Luiz Henrique Portela de Abreu,Registrado
,Sofá,"Abraçadeira nylon 200x2,5mm PT T-18R",0.4468,Av. João Valério,Sala 5,São Geraldo,69053358,Manaus,Amazonas,,,95,IFAM 2022-007 - TELLESCOM.EMBRAPII - STIPARE_INOVA (11419-7/11420-0),Ana Carolina Góes Martins,Luiz Henrique Portela de Abreu,Registrado
,Sofá,"Abraçadeira nylon 200x2,5mm PT T-18R",0.4468,Av. João Valério,Sala 5,São Geraldo,69053358,Manaus,Amazonas,,,95,IFAM 2022-007 - TELLESCOM.EMBRAPII - STIPARE_INOVA (11419-7/11420-0),Ana Carolina Góes Martins,Luiz Henrique Portela de Abreu,Registrado
,Sofá,"Abraçadeira nylon 200x2,5mm PT T-18R",0.4468,Av. João Valério,Sala 5,São Geraldo,69053358,Manaus,Amazonas,,,95,IFAM 2022-007 - TELLESCOM.EMBRAPII - STIPARE_INOVA (11419-7/11420-0),Ana Carolina Góes Martins,Luiz Henrique Portela de Abreu,Registrado
,Sofá,"Abraçadeira nylon 200x2,5mm PT T-18R",0.4468,Av. João Valério,Sala 5,São Geraldo,69053358,Manaus,Amazonas,,,95,IFAM 2022-007 - TELLESCOM.EMBRAPII - STIPARE_INOVA (11419-7/11420-0),Ana Carolina Góes Martins,Luiz Henrique Portela de Abreu,Registrado
,Sofá,"Abraçadeira nylon 200x2,5mm PT T-18R",0.4468,Av. João Valério,Sala 5,São Geraldo,69053358,Manaus,Amazonas,,,95,IFAM 2022-007 - TELLESCOM.EMBRAPII - STIPARE_INOVA (11419-7/11420-0),Ana Carolina Góes Martins,Luiz Henrique Portela de Abreu,Registrado
,Sofá,"Abraçadeira nylon 200x2,5mm PT T-18R",0.4468,Av. João Valério,Sala 5,São Geraldo,69053358,Manaus,Amazonas,,,95,IFAM 2022-007 - TELLESCOM.EMBRAPII - STIPARE_INOVA (11419-7/11420-0),Ana Carolina Góes Martins,Luiz Henrique Portela de Abreu,Registrado
,Sofá,"Abraçadeira nylon 200x2,5mm PT T-18R",0.4468,Av. João Valério,Sala 5,São Geraldo,69053358,Manaus,Amazonas,,,95,IFAM 2022-007 - TELLESCOM.EMBRAPII - STIPARE_INOVA (11419-7/11420-0),Ana Carolina Góes Martins,Luiz Henrique Portela de Abreu,Registrado
,Sofá,"Abraçadeira nylon 200x2,5mm PT T-18R",0.4468,Av. João Valério,Sala 5,São Geraldo,69053358,Manaus,Amazonas,,,95,IFAM 2022-007 - TELLESCOM.EMBRAPII - STIPARE_INOVA (11419-7/11420-0),Ana Carolina Góes Martins,Luiz Henrique Portela de Abreu,Registrado
,Sofá,"Abraçadeira nylon 200x2,5mm PT T-18R",0.4468,Av. João Valério,Sala 5,São Geraldo,69053358,Manaus,Amazonas,,,95,IFAM 2022-007 - TELLESCOM.EMBRAPII - STIPARE_INOVA (11419-7/11420-0),Ana Carolina Góes Martins,Luiz Henrique Portela de Abreu,Registrado
,Sofá,"Abraçadeira nylon 200x2,5mm PT T-18R",0.4468,Av. João Valério,Sala 5,São Geraldo,69053358,Manaus,Amazonas,,,95,IFAM 2022-007 - TELLESCOM.EMBRAPII - STIPARE_INOVA (11419-7/11420-0),Ana Carolina Góes Martins,Luiz Henrique Portela de Abreu,Registrado
,Sofá,"Abraçadeira nylon 200x2,5mm PT T-18R",0.4468,Av. João Valério,Sala 5,São Geraldo,69053358,Manaus,Amazonas,,,95,IFAM 2022-007 - TELLESCOM.EMBRAPII - STIPARE_INOVA (11419-7/11420-0),Ana Carolina Góes Martins,Luiz Henrique Portela de Abreu,Registrado
,Sofá,"Abraçadeira nylon 200x2,5mm PT T-18R",0.4468,Av. João Valério,Sala 5,São Geraldo,69053358,Manaus,Amazonas,,,95,IFAM 2022-007 - TELLESCOM.EMBRAPII - STIPARE_INOVA (11419-7/11420-0),Ana Carolina Góes Martins,Luiz Henrique Portela de Abreu,Registrado
,Sofá,"Abraçadeira nylon 200x2,5mm PT T-18R",0.4468,Av. João Valério,Sala 5,São Geraldo,69053358,Manaus,Amazonas,,,95,IFAM 2022-007 - TELLESCOM.EMBRAPII - STIPARE_INOVA (11419-7/11420-0),Ana Carolina Góes Martins,Luiz Henrique Portela de Abreu,Registrado
,Sofá,"Abraçadeira nylon 200x2,5mm PT T-18R",0.4468,Av. João Valério,Sala 5,São Geraldo,69053358,Manaus,Amazonas,,,95,IFAM 2022-007 - TELLESCOM.EMBRAPII - STIPARE_INOVA (11419-7/11420-0),Ana Carolina Góes Martins,Luiz Henrique Portela de Abreu,Registrado
,Sofá,"Abraçadeira nylon 200x2,5mm PT T-18R",0.4468,Av. João Valério,Sala 5,São Geraldo,69053358,Manaus,Amazonas,,,95,IFAM 2022-007 - TELLESCOM.EMBRAPII - STIPARE_INOVA (11419-7/11420-0),Ana Carolina Góes Martins,Luiz Henrique Portela de Abreu,Registrado
,Sofá,"Abraçadeira nylon 200x2,5mm PT T-18R",0.4468,Av. João Valério,Sala 5,São Geraldo,69053358,Manaus,Amazonas,,,95,IFAM 2022-007 - TELLESCOM.EMBRAPII - STIPARE_INOVA (11419-7/11420-0),Ana Carolina Góes Martins,Luiz Henrique Portela de Abreu,Registrado
,Sofá,"Abraçadeira nylon 200x2,5mm PT T-18R",0.4468,Av. João Valério,Sala 5,São Geraldo,69053358,Manaus,Amazonas,,,95,IFAM 2022-007 - TELLESCOM.EMBRAPII - STIPARE_INOVA (11419-7/11420-0),Ana Carolina Góes Martins,Luiz Henrique Portela de Abreu,Registrado
,Sofá,"Abraçadeira nylon 200x2,5mm PT T-18R",0.4468,Av. João Valério,Sala 5,São Geraldo,69053358,Manaus,Amazonas,,,95,IFAM 2022-007 - TELLESCOM.EMBRAPII - STIPARE_INOVA (11419-7/11420-0),Ana Carolina Góes Martins,Luiz Henrique Portela de Abreu,Registrado
,Sofá,"Abraçadeira nylon 200x2,5mm PT T-18R",0.4468,Av. João Valério,Sala 5,São Geraldo,69053358,Manaus,Amazonas,,,95,IFAM 2022-007 - TELLESCOM.EMBRAPII - STIPARE_INOVA (11419-7/11420-0),Ana Carolina Góes Martins,Luiz Henrique Portela de Abreu,Registrado
,Sofá,"Abraçadeira nylon 200x2,5mm PT T-18R",0.4468,Av. João Valério,Sala 5,São Geraldo,69053358,Manaus,Amazonas,,,95,IFAM 2022-007 - TELLESCOM.EMBRAPII - STIPARE_INOVA (11419-7/11420-0),Ana Carolina Góes Martins,Luiz Henrique Portela de Abreu,Registrado
,Sofá,"Abraçadeira nylon 200x2,5mm PT T-18R",0.4468,Av. João Valério,Sala 5,São Geraldo,69053358,Manaus,Amazonas,,,95,IFAM 2022-007 - TELLESCOM.EMBRAPII - STIPARE_INOVA (11419-7/11420-0),Ana Carolina Góes Martins,Luiz Henrique Portela de Abreu,Registrado
,Sofá,"Abraçadeira nylon 200x2,5mm PT T-18R",0.4468,Av. João Valério,Sala 5,São Geraldo,69053358,Manaus,Amazonas,,,95,IFAM 2022-007 - TELLESCOM.EMBRAPII - STIPARE_INOVA (11419-7/11420-0),Ana Carolina Góes Martins,Luiz Henrique Portela de Abreu,Registrado
,Sofá,"Abraçadeira nylon 200x2,5mm PT T-18R",0.4468,Av. João Valério,Sala 5,São Geraldo,69053358,Manaus,Amazonas,,,95,IFAM 2022-007 - TELLESCOM.EMBRAPII - STIPARE_INOVA (11419-7/11420-0),Ana Carolina Góes Martins,Luiz Henrique Portela de Abreu,Registrado
,Sofá,"Abraçadeira nylon 200x2,5mm PT T-18R",0.4468,Av. João Valério,Sala 5,São Geraldo,69053358,Manaus,Amazonas,,,95,IFAM 2022-007 - TELLESCOM.EMBRAPII - STIPARE_INOVA (11419-7/11420-0),Ana Carolina Góes Martins,Luiz Henrique Portela de Abreu,Registrado
,Sofá,"Abraçadeira nylon 200x2,5mm PT T-18R",0.4468,Av. João Valério,Sala 5,São Geraldo,69053358,Manaus,Amazonas,,,95,IFAM 2022-007 - TELLESCOM.EMBRAPII - STIPARE_INOVA (11419-7/11420-0),Ana Carolina Góes Martins,Luiz Henrique Portela de Abreu,Registrado
,Sofá,"Abraçadeira nylon 200x2,5mm PT T-18R",0.4468,Av. João Valério,Sala 5,São Geraldo,69053358,Manaus,Amazonas,,,95,IFAM 2022-007 - TELLESCOM.EMBRAPII - STIPARE_INOVA (11419-7/11420-0),Ana Carolina Góes Martins,Luiz Henrique Portela de Abreu,Registrado
,Sofá,"Abraçadeira nylon 200x2,5mm PT T-18R",0.4468,Av. João Valério,Sala 5,São Geraldo,69053358,Manaus,Amazonas,,,95,IFAM 2022-007 - TELLESCOM.EMBRAPII - STIPARE_INOVA (11419-7/11420-0),Ana Carolina Góes Martins,Luiz Henrique Portela de Abreu,Registrado
,Sofá,"Abraçadeira nylon 200x2,5mm PT T-18R",0.4468,Av. João Valério,Sala 5,São Geraldo,69053358,Manaus,Amazonas,,,95,IFAM 2022-007 - TELLESCOM.EMBRAPII - STIPARE_INOVA (11419-7/11420-0),Ana Carolina Góes Martins,Luiz Henrique Portela de Abreu,Registrado
,Sofá,"Abraçadeira nylon 200x2,5mm PT T-18R",0.4468,Av. João Valério,Sala 5,São Geraldo,69053358,Manaus,Amazonas,,,95,IFAM 2022-007 - TELLESCOM.EMBRAPII - STIPARE_INOVA (11419-7/11420-0),Ana Carolina Góes Martins,Luiz Henrique Portela de Abreu,Registrado
,Sofá,"Abraçadeira nylon 200x2,5mm PT T-18R",0.4468,Av. João Valério,Sala 5,São Geraldo,69053358,Manaus,Amazonas,,,95,IFAM 2022-007 - TELLESCOM.EMBRAPII - STIPARE_INOVA (11419-7/11420-0),Ana Carolina Góes Martins,Luiz Henrique Portela de Abreu,Registrado
,Sofá,"Abraçadeira nylon 200x2,5mm PT T-18R",0.4468,Av. João Valério,Sala 5,São Geraldo,69053358,Manaus,Amazonas,,,95,IFAM 2022-007 - TELLESCOM.EMBRAPII - STIPARE_INOVA (11419-7/11420-0),Ana Carolina Góes Martins,Luiz Henrique Portela de Abreu,Registrado
,Sofá,"Abraçadeira nylon 200x2,5mm PT T-18R",0.4468,Av. João Valério,Sala 5,São Geraldo,69053358,Manaus,Amazonas,,,95,IFAM 2022-007 - TELLESCOM.EMBRAPII - STIPARE_INOVA (11419-7/11420-0),Ana Carolina Góes Martins,Luiz Henrique Portela de Abreu,Registrado
,Sofá,"Abraçadeira nylon 200x2,5mm PT T-18R",0.4468,Av. João Valério,Sala 5,São Geraldo,69053358,Manaus,Amazonas,,,95,IFAM 2022-007 - TELLESCOM.EMBRAPII - STIPARE_INOVA (11419-7/11420-0),Ana Carolina Góes Martins,Luiz Henrique Portela de Abreu,Registrado
,Sofá,"Abraçadeira nylon 200x2,5mm PT T-18R",0.4468,Av. João Valério,Sala 5,São Geraldo,69053358,Manaus,Amazonas,,,95,IFAM 2022-007 - TELLESCOM.EMBRAPII - STIPARE_INOVA (11419-7/11420-0),Ana Carolina Góes Martins,Luiz Henrique Portela de Abreu,Registrado
,Sofá,"Abraçadeira nylon 200x2,5mm PT T-18R",0.4468,Av. João Valério,Sala 5,São Geraldo,69053358,Manaus,Amazonas,,,95,IFAM 2022-007 - TELLESCOM.EMBRAPII - STIPARE_INOVA (11419-7/11420-0),Ana Carolina Góes Martins,Luiz Henrique Portela de Abreu,Registrado
,Sofá,"Abraçadeira nylon 200x2,5mm PT T-18R",0.4468,Av. João Valério,Sala 5,São Geraldo,69053358,Manaus,Amazonas,,,95,IFAM 2022-007 - TELLESCOM.EMBRAPII - STIPARE_INOVA (11419-7/11420-0),Ana Carolina Góes Martins,Luiz Henrique Portela de Abreu,Registrado
,Sofá,"Abraçadeira nylon 200x2,5mm PT T-18R",0.4468,Av. João Valério,Sala 5,São Geraldo,69053358,Manaus,Amazonas,,,95,IFAM 2022-007 - TELLESCOM.EMBRAPII - STIPARE_INOVA (11419-7/11420-0),Ana Carolina Góes Martins,Luiz Henrique Portela de Abreu,Registrado
,Sofá,"Abraçadeira nylon 200x2,5mm PT T-18R",0.4468,Av. João Valério,Sala 5,São Geraldo,69053358,Manaus,Amazonas,,,95,IFAM 2022-007 - TELLESCOM.EMBRAPII - STIPARE_INOVA (11419-7/11420-0),Ana Carolina Góes Martins,Luiz Henrique Portela de Abreu,Registrado
,Sofá,"Abraçadeira nylon 200x2,5mm PT T-18R",0.4468,Av. João Valério,Sala 5,São Geraldo,69053358,Manaus,Amazonas,,,95,IFAM 2022-007 - TELLESCOM.EMBRAPII - STIPARE_INOVA (11419-7/11420-0),Ana Carolina Góes Martins,Luiz Henrique Portela de Abreu,Registrado
,Sofá,"Abraçadeira nylon 200x2,5mm PT T-18R",0.4468,Av. João Valério,Sala 5,São Geraldo,69053358,Manaus,Amazonas,,,95,IFAM 2022-007 - TELLESCOM.EMBRAPII - STIPARE_INOVA (11419-7/11420-0),Ana Carolina Góes Martins,Luiz Henrique Portela de Abreu,Registrado
,Sofá,"Abraçadeira nylon 200x2,5mm PT T-18R",0.4468,Av. João Valério,Sala 5,São Geraldo,69053358,Manaus,Amazonas,,,95,IFAM 2022-007 - TELLESCOM.EMBRAPII - STIPARE_INOVA (11419-7/11420-0),Ana Carolina Góes Martins,Luiz Henrique Portela de Abreu,Registrado
,Sofá,"Abraçadeira nylon 200x2,5mm PT T-18R",0.4468,Av. João Valério,Sala 5,São Geraldo,69053358,Manaus,Amazonas,,,95,IFAM 2022-007 - TELLESCOM.EMBRAPII - STIPARE_INOVA (11419-7/11420-0),Ana Carolina Góes Martins,Luiz Henrique Portela de Abreu,Registrado
,Sofá,"Abraçadeira nylon 200x2,5mm PT T-18R",0.4468,Av. João Valério,Sala 5,São Geraldo,69053358,Manaus,Amazonas,,,95,IFAM 2022-007 - TELLESCOM.EMBRAPII - STIPARE_INOVA (11419-7/11420-0),Ana Carolina Góes Martins,Luiz Henrique Portela de Abreu,Registrado
,Sofá,"Abraçadeira nylon 200x2,5mm PT T-18R",0.4468,Av. João Valério,Sala 5,São Geraldo,69053358,Manaus,Amazonas,,,95,IFAM 2022-007 - TELLESCOM.EMBRAPII - STIPARE_INOVA (11419-7/11420-0),Ana Carolina Góes Martins,Luiz Henrique Portela de Abreu,Registrado
,Sofá,"Abraçadeira nylon 200x2,5mm PT T-18R",0.4468,Av. João Valério,Sala 5,São Geraldo,69053358,Manaus,Amazonas,,,95,IFAM 2022-007 - TELLESCOM.EMBRAPII - STIPARE_INOVA (11419-7/11420-0),Ana Carolina Góes Martins,Luiz Henrique Portela de Abreu,Registrado
,Sofá,"Abraçadeira nylon 200x2,5mm PT T-18R",0.4468,Av. João Valério,Sala 5,São Geraldo,69053358,Manaus,Amazonas,,,95,IFAM 2022-007 - TELLESCOM.EMBRAPII - STIPARE_INOVA (11419-7/11420-0),Ana Carolina Góes Martins,Luiz Henrique Portela de Abreu,Registrado
,Sofá,"Abraçadeira nylon 200x2,5mm PT T-18R",0.4468,Av. João Valério,Sala 5,São Geraldo,69053358,Manaus,Amazonas,,,95,IFAM 2022-007 - TELLESCOM.EMBRAPII - STIPARE_INOVA (11419-7/11420-0),Ana Carolina Góes Martins,Luiz Henrique Portela de Abreu,Registrado
,Sofá,"Abraçadeira nylon 200x2,5mm PT T-18R",0.4468,Av. João Valério,Sala 5,São Geraldo,69053358,Manaus,Amazonas,,,95,IFAM 2022-007 - TELLESCOM.EMBRAPII - STIPARE_INOVA (11419-7/11420-0),Ana Carolina Góes Martins,Luiz Henrique Portela de Abreu,Registrado
,Sofá,"Abraçadeira nylon 200x2,5mm PT T-18R",0.4468,Av. João Valério,Sala 5,São Geraldo,69053358,Manaus,Amazonas,,,95,IFAM 2022-007 - TELLESCOM.EMBRAPII - STIPARE_INOVA (11419-7/11420-0),Ana Carolina Góes Martins,Luiz Henrique Portela de Abreu,Registrado
,Sofá,"Abraçadeira nylon 200x2,5mm PT T-18R",0.4468,Av. João Valério,Sala 5,São Geraldo,69053358,Manaus,Amazonas,,,95,IFAM 2022-007 - TELLESCOM.EMBRAPII - STIPARE_INOVA (11419-7/11420-0),Ana Carolina Góes Martins,Luiz Henrique Portela de Abreu,Registrado
,Sofá,"Abraçadeira nylon 200x2,5mm PT T-18R",0.4468,Av. João Valério,Sala 5,São Geraldo,69053358,Manaus,Amazonas,,,95,IFAM 2022-007 - TELLESCOM.EMBRAPII - STIPARE_INOVA (11419-7/11420-0),Ana Carolina Góes Martins,Luiz Henrique Portela de Abreu,Registrado
,Sofá,"Abraçadeira nylon 200x2,5mm PT T-18R",0.4468,Av. João Valério,Sala 5,São Geraldo,69053358,Manaus,Amazonas,,,95,IFAM 2022-007 - TELLESCOM.EMBRAPII - STIPARE_INOVA (11419-7/11420-0),Ana Carolina Góes Martins,Luiz Henrique Portela de Abreu,Registrado
,Sofá,"Abraçadeira nylon 200x2,5mm PT T-18R",0.4468,Av. João Valério,Sala 5,São Geraldo,69053358,Manaus,Amazonas,,,95,IFAM 2022-007 - TELLESCOM.EMBRAPII - STIPARE_INOVA (11419-7/11420-0),Ana Carolina Góes Martins,Luiz Henrique Portela de Abreu,Registrado
,Sofá,"Abraçadeira nylon 200x2,5mm PT T-18R",0.4468,Av. João Valério,Sala 5,São Geraldo,69053358,Manaus,Amazonas,,,95,IFAM 2022-007 - TELLESCOM.EMBRAPII - STIPARE_INOVA (11419-7/11420-0),Ana Carolina Góes Martins,Luiz Henrique Portela de Abreu,Registrado
,Sofá,"Abraçadeira nylon 200x2,5mm PT T-18R",0.4468,Av. João Valério,Sala 5,São Geraldo,69053358,Manaus,Amazonas,,,95,IFAM 2022-007 - TELLESCOM.EMBRAPII - STIPARE_INOVA (11419-7/11420-0),Ana Carolina Góes Martins,Luiz Henrique Portela de Abreu,Registrado
,Sofá,"Abraçadeira nylon 200x2,5mm PT T-18R",0.4468,Av. João Valério,Sala 5,São Geraldo,69053358,Manaus,Amazonas,,,95,IFAM 2022-007 - TELLESCOM.EMBRAPII - STIPARE_INOVA (11419-7/11420-0),Ana Carolina Góes Martins,Luiz Henrique Portela de Abreu,Registrado
,Sofá,"Abraçadeira nylon 200x2,5mm PT T-18R",0.4468,Av. João Valério,Sala 5,São Geraldo,69053358,Manaus,Amazonas,,,95,IFAM 2022-007 - TELLESCOM.EMBRAPII - STIPARE_INOVA (11419-7/11420-0),Ana Carolina Góes Martins,Luiz Henrique Portela de Abreu,Registrado
,Sofá,"Abraçadeira nylon 200x2,5mm PT T-18R",0.4468,Av. João Valério,Sala 5,São Geraldo,69053358,Manaus,Amazonas,,,95,IFAM 2022-007 - TELLESCOM.EMBRAPII - STIPARE_INOVA (11419-7/11420-0),Ana Carolina Góes Martins,Luiz Henrique Portela de Abreu,Registrado
,Sofá,"Abraçadeira nylon 200x2,5mm PT T-18R",0.4468,Av. João Valério,Sala 5,São Geraldo,69053358,Manaus,Amazonas,,,95,IFAM 2022-007 - TELLESCOM.EMBRAPII - STIPARE_INOVA (11419-7/11420-0),Ana Carolina Góes Martins,Luiz Henrique Portela de Abreu,Registrado
,Sofá,"Abraçadeira nylon 200x2,5mm PT T-18R",0.4468,Av. João Valério,Sala 5,São Geraldo,69053358,Manaus,Amazonas,,,95,IFAM 2022-007 - TELLESCOM.EMBRAPII - STIPARE_INOVA (11419-7/11420-0),Ana Carolina Góes Martins,Luiz Henrique Portela de Abreu,Registrado
,Sofá,"Abraçadeira nylon 200x2,5mm PT T-18R",0.4468,Av. João Valério,Sala 5,São Geraldo,69053358,Manaus,Amazonas,,,95,IFAM 2022-007 - TELLESCOM.EMBRAPII - STIPARE_INOVA (11419-7/11420-0),Ana Carolina Góes Martins,Luiz Henrique Portela de Abreu,Registrado
,Sofá,"Abraçadeira nylon 200x2,5mm PT T-18R",0.4468,Av. João Valério,Sala 5,São Geraldo,69053358,Manaus,Amazonas,,,95,IFAM 2022-007 - TELLESCOM.EMBRAPII - STIPARE_INOVA (11419-7/11420-0),Ana Carolina Góes Martins,Luiz Henrique Portela de Abreu,Registrado
,Sofá,"Abraçadeira nylon 200x2,5mm PT T-18R",0.4468,Av. João Valério,Sala 5,São Geraldo,69053358,Manaus,Amazonas,,,95,IFAM 2022-007 - TELLESCOM.EMBRAPII - STIPARE_INOVA (11419-7/11420-0),Ana Carolina Góes Martins,Luiz Henrique Portela de Abreu,Registrado
,Sofá,"Abraçadeira nylon 200x2,5mm PT T-18R",0.4468,Av. João Valério,Sala 5,São Geraldo,69053358,Manaus,Amazonas,,,95,IFAM 2022-007 - TELLESCOM.EMBRAPII - STIPARE_INOVA (11419-7/11420-0),Ana Carolina Góes Martins,Luiz Henrique Portela de Abreu,Registrado
,Sofá,"Abraçadeira nylon 200x2,5mm PT T-18R",0.4468,Av. João Valério,Sala 5,São Geraldo,69053358,Manaus,Amazonas,,,95,IFAM 2022-007 - TELLESCOM.EMBRAPII - STIPARE_INOVA (11419-7/11420-0),Ana Carolina Góes Martins,Luiz Henrique Portela de Abreu,Registrado
,Sofá,"Abraçadeira nylon 200x2,5mm PT T-18R",0.4468,Av. João Valério,Sala 5,São Geraldo,69053358,Manaus,Amazonas,,,95,IFAM 2022-007 - TELLESCOM.EMBRAPII - STIPARE_INOVA (11419-7/11420-0),Ana Carolina Góes Martins,Luiz Henrique Portela de Abreu,Registrado
,Sofá,"Abraçadeira nylon 200x2,5mm PT T-18R",0.4468,Av. João Valério,Sala 5,São Geraldo,69053358,Manaus,Amazonas,,,95,IFAM 2022-007 - TELLESCOM.EMBRAPII - STIPARE_INOVA (11419-7/11420-0),Ana Carolina Góes Martins,Luiz Henrique Portela de Abreu,Registrado
,Sofá,"Abraçadeira nylon 200x2,5mm PT T-18R",0.4468,Av. João Valério,Sala 5,São Geraldo,69053358,Manaus,Amazonas,,,95,IFAM 2022-007 - TELLESCOM.EMBRAPII - STIPARE_INOVA (11419-7/11420-0),Ana Carolina Góes Martins,Luiz Henrique Portela de Abreu,Registrado
,Sofá,"Abraçadeira nylon 200x2,5mm PT T-18R",0.4468,Av. João Valério,Sala 5,São Geraldo,69053358,Manaus,Amazonas,,,95,IFAM 2022-007 - TELLESCOM.EMBRAPII - STIPARE_INOVA (11419-7/11420-0),Ana Carolina Góes Martins,Luiz Henrique Portela de Abreu,Registrado
,Sofá,"Abraçadeira nylon 200x2,5mm PT T-18R",0.4468,Av. João Valério,Sala 5,São Geraldo,69053358,Manaus,Amazonas,,,95,IFAM 2022-007 - TELLESCOM.EMBRAPII - STIPARE_INOVA (11419-7/11420-0),Ana Carolina Góes Martins,Luiz Henrique Portela de Abreu,Registrado
,Sofá,"Abraçadeira nylon 200x2,5mm PT T-18R",0.4468,Av. João Valério,Sala 5,São Geraldo,69053358,Manaus,Amazonas,,,95,IFAM 2022-007 - TELLESCOM.EMBRAPII - STIPARE_INOVA (11419-7/11420-0),Ana Carolina Góes Martins,Luiz Henrique Portela de Abreu,Registrado
,Sofá,"Abraçadeira nylon 200x2,5mm PT T-18R",0.4468,Av. João Valério,Sala 5,São Geraldo,69053358,Manaus,Amazonas,,,95,IFAM 2022-007 - TELLESCOM.EMBRAPII - STIPARE_INOVA (11419-7/11420-0),Ana Carolina Góes Martins,Luiz Henrique Portela de Abreu,Registrado
,Sofá,"Abraçadeira nylon 200x2,5mm PT T-18R",0.4468,Av. João Valério,Sala 5,São Geraldo,69053358,Manaus,Amazonas,,,95,IFAM 2022-007 - TELLESCOM.EMBRAPII - STIPARE_INOVA (11419-7/11420-0),Ana Carolina Góes Martins,Luiz Henrique Portela de Abreu,Registrado
,Sofá,"Abraçadeira nylon 200x2,5mm PT T-18R",0.4468,Av. João Valério,Sala 5,São Geraldo,69053358,Manaus,Amazonas,,,95,IFAM 2022-007 - TELLESCOM.EMBRAPII - STIPARE_INOVA (11419-7/11420-0),Ana Carolina Góes Martins,Luiz Henrique Portela de Abreu,Registrado
,Sofá,"Abraçadeira nylon 200x2,5mm PT T-18R",0.4468,Av. João Valério,Sala 5,São Geraldo,69053358,Manaus,Amazonas,,,95,IFAM 2022-007 - TELLESCOM.EMBRAPII - STIPARE_INOVA (11419-7/11420-0),Ana Carolina Góes Martins,Luiz Henrique Portela de Abreu,Registrado
,Sofá,"Abraçadeira nylon 200x2,5mm PT T-18R",0.4468,Av. João Valério,Sala 5,São Geraldo,69053358,Manaus,Amazonas,,,95,IFAM 2022-007 - TELLESCOM.EMBRAPII - STIPARE_INOVA (11419-7/11420-0),Ana Carolina Góes Martins,Luiz Henrique Portela de Abreu,Registrado
,Sofá,"Abraçadeira nylon 200x2,5mm PT T-18R",0.4468,Av. João Valério,Sala 5,São Geraldo,69053358,Manaus,Amazonas,,,95,IFAM 2022-007 - TELLESCOM.EMBRAPII - STIPARE_INOVA (11419-7/11420-0),Ana Carolina Góes Martins,Luiz Henrique Portela de Abreu,Registrado
,Sofá,"Abraçadeira nylon 200x2,5mm PT T-18R",0.4468,Av. João Valério,Sala 5,São Geraldo,69053358,Manaus,Amazonas,,,95,IFAM 2022-007 - TELLESCOM.EMBRAPII - STIPARE_INOVA (11419-7/11420-0),Ana Carolina Góes Martins,Luiz Henrique Portela de Abreu,Registrado
,Sofá,"Abraçadeira nylon 200x2,5mm PT T-18R",0.4468,Av. João Valério,Sala 5,São Geraldo,69053358,Manaus,Amazonas,,,95,IFAM 2022-007 - TELLESCOM.EMBRAPII - STIPARE_INOVA (11419-7/11420-0),Ana Carolina Góes Martins,Luiz Henrique Portela de Abreu,Registrado
,Sofá,"Abraçadeira nylon 200x2,5mm PT T-18R",0.4468,Av. João Valério,Sala 5,São Geraldo,69053358,Manaus,Amazonas,,,95,IFAM 2022-007 - TELLESCOM.EMBRAPII - STIPARE_INOVA (11419-7/11420-0),Ana Carolina Góes Martins,Luiz Henrique Portela de Abreu,Registrado
,Sofá,"Abraçadeira nylon 200x2,5mm PT T-18R",0.4468,Av. João Valério,Sala 5,São Geraldo,69053358,Manaus,Amazonas,,,95,IFAM 2022-007 - TELLESCOM.EMBRAPII - STIPARE_INOVA (11419-7/11420-0),Ana Carolina Góes Martins,Luiz Henrique Portela de Abreu,Registrado
,Sofá,"Abraçadeira nylon 200x2,5mm PT T-18R",0.4468,Av. João Valério,Sala 5,São Geraldo,69053358,Manaus,Amazonas,,,95,IFAM 2022-007 - TELLESCOM.EMBRAPII - STIPARE_INOVA (11419-7/11420-0),Ana Carolina Góes Martins,Luiz Henrique Portela de Abreu,Registrado
,Sofá,"Abraçadeira nylon 200x2,5mm PT T-18R",0.4468,Av. João Valério,Sala 5,São Geraldo,69053358,Manaus,Amazonas,,,95,IFAM 2022-007 - TELLESCOM.EMBRAPII - STIPARE_INOVA (11419-7/11420-0),Ana Carolina Góes Martins,Luiz Henrique Portela de Abreu,Registrado
,Sofá,"Abraçadeira nylon 200x2,5mm PT T-18R",0.4468,Av. João Valério,Sala 5,São Geraldo,69053358,Manaus,Amazonas,,,95,IFAM 2022-007 - TELLESCOM.EMBRAPII - STIPARE_INOVA (11419-7/11420-0),Ana Carolina Góes Martins,Luiz Henrique Portela de Abreu,Registrado
,Sofá,"Abraçadeira nylon 200x2,5mm PT T-18R",0.4468,Av. João Valério,Sala 5,São Geraldo,69053358,Manaus,Amazonas,,,95,IFAM 2022-007 - TELLESCOM.EMBRAPII - STIPARE_INOVA (11419-7/11420-0),Ana Carolina Góes Martins,Luiz Henrique Portela de Abreu,Registrado
,Sofá,"Abraçadeira nylon 200x2,5mm PT T-18R",0.4468,Av. João Valério,Sala 5,São Geraldo,69053358,Manaus,Amazonas,,,95,IFAM 2022-007 - TELLESCOM.EMBRAPII - STIPARE_INOVA (11419-7/11420-0),Ana Carolina Góes Martins,Luiz Henrique Portela de Abreu,Registrado
,Sofá,"Abraçadeira nylon 200x2,5mm PT T-18R",0.4468,Av. João Valério,Sala 5,São Geraldo,69053358,Manaus,Amazonas,,,95,IFAM 2022-007 - TELLESCOM.EMBRAPII - STIPARE_INOVA (11419-7/11420-0),Ana Carolina Góes Martins,Luiz Henrique Portela de Abreu,Registrado
,Sofá,"Abraçadeira nylon 200x2,5mm PT T-18R",0.4468,Av. João Valério,Sala 5,São Geraldo,69053358,Manaus,Amazonas,,,95,IFAM 2022-007 - TELLESCOM.EMBRAPII - STIPARE_INOVA (11419-7/11420-0),Ana Carolina Góes Martins,Luiz Henrique Portela de Abreu,Registrado
,Sofá,"Abraçadeira nylon 200x2,5mm PT T-18R",0.4468,Av. João Valério,Sala 5,São Geraldo,69053358,Manaus,Amazonas,,,95,IFAM 2022-007 - TELLESCOM.EMBRAPII - STIPARE_INOVA (11419-7/11420-0),Ana Carolina Góes Martins,Luiz Henrique Portela de Abreu,Registrado
,Sofá,"Abraçadeira nylon 200x2,5mm PT T-18R",0.4468,Av. João Valério,Sala 5,São Geraldo,69053358,Manaus,Amazonas,,,95,IFAM 2022-007 - TELLESCOM.EMBRAPII - STIPARE_INOVA (11419-7/11420-0),Ana Carolina Góes Martins,Luiz Henrique Portela de Abreu,Registrado
,Sofá,"Abraçadeira nylon 200x2,5mm PT T-18R",0.4468,Av. João Valério,Sala 5,São Geraldo,69053358,Manaus,Amazonas,,,95,IFAM 2022-007 - TELLESCOM.EMBRAPII - STIPARE_INOVA (11419-7/11420-0),Ana Carolina Góes Martins,Luiz Henrique Portela de Abreu,Registrado
,Sofá,"Abraçadeira nylon 200x2,5mm PT T-18R",0.4468,Av. João Valério,Sala 5,São Geraldo,69053358,Manaus,Amazonas,,,95,IFAM 2022-007 - TELLESCOM.EMBRAPII - STIPARE_INOVA (11419-7/11420-0),Ana Carolina Góes Martins,Luiz Henrique Portela de Abreu,Registrado
,Sofá,"Abraçadeira nylon 200x2,5mm PT T-18R",0.4468,Av. João Valério,Sala 5,São Geraldo,69053358,Manaus,Amazonas,,,95,IFAM 2022-007 - TELLESCOM.EMBRAPII - STIPARE_INOVA (11419-7/11420-0),Ana Carolina Góes Martins,Luiz Henrique Portela de Abreu,Registrado
,Sofá,"Abraçadeira nylon 200x2,5mm PT T-18R",0.4468,Av. João Valério,Sala 5,São Geraldo,69053358,Manaus,Amazonas,,,95,IFAM 2022-007 - TELLESCOM.EMBRAPII - STIPARE_INOVA (11419-7/11420-0),Ana Carolina Góes Martins,Luiz Henrique Portela de Abreu,Registrado
,Sofá,"Abraçadeira nylon 200x2,5mm PT T-18R",0.4468,Av. João Valério,Sala 5,São Geraldo,69053358,Manaus,Amazonas,,,95,IFAM 2022-007 - TELLESCOM.EMBRAPII - STIPARE_INOVA (11419-7/11420-0),Ana Carolina Góes Martins,Luiz Henrique Portela de Abreu,Registrado
,Sofá,"Abraçadeira nylon 200x2,5mm PT T-18R",0.4468,Av. João Valério,Sala 5,São Geraldo,69053358,Manaus,Amazonas,,,95,IFAM 2022-007 - TELLESCOM.EMBRAPII - STIPARE_INOVA (11419-7/11420-0),Ana Carolina Góes Martins,Luiz Henrique Portela de Abreu,Registrado
,Sofá,"Abraçadeira nylon 200x2,5mm PT T-18R",0.4468,Av. João Valério,Sala 5,São Geraldo,69053358,Manaus,Amazonas,,,95,IFAM 2022-007 - TELLESCOM.EMBRAPII - STIPARE_INOVA (11419-7/11420-0),Ana Carolina Góes Martins,Luiz Henrique Portela de Abreu,Registrado
,Sofá,"Abraçadeira nylon 200x2,5mm PT T-18R",0.4468,Av. João Valério,Sala 5,São Geraldo,69053358,Manaus,Amazonas,,,95,IFAM 2022-007 - TELLESCOM.EMBRAPII - STIPARE_INOVA (11419-7/11420-0),Ana Carolina Góes Martins,Luiz Henrique Portela de Abreu,Registrado
,Sofá,"Abraçadeira nylon 200x2,5mm PT T-18R",0.4468,Av. João Valério,Sala 5,São Geraldo,69053358,Manaus,Amazonas,,,95,IFAM 2022-007 - TELLESCOM.EMBRAPII - STIPARE_INOVA (11419-7/11420-0),Ana Carolina Góes Martins,Luiz Henrique Portela de Abreu,Registrado
,Sofá,"Abraçadeira nylon 200x2,5mm PT T-18R",0.4468,Av. João Valério,Sala 5,São Geraldo,69053358,Manaus,Amazonas,,,95,IFAM 2022-007 - TELLESCOM.EMBRAPII - STIPARE_INOVA (11419-7/11420-0),Ana Carolina Góes Martins,Luiz Henrique Portela de Abreu,Registrado
,Sofá,"Abraçadeira nylon 200x2,5mm PT T-18R",0.4468,Av. João Valério,Sala 5,São Geraldo,69053358,Manaus,Amazonas,,,95,IFAM 2022-007 - TELLESCOM.EMBRAPII - STIPARE_INOVA (11419-7/11420-0),Ana Carolina Góes Martins,Luiz Henrique Portela de Abreu,Registrado
,Sofá,"Abraçadeira nylon 200x2,5mm PT T-18R",0.4468,Av. João Valério,Sala 5,São Geraldo,69053358,Manaus,Amazonas,,,95,IFAM 2022-007 - TELLESCOM.EMBRAPII - STIPARE_INOVA (11419-7/11420-0),Ana Carolina Góes Martins,Luiz Henrique Portela de Abreu,Registrado
,Sofá,"Abraçadeira nylon 200x2,5mm PT T-18R",0.4468,Av. João Valério,Sala 5,São Geraldo,69053358,Manaus,Amazonas,,,95,IFAM 2022-007 - TELLESCOM.EMBRAPII - STIPARE_INOVA (11419-7/11420-0),Ana Carolina Góes Martins,Luiz Henrique Portela de Abreu,Registrado
,Sofá,"Abraçadeira nylon 200x2,5mm PT T-18R",0.4468,Av. João Valério,Sala 5,São Geraldo,69053358,Manaus,Amazonas,,,95,IFAM 2022-007 - TELLESCOM.EMBRAPII - STIPARE_INOVA (11419-7/11420-0),Ana Carolina Góes Martins,Luiz Henrique Portela de Abreu,Registrado
,Sofá,"Abraçadeira nylon 200x2,5mm PT T-18R",0.4468,Av. João Valério,Sala 5,São Geraldo,69053358,Manaus,Amazonas,,,95,IFAM 2022-007 - TELLESCOM.EMBRAPII - STIPARE_INOVA (11419-7/11420-0),Ana Carolina Góes Martins,Luiz Henrique Portela de Abreu,Registrado
,Sofá,"Abraçadeira nylon 200x2,5mm PT T-18R",0.4468,Av. João Valério,Sala 5,São Geraldo,69053358,Manaus,Amazonas,,,95,IFAM 2022-007 - TELLESCOM.EMBRAPII - STIPARE_INOVA (11419-7/11420-0),Ana Carolina Góes Martins,Luiz Henrique Portela de Abreu,Registrado
,Sofá,"Abraçadeira nylon 200x2,5mm PT T-18R",0.4468,Av. João Valério,Sala 5,São Geraldo,69053358,Manaus,Amazonas,,,95,IFAM 2022-007 - TELLESCOM.EMBRAPII - STIPARE_INOVA (11419-7/11420-0),Ana Carolina Góes Martins,Luiz Henrique Portela de Abreu,Registrado
,Sofá,"Abraçadeira nylon 200x2,5mm PT T-18R",0.4468,Av. João Valério,Sala 5,São Geraldo,69053358,Manaus,Amazonas,,,95,IFAM 2022-007 - TELLESCOM.EMBRAPII - STIPARE_INOVA (11419-7/11420-0),Ana Carolina Góes Martins,Luiz Henrique Portela de Abreu,Registrado
,Sofá,"Abraçadeira nylon 200x2,5mm PT T-18R",0.4468,Av. João Valério,Sala 5,São Geraldo,69053358,Manaus,Amazonas,,,95,IFAM 2022-007 - TELLESCOM.EMBRAPII - STIPARE_INOVA (11419-7/11420-0),Ana Carolina Góes Martins,Luiz Henrique Portela de Abreu,Registrado
,Sofá,"Abraçadeira nylon 200x2,5mm PT T-18R",0.4468,Av. João Valério,Sala 5,São Geraldo,69053358,Manaus,Amazonas,,,95,IFAM 2022-007 - TELLESCOM.EMBRAPII - STIPARE_INOVA (11419-7/11420-0),Ana Carolina Góes Martins,Luiz Henrique Portela de Abreu,Registrado
,Sofá,"Abraçadeira nylon 200x2,5mm PT T-18R",0.4468,Av. João Valério,Sala 5,São Geraldo,69053358,Manaus,Amazonas,,,95,IFAM 2022-007 - TELLESCOM.EMBRAPII - STIPARE_INOVA (11419-7/11420-0),Ana Carolina Góes Martins,Luiz Henrique Portela de Abreu,Registrado
,Sofá,"Abraçadeira nylon 200x2,5mm PT T-18R",0.4468,Av. João Valério,Sala 5,São Geraldo,69053358,Manaus,Amazonas,,,95,IFAM 2022-007 - TELLESCOM.EMBRAPII - STIPARE_INOVA (11419-7/11420-0),Ana Carolina Góes Martins,Luiz Henrique Portela de Abreu,Registrado
,Sofá,"Abraçadeira nylon 200x2,5mm PT T-18R",0.4468,Av. João Valério,Sala 5,São Geraldo,69053358,Manaus,Amazonas,,,95,IFAM 2022-007 - TELLESCOM.EMBRAPII - STIPARE_INOVA (11419-7/11420-0),Ana Carolina Góes Martins,Luiz Henrique Portela de Abreu,Registrado
,Sofá,"Abraçadeira nylon 200x2,5mm PT T-18R",0.4468,Av. João Valério,Sala 5,São Geraldo,69053358,Manaus,Amazonas,,,95,IFAM 2022-007 - TELLESCOM.EMBRAPII - STIPARE_INOVA (11419-7/11420-0),Ana Carolina Góes Martins,Luiz Henrique Portela de Abreu,Registrado
,Sofá,"Abraçadeira nylon 200x2,5mm PT T-18R",0.4468,Av. João Valério,Sala 5,São Geraldo,69053358,Manaus,Amazonas,,,95,IFAM 2022-007 - TELLESCOM.EMBRAPII - STIPARE_INOVA (11419-7/11420-0),Ana Carolina Góes Martins,Luiz Henrique Portela de Abreu,Registrado
,Sofá,"Abraçadeira nylon 200x2,5mm PT T-18R",0.4468,Av. João Valério,Sala 5,São Geraldo,69053358,Manaus,Amazonas,,,95,IFAM 2022-007 - TELLESCOM.EMBRAPII - STIPARE_INOVA (11419-7/11420-0),Ana Carolina Góes Martins,Luiz Henrique Portela de Abreu,Registrado
,Sofá,"Abraçadeira nylon 200x2,5mm PT T-18R",0.4468,Av. João Valério,Sala 5,São Geraldo,69053358,Manaus,Amazonas,,,95,IFAM 2022-007 - TELLESCOM.EMBRAPII - STIPARE_INOVA (11419-7/11420-0),Ana Carolina Góes Martins,Luiz Henrique Portela de Abreu,Registrado
,Sofá,"Abraçadeira nylon 200x2,5mm PT T-18R",0.4468,Av. João Valério,Sala 5,São Geraldo,69053358,Manaus,Amazonas,,,95,IFAM 2022-007 - TELLESCOM.EMBRAPII - STIPARE_INOVA (11419-7/11420-0),Ana Carolina Góes Martins,Luiz Henrique Portela de Abreu,Registrado
,Sofá,"Abraçadeira nylon 200x2,5mm PT T-18R",0.4468,Av. João Valério,Sala 5,São Geraldo,69053358,Manaus,Amazonas,,,95,IFAM 2022-007 - TELLESCOM.EMBRAPII - STIPARE_INOVA (11419-7/11420-0),Ana Carolina Góes Martins,Luiz Henrique Portela de Abreu,Registrado
,Sofá,"Abraçadeira nylon 200x2,5mm PT T-18R",0.4468,Av. João Valério,Sala 5,São Geraldo,69053358,Manaus,Amazonas,,,95,IFAM 2022-007 - TELLESCOM.EMBRAPII - STIPARE_INOVA (11419-7/11420-0),Ana Carolina Góes Martins,Luiz Henrique Portela de Abreu,Registrado
,Sofá,"Abraçadeira nylon 200x2,5mm PT T-18R",0.4468,Av. João Valério,Sala 5,São Geraldo,69053358,Manaus,Amazonas,,,95,IFAM 2022-007 - TELLESCOM.EMBRAPII - STIPARE_INOVA (11419-7/11420-0),Ana Carolina Góes Martins,Luiz Henrique Portela de Abreu,Registrado
,Sofá,"Abraçadeira nylon 200x2,5mm PT T-18R",0.4468,Av. João Valério,Sala 5,São Geraldo,69053358,Manaus,Amazonas,,,95,IFAM 2022-007 - TELLESCOM.EMBRAPII - STIPARE_INOVA (11419-7/11420-0),Ana Carolina Góes Martins,Luiz Henrique Portela de Abreu,Registrado
,Sofá,"Abraçadeira nylon 200x2,5mm PT T-18R",0.4468,Av. João Valério,Sala 5,São Geraldo,69053358,Manaus,Amazonas,,,95,IFAM 2022-007 - TELLESCOM.EMBRAPII - STIPARE_INOVA (11419-7/11420-0),Ana Carolina Góes Martins,Luiz Henrique Portela de Abreu,Registrado
,Sofá,"Abraçadeira nylon 200x2,5mm PT T-18R",0.4468,Av. João Valério,Sala 5,São Geraldo,69053358,Manaus,Amazonas,,,95,IFAM 2022-007 - TELLESCOM.EMBRAPII - STIPARE_INOVA (11419-7/11420-0),Ana Carolina Góes Martins,Luiz Henrique Portela de Abreu,Registrado
,Sofá,"Abraçadeira nylon 200x2,5mm PT T-18R",0.4468,Av. João Valério,Sala 5,São Geraldo,69053358,Manaus,Amazonas,,,95,IFAM 2022-007 - TELLESCOM.EMBRAPII - STIPARE_INOVA (11419-7/11420-0),Ana Carolina Góes Martins,Luiz Henrique Portela de Abreu,Registrado
,Sofá,"Abraçadeira nylon 200x2,5mm PT T-18R",0.4468,Av. João Valério,Sala 5,São Geraldo,69053358,Manaus,Amazonas,,,95,IFAM 2022-007 - TELLESCOM.EMBRAPII - STIPARE_INOVA (11419-7/11420-0),Ana Carolina Góes Martins,Luiz Henrique Portela de Abreu,Registrado
,Sofá,"Abraçadeira nylon 200x2,5mm PT T-18R",0.4468,Av. João Valério,Sala 5,São Geraldo,69053358,Manaus,Amazonas,,,95,IFAM 2022-007 - TELLESCOM.EMBRAPII - STIPARE_INOVA (11419-7/11420-0),Ana Carolina Góes Martins,Luiz Henrique Portela de Abreu,Registrado
,Sofá,"Abraçadeira nylon 200x2,5mm PT T-18R",0.4468,Av. João Valério,Sala 5,São Geraldo,69053358,Manaus,Amazonas,,,95,IFAM 2022-007 - TELLESCOM.EMBRAPII - STIPARE_INOVA (11419-7/11420-0),Ana Carolina Góes Martins,Luiz Henrique Portela de Abreu,Registrado
,Sofá,"Abraçadeira nylon 200x2,5mm PT T-18R",0.4468,Av. João Valério,Sala 5,São Geraldo,69053358,Manaus,Amazonas,,,95,IFAM 2022-007 - TELLESCOM.EMBRAPII - STIPARE_INOVA (11419-7/11420-0),Ana Carolina Góes Martins,Luiz Henrique Portela de Abreu,Registrado
,Sofá,"Abraçadeira nylon 200x2,5mm PT T-18R",0.4468,Av. João Valério,Sala 5,São Geraldo,69053358,Manaus,Amazonas,,,95,IFAM 2022-007 - TELLESCOM.EMBRAPII - STIPARE_INOVA (11419-7/11420-0),Ana Carolina Góes Martins,Luiz Henrique Portela de Abreu,Registrado
,Sofá,"Abraçadeira nylon 200x2,5mm PT T-18R",0.4468,Av. João Valério,Sala 5,São Geraldo,69053358,Manaus,Amazonas,,,95,IFAM 2022-007 - TELLESCOM.EMBRAPII - STIPARE_INOVA (11419-7/11420-0),Ana Carolina Góes Martins,Luiz Henrique Portela de Abreu,Registrado
,Sofá,"Abraçadeira nylon 200x2,5mm PT T-18R",0.4468,Av. João Valério,Sala 5,São Geraldo,69053358,Manaus,Amazonas,,,95,IFAM 2022-007 - TELLESCOM.EMBRAPII - STIPARE_INOVA (11419-7/11420-0),Ana Carolina Góes Martins,Luiz Henrique Portela de Abreu,Registrado
,Sofá,"Abraçadeira nylon 200x2,5mm PT T-18R",0.4468,Av. João Valério,Sala 5,São Geraldo,69053358,Manaus,Amazonas,,,95,IFAM 2022-007 - TELLESCOM.EMBRAPII - STIPARE_INOVA (11419-7/11420-0),Ana Carolina Góes Martins,Luiz Henrique Portela de Abreu,Registrado
,Sofá,"Abraçadeira nylon 200x2,5mm PT T-18R",0.4468,Av. João Valério,Sala 5,São Geraldo,69053358,Manaus,Amazonas,,,95,IFAM 2022-007 - TELLESCOM.EMBRAPII - STIPARE_INOVA (11419-7/11420-0),Ana Carolina Góes Martins,Luiz Henrique Portela de Abreu,Registrado
,Sofá,"Abraçadeira nylon 200x2,5mm PT T-18R",0.4468,Av. João Valério,Sala 5,São Geraldo,69053358,Manaus,Amazonas,,,95,IFAM 2022-007 - TELLESCOM.EMBRAPII - STIPARE_INOVA (11419-7/11420-0),Ana Carolina Góes Martins,Luiz Henrique Portela de Abreu,Registrado
,Sofá,"Abraçadeira nylon 200x2,5mm PT T-18R",0.4468,Av. João Valério,Sala 5,São Geraldo,69053358,Manaus,Amazonas,,,95,IFAM 2022-007 - TELLESCOM.EMBRAPII - STIPARE_INOVA (11419-7/11420-0),Ana Carolina Góes Martins,Luiz Henrique Portela de Abreu,Registrado
,Sofá,"Abraçadeira nylon 200x2,5mm PT T-18R",0.4468,Av. João Valério,Sala 5,São Geraldo,69053358,Manaus,Amazonas,,,95,IFAM 2022-007 - TELLESCOM.EMBRAPII - STIPARE_INOVA (11419-7/11420-0),Ana Carolina Góes Martins,Luiz Henrique Portela de Abreu,Registrado
,Sofá,"Abraçadeira nylon 200x2,5mm PT T-18R",0.4468,Av. João Valério,Sala 5,São Geraldo,69053358,Manaus,Amazonas,,,95,IFAM 2022-007 - TELLESCOM.EMBRAPII - STIPARE_INOVA (11419-7/11420-0),Ana Carolina Góes Martins,Luiz Henrique Portela de Abreu,Registrado
,Sofá,"Abraçadeira nylon 200x2,5mm PT T-18R",0.4468,Av. João Valério,Sala 5,São Geraldo,69053358,Manaus,Amazonas,,,95,IFAM 2022-007 - TELLESCOM.EMBRAPII - STIPARE_INOVA (11419-7/11420-0),Ana Carolina Góes Martins,Luiz Henrique Portela de Abreu,Registrado
,Sofá,"Abraçadeira nylon 200x2,5mm PT T-18R",0.4468,Av. João Valério,Sala 5,São Geraldo,69053358,Manaus,Amazonas,,,95,IFAM 2022-007 - TELLESCOM.EMBRAPII - STIPARE_INOVA (11419-7/11420-0),Ana Carolina Góes Martins,Luiz Henrique Portela de Abreu,Registrado
,Sofá,"Abraçadeira nylon 200x2,5mm PT T-18R",0.4468,Av. João Valério,Sala 5,São Geraldo,69053358,Manaus,Amazonas,,,95,IFAM 2022-007 - TELLESCOM.EMBRAPII - STIPARE_INOVA (11419-7/11420-0),Ana Carolina Góes Martins,Luiz Henrique Portela de Abreu,Registrado
,Sofá,"Abraçadeira nylon 200x2,5mm PT T-18R",0.4468,Av. João Valério,Sala 5,São Geraldo,69053358,Manaus,Amazonas,,,95,IFAM 2022-007 - TELLESCOM.EMBRAPII - STIPARE_INOVA (11419-7/11420-0),Ana Carolina Góes Martins,Luiz Henrique Portela de Abreu,Registrado
,Barreiras de luz,Barreiras de luz pequenas 1044120/WSE12-3P2411S36,1750.9,Av. Danilo de Matos Areosa ,,Distrito industrial,69075351,MANAUS,Amazonas,Procurar o professor Fabio,98413-8241,95,IFAM 2022-007 - TELLESCOM.EMBRAPII - STIPARE_INOVA (11419-7/11420-0),Ana Carolina Góes Martins,Luiz Henrique Portela de Abreu,Registrado
,Barreiras de luz,Barreiras de luz pequenas 1044120/WSE12-3P2411S36,1750.9,Av. Danilo de Matos Areosa ,,Distrito industrial,69075351,MANAUS,Amazonas,Procurar o professor Fabio,98413-8241,95,IFAM 2022-007 - TELLESCOM.EMBRAPII - STIPARE_INOVA (11419-7/11420-0),Ana Carolina Góes Martins,Luiz Henrique Portela de Abreu,Registrado
,Barreiras de luz,Barreiras de luz pequenas 1044120/WSE12-3P2411S36,1750.9,Av. Danilo de Matos Areosa ,,Distrito industrial,69075351,MANAUS,Amazonas,Procurar o professor Fabio,98413-8241,95,IFAM 2022-007 - TELLESCOM.EMBRAPII - STIPARE_INOVA (11419-7/11420-0),Ana Carolina Góes Martins,Luiz Henrique Portela de Abreu,Registrado
,Barreiras de luz,Barreiras de luz pequenas 1044120/WSE12-3P2411S36,1750.9,Av. Danilo de Matos Areosa ,,Distrito industrial,69075351,MANAUS,Amazonas,Procurar o professor Fabio,98413-8241,95,IFAM 2022-007 - TELLESCOM.EMBRAPII - STIPARE_INOVA (11419-7/11420-0),Ana Carolina Góes Martins,Luiz Henrique Portela de Abreu,Registrado
,Barreiras de luz,Barreiras de luz miniatura 6052380/WT100-2P4419,459.29,Av. Danilo de Matos Areosa ,,Distrito industrial,69075351,MANAUS,Amazonas,Procurar o professor Fabio,98413-8241,95,IFAM 2022-007 - TELLESCOM.EMBRAPII - STIPARE_INOVA (11419-7/11420-0),Ana Carolina Góes Martins,Luiz Henrique Portela de Abreu,Registrado
,Barreiras de luz,Barreiras de luz miniatura 6052380/WT100-2P4419,459.29,Av. Danilo de Matos Areosa ,,Distrito industrial,69075351,MANAUS,Amazonas,Procurar o professor Fabio,98413-8241,95,IFAM 2022-007 - TELLESCOM.EMBRAPII - STIPARE_INOVA (11419-7/11420-0),Ana Carolina Góes Martins,Luiz Henrique Portela de Abreu,Registrado
,Barreiras de luz,Barreiras de luz miniatura 6052380/WT100-2P4419,459.29,Av. Danilo de Matos Areosa ,,Distrito industrial,69075351,MANAUS,Amazonas,Procurar o professor Fabio,98413-8241,95,IFAM 2022-007 - TELLESCOM.EMBRAPII - STIPARE_INOVA (11419-7/11420-0),Ana Carolina Góes Martins,Luiz Henrique Portela de Abreu,Registrado
,Barreiras de luz,Barreiras de luz miniatura 6052380/WT100-2P4419,459.29,Av. Danilo de Matos Areosa ,,Distrito industrial,69075351,MANAUS,Amazonas,Procurar o professor Fabio,98413-8241,95,IFAM 2022-007 - TELLESCOM.EMBRAPII - STIPARE_INOVA (11419-7/11420-0),Ana Carolina Góes Martins,Luiz Henrique Portela de Abreu,Registrado
,Barreiras de luz,Barreiras de luz miniatura 6052380/WT100-2P4419,459.29,Av. Danilo de Matos Areosa ,,Distrito industrial,69075351,MANAUS,Amazonas,Procurar o professor Fabio,98413-8241,95,IFAM 2022-007 - TELLESCOM.EMBRAPII - STIPARE_INOVA (11419-7/11420-0),Ana Carolina Góes Martins,Luiz Henrique Portela de Abreu,Registrado
,Barreiras de luz,Barreiras de luz miniatura G6 1079712/GTB6-P4231,471.69,Av. Danilo de Matos Areosa ,,Distrito industrial,69075351,MANAUS,Amazonas,Procurar o professor Fabio,98413-8241,95,IFAM 2022-007 - TELLESCOM.EMBRAPII - STIPARE_INOVA (11419-7/11420-0),Ana Carolina Góes Martins,Luiz Henrique Portela de Abreu,Registrado
,Barreiras de luz,Barreiras de luz miniatura G6 1079712/GTB6-P4231,471.69,Av. Danilo de Matos Areosa ,,Distrito industrial,69075351,MANAUS,Amazonas,Procurar o professor Fabio,98413-8241,95,IFAM 2022-007 - TELLESCOM.EMBRAPII - STIPARE_INOVA (11419-7/11420-0),Ana Carolina Góes Martins,Luiz Henrique Portela de Abreu,Registrado
,Barreiras de luz,Barreiras de luz miniatura G6 1079712/GTB6-P4231,471.69,Av. Danilo de Matos Areosa ,,Distrito industrial,69075351,MANAUS,Amazonas,Procurar o professor Fabio,98413-8241,95,IFAM 2022-007 - TELLESCOM.EMBRAPII - STIPARE_INOVA (11419-7/11420-0),Ana Carolina Góes Martins,Luiz Henrique Portela de Abreu,Registrado
,Barreiras de luz,Barreiras de luz miniatura G6 1079712/GTB6-P4231,471.69,Av. Danilo de Matos Areosa ,,Distrito industrial,69075351,MANAUS,Amazonas,Procurar o professor Fabio,98413-8241,95,IFAM 2022-007 - TELLESCOM.EMBRAPII - STIPARE_INOVA (11419-7/11420-0),Ana Carolina Góes Martins,Luiz Henrique Portela de Abreu,Registrado
,Barreiras de luz,Barreiras de luz miniatura G6 1079712/GTB6-P4231,471.69,Av. Danilo de Matos Areosa ,,Distrito industrial,69075351,MANAUS,Amazonas,Procurar o professor Fabio,98413-8241,95,IFAM 2022-007 - TELLESCOM.EMBRAPII - STIPARE_INOVA (11419-7/11420-0),Ana Carolina Góes Martins,Luiz Henrique Portela de Abreu,Registrado
,Computador Desktop,"Computador, com as seguintes especificações:
- Processador: Intel i7 da 9a geração ou superior; - SO: Ubuntu 18.04.5 LTS com kernel 4.x; - Memória RAM: 32GB DDR4; - HD: 240GB SSD; - Placa de Vídeo: Geforce GTX 1660; - Placa Mãe: Gigabyte Z390 M Gaming ou similar (com o mesmo chipset);
- Mouse: preto óptico Wireless
- Teclado: com fio, preto (português do Brasil);
- Monitor 21,5”.",13126.0,Av. João Valério,Sala 5,São Geraldo,69053358,Manaus,Amazonas,,,95,IFAM 2022-007 - TELLESCOM.EMBRAPII - STIPARE_INOVA (11419-7/11420-0),Ana Carolina Góes Martins,Luiz Henrique Portela de Abreu,Registrado
,Câmera ,Camera Alta Velocidade 2 mega - CV-200C,14000.0,Av. Gov. Danilo de Matos Areosa,,Distrito Industrial,69075351,Manaus,Amazonas,"Deverá ser entregue a um colaborador da FAEPI, local de entrega no polo de inoção ao lado do ifam do distrito",(92) 99373-3790,95,IFAM 2022-007 - TELLESCOM.EMBRAPII - STIPARE_INOVA (11419-7/11420-0),Ana Carolina Góes Martins,Luiz Henrique Portela de Abreu,Registrado
,Câmera ,Camera Alta Velocidade 2 mega - CV-200C,14000.0,Av. Gov. Danilo de Matos Areosa,,Distrito Industrial,69075351,Manaus,Amazonas,"Deverá ser entregue a um colaborador da FAEPI, local de entrega no polo de inoção ao lado do ifam do distrito",(92) 99373-3790,95,IFAM 2022-007 - TELLESCOM.EMBRAPII - STIPARE_INOVA (11419-7/11420-0),Ana Carolina Góes Martins,Luiz Henrique Portela de Abreu,Registrado
,Lente ,Lente alta resolução e baixa Distorção 8mm - CA-LHR8,1500.0,Av. Gov. Danilo de Matos Areosa,,Distrito Industrial,69075351,Manaus,Amazonas,"Deverá ser entregue a um colaborador da FAEPI, local de entrega no polo de inoção ao lado do ifam do distrito",(92) 99373-3790,95,IFAM 2022-007 - TELLESCOM.EMBRAPII - STIPARE_INOVA (11419-7/11420-0),Ana Carolina Góes Martins,Luiz Henrique Portela de Abreu,Registrado
,Lente ,Lente alta resolução e baixa Distorção 8mm - CA-LHR8,1500.0,Av. Gov. Danilo de Matos Areosa,,Distrito Industrial,69075351,Manaus,Amazonas,"Deverá ser entregue a um colaborador da FAEPI, local de entrega no polo de inoção ao lado do ifam do distrito",(92) 99373-3790,95,IFAM 2022-007 - TELLESCOM.EMBRAPII - STIPARE_INOVA (11419-7/11420-0),Ana Carolina Góes Martins,Luiz Henrique Portela de Abreu,Registrado
,Unidade de Expansão do Controle da Luz ,Unidade de Expansão de Luz - CA-DC40E,2100.0,Av. Gov. Danilo de Matos Areosa,,Distrito Industrial,69075351,Manaus,Amazonas,"Deverá ser entregue a um colaborador da FAEPI, local de entrega no polo de inoção ao lado do ifam do distrito",(92) 99373-3790,95,IFAM 2022-007 - TELLESCOM.EMBRAPII - STIPARE_INOVA (11419-7/11420-0),Ana Carolina Góes Martins,Luiz Henrique Portela de Abreu,Registrado
,Leitor de códigos com foco,Leitor de códigos com foco,9000.0,Av. Gov. Danilode Matos Areosa,,Distrito Industrial ,69075351,Manaus,Amazonas,Polo de inovação,(92) 36146237,95,IFAM 2022-007 - TELLESCOM.EMBRAPII - STIPARE_INOVA (11419-7/11420-0),Ana Carolina Góes Martins,Luiz Henrique Portela de Abreu,Registrado
,Leitor de códigos com foco,Leitor de códigos com foco,9000.0,Av. Gov. Danilode Matos Areosa,,Distrito Industrial ,69075351,Manaus,Amazonas,Polo de inovação,(92) 36146237,95,IFAM 2022-007 - TELLESCOM.EMBRAPII - STIPARE_INOVA (11419-7/11420-0),Ana Carolina Góes Martins,Luiz Henrique Portela de Abreu,Registrado
,Servomotor,Servomotor 400V 400W Frame 70 sem freio (TLPB070040DJA32A),2712.0049,Av. Gov. Danilode Matos Areosa,Polo de Inovação / CTHM,Distrito Industrial ,69075351,Manaus,Amazonas,Polo de Inovação - CTHM.,,95,IFAM 2022-007 - TELLESCOM.EMBRAPII - STIPARE_INOVA (11419-7/11420-0),Ana Carolina Góes Martins,Luiz Henrique Portela de Abreu,Registrado
,Servomotor,Servomotor 400V 400W Frame 70 sem freio (TLPB070040DJA32A),2712.0049,Av. Gov. Danilode Matos Areosa,Polo de Inovação / CTHM,Distrito Industrial ,69075351,Manaus,Amazonas,Polo de Inovação - CTHM.,,95,IFAM 2022-007 - TELLESCOM.EMBRAPII - STIPARE_INOVA (11419-7/11420-0),Ana Carolina Góes Martins,Luiz Henrique Portela de Abreu,Registrado
,Servomotor,Servomotor 400V 400W Frame 70 sem freio (TLPB070040DJA32A),2712.0049,Av. Gov. Danilode Matos Areosa,Polo de Inovação / CTHM,Distrito Industrial ,69075351,Manaus,Amazonas,Polo de Inovação - CTHM.,,95,IFAM 2022-007 - TELLESCOM.EMBRAPII - STIPARE_INOVA (11419-7/11420-0),Ana Carolina Góes Martins,Luiz Henrique Portela de Abreu,Registrado
,Servomotor,Servomotor 400V 400W Frame 70 sem freio (TLPB070040DJA32A),2712.0049,Av. Gov. Danilode Matos Areosa,Polo de Inovação / CTHM,Distrito Industrial ,69075351,Manaus,Amazonas,Polo de Inovação - CTHM.,,95,IFAM 2022-007 - TELLESCOM.EMBRAPII - STIPARE_INOVA (11419-7/11420-0),Ana Carolina Góes Martins,Luiz Henrique Portela de Abreu,Registrado
,Servomotor,Servomotor 400V 400W Frame 70 sem freio (TLPB070040DJA32A),2712.0049,Av. Gov. Danilode Matos Areosa,Polo de Inovação / CTHM,Distrito Industrial ,69075351,Manaus,Amazonas,Polo de Inovação - CTHM.,,95,IFAM 2022-007 - TELLESCOM.EMBRAPII - STIPARE_INOVA (11419-7/11420-0),Ana Carolina Góes Martins,Luiz Henrique Portela de Abreu,Registrado
,Servomotor,Servomotor 400V 400W Frame 70 sem freio (TLPB070040DJA32A),2712.0049,Av. Gov. Danilode Matos Areosa,Polo de Inovação / CTHM,Distrito Industrial ,69075351,Manaus,Amazonas,Polo de Inovação - CTHM.,,95,IFAM 2022-007 - TELLESCOM.EMBRAPII - STIPARE_INOVA (11419-7/11420-0),Ana Carolina Góes Martins,Luiz Henrique Portela de Abreu,Registrado
,Servomotor,Servomotor 400V 400W Frame 70 sem freio (TLPB070040DJA32A),2712.0049,Av. Gov. Danilode Matos Areosa,Polo de Inovação / CTHM,Distrito Industrial ,69075351,Manaus,Amazonas,Polo de Inovação - CTHM.,,95,IFAM 2022-007 - TELLESCOM.EMBRAPII - STIPARE_INOVA (11419-7/11420-0),Ana Carolina Góes Martins,Luiz Henrique Portela de Abreu,Registrado
,Servomotor,Servomotor 400V 400W Frame 70 sem freio (TLPB070040DJA32A),2712.0049,Av. Gov. Danilode Matos Areosa,Polo de Inovação / CTHM,Distrito Industrial ,69075351,Manaus,Amazonas,Polo de Inovação - CTHM.,,95,IFAM 2022-007 - TELLESCOM.EMBRAPII - STIPARE_INOVA (11419-7/11420-0),Ana Carolina Góes Martins,Luiz Henrique Portela de Abreu,Registrado
,Servomotor,Servomotor 400V 400W Frame 70 sem freio (TLPB070040DJA32A),2712.0049,Av. Gov. Danilode Matos Areosa,Polo de Inovação / CTHM,Distrito Industrial ,69075351,Manaus,Amazonas,Polo de Inovação - CTHM.,,95,IFAM 2022-007 - TELLESCOM.EMBRAPII - STIPARE_INOVA (11419-7/11420-0),Ana Carolina Góes Martins,Luiz Henrique Portela de Abreu,Registrado
,Servomotor,Servomotor 400V 400W Frame 70 sem freio (TLPB070040DJA32A),2712.0049,Av. Gov. Danilode Matos Areosa,Polo de Inovação / CTHM,Distrito Industrial ,69075351,Manaus,Amazonas,Polo de Inovação - CTHM.,,95,IFAM 2022-007 - TELLESCOM.EMBRAPII - STIPARE_INOVA (11419-7/11420-0),Ana Carolina Góes Martins,Luiz Henrique Portela de Abreu,Registrado
,Servomotor,Servomotor 400V 400W Frame 70 sem freio (TLPB070040DJA32A),2712.0049,Av. Gov. Danilode Matos Areosa,Polo de Inovação / CTHM,Distrito Industrial ,69075351,Manaus,Amazonas,Polo de Inovação - CTHM.,,95,IFAM 2022-007 - TELLESCOM.EMBRAPII - STIPARE_INOVA (11419-7/11420-0),Ana Carolina Góes Martins,Luiz Henrique Portela de Abreu,Registrado
,Servomotor,Servomotor 400V 400W Frame 70 com freio (TLPB070040DJA34A),3685.6294,Av. Gov. Danilode Matos Areosa,,Distrito Industrial ,69075351,Manaus,Amazonas,,,95,IFAM 2022-007 - TELLESCOM.EMBRAPII - STIPARE_INOVA (11419-7/11420-0),Ana Carolina Góes Martins,Luiz Henrique Portela de Abreu,Registrado
,Servomotor,Servomotor 400V 400W Frame 70 com freio (TLPB070040DJA34A),3685.6294,Av. Gov. Danilode Matos Areosa,,Distrito Industrial ,69075351,Manaus,Amazonas,,,95,IFAM 2022-007 - TELLESCOM.EMBRAPII - STIPARE_INOVA (11419-7/11420-0),Ana Carolina Góes Martins,Luiz Henrique Portela de Abreu,Registrado
,Servomotor,Servomotor 400V 400W Frame 70 com freio (TLPB070040DJA34A),3685.6294,Av. Gov. Danilode Matos Areosa,,Distrito Industrial ,69075351,Manaus,Amazonas,,,95,IFAM 2022-007 - TELLESCOM.EMBRAPII - STIPARE_INOVA (11419-7/11420-0),Ana Carolina Góes Martins,Luiz Henrique Portela de Abreu,Registrado
,Servomotor,Servomotor 400V 400W Frame 70 com freio (TLPB070040DJA34A),3685.6294,Av. Gov. Danilode Matos Areosa,,Distrito Industrial ,69075351,Manaus,Amazonas,,,95,IFAM 2022-007 - TELLESCOM.EMBRAPII - STIPARE_INOVA (11419-7/11420-0),Ana Carolina Góes Martins,Luiz Henrique Portela de Abreu,Registrado
,Servomotor,Servomotor 400V 400W Frame 70 com freio (TLPB070040DJA34A),3685.6294,Av. Gov. Danilode Matos Areosa,,Distrito Industrial ,69075351,Manaus,Amazonas,,,95,IFAM 2022-007 - TELLESCOM.EMBRAPII - STIPARE_INOVA (11419-7/11420-0),Ana Carolina Góes Martins,Luiz Henrique Portela de Abreu,Registrado
,Servodrive ,Servodrive Kinetix 5100 400V 0.4KW (2198E4004ERS),3401.242,Av. Gov. Danilode Matos Areosa,,Distrito Industrial ,69075351,Manaus,Amazonas,,,95,IFAM 2022-007 - TELLESCOM.EMBRAPII - STIPARE_INOVA (11419-7/11420-0),Ana Carolina Góes Martins,Luiz Henrique Portela de Abreu,Registrado
,Servodrive ,Servodrive Kinetix 5100 400V 0.4KW (2198E4004ERS),3401.242,Av. Gov. Danilode Matos Areosa,,Distrito Industrial ,69075351,Manaus,Amazonas,,,95,IFAM 2022-007 - TELLESCOM.EMBRAPII - STIPARE_INOVA (11419-7/11420-0),Ana Carolina Góes Martins,Luiz Henrique Portela de Abreu,Registrado
,Servodrive ,Servodrive Kinetix 5100 400V 0.4KW (2198E4004ERS),3401.242,Av. Gov. Danilode Matos Areosa,,Distrito Industrial ,69075351,Manaus,Amazonas,,,95,IFAM 2022-007 - TELLESCOM.EMBRAPII - STIPARE_INOVA (11419-7/11420-0),Ana Carolina Góes Martins,Luiz Henrique Portela de Abreu,Registrado
,Servodrive ,Servodrive Kinetix 5100 400V 0.4KW (2198E4004ERS),3401.242,Av. Gov. Danilode Matos Areosa,,Distrito Industrial ,69075351,Manaus,Amazonas,,,95,IFAM 2022-007 - TELLESCOM.EMBRAPII - STIPARE_INOVA (11419-7/11420-0),Ana Carolina Góes Martins,Luiz Henrique Portela de Abreu,Registrado
,Servodrive ,Servodrive Kinetix 5100 400V 0.4KW (2198E4004ERS),3401.242,Av. Gov. Danilode Matos Areosa,,Distrito Industrial ,69075351,Manaus,Amazonas,,,95,IFAM 2022-007 - TELLESCOM.EMBRAPII - STIPARE_INOVA (11419-7/11420-0),Ana Carolina Góes Martins,Luiz Henrique Portela de Abreu,Registrado
,Servodrive ,Servodrive Kinetix 5100 400V 0.4KW (2198E4004ERS),3401.242,Av. Gov. Danilode Matos Areosa,,Distrito Industrial ,69075351,Manaus,Amazonas,,,95,IFAM 2022-007 - TELLESCOM.EMBRAPII - STIPARE_INOVA (11419-7/11420-0),Ana Carolina Góes Martins,Luiz Henrique Portela de Abreu,Registrado
,Servodrive ,"Servodrive Trifas.480V 0,75KW K5100 (2198E4007ERS)",4833.4333,Av. Gov. Danilode Matos Areosa,,Distrito Industrial ,69075351,Manaus,Amazonas,,,95,IFAM 2022-007 - TELLESCOM.EMBRAPII - STIPARE_INOVA (11419-7/11420-0),Ana Carolina Góes Martins,Luiz Henrique Portela de Abreu,Registrado
,Servomotor,Servomotor 400V 750W Frame 90 com freio (TLPB090075DJA34A),4658.42,Av. Gov. Danilode Matos Areosa,,Distrito Industrial ,69075351,Manaus,Amazonas,,,95,IFAM 2022-007 - TELLESCOM.EMBRAPII - STIPARE_INOVA (11419-7/11420-0),Ana Carolina Góes Martins,Luiz Henrique Portela de Abreu,Registrado
,Conexão instantânea reta,"10475 KQ2H10-03AS - CONEXAO INSTANTANEA
RETA DE LATAO - PACOTE COM 5 838825",8.3,Av. Gov. Danilode Matos Areosa,,Distrito Industrial ,69075351,Manaus,Amazonas,POLO DE INOVAÇÃO - INOVA - AOS CUIDADOS DE RHANNA (92) 99113-1456,(92) 36146237,95,IFAM 2022-007 - TELLESCOM.EMBRAPII - STIPARE_INOVA (11419-7/11420-0),Ana Carolina Góes Martins,Luiz Henrique Portela de Abreu,Registrado
,Conexão instantânea reta,"10475 KQ2H10-03AS - CONEXAO INSTANTANEA
RETA DE LATAO - PACOTE COM 5 838825",8.3,Av. Gov. Danilode Matos Areosa,,Distrito Industrial ,69075351,Manaus,Amazonas,POLO DE INOVAÇÃO - INOVA - AOS CUIDADOS DE RHANNA (92) 99113-1456,(92) 36146237,95,IFAM 2022-007 - TELLESCOM.EMBRAPII - STIPARE_INOVA (11419-7/11420-0),Ana Carolina Góes Martins,Luiz Henrique Portela de Abreu,Registrado
,Conexão instantânea reta,"10475 KQ2H10-03AS - CONEXAO INSTANTANEA
RETA DE LATAO - PACOTE COM 5 838825",8.3,Av. Gov. Danilode Matos Areosa,,Distrito Industrial ,69075351,Manaus,Amazonas,POLO DE INOVAÇÃO - INOVA - AOS CUIDADOS DE RHANNA (92) 99113-1456,(92) 36146237,95,IFAM 2022-007 - TELLESCOM.EMBRAPII - STIPARE_INOVA (11419-7/11420-0),Ana Carolina Góes Martins,Luiz Henrique Portela de Abreu,Registrado
,Conexão instantânea reta,"10475 KQ2H10-03AS - CONEXAO INSTANTANEA
RETA DE LATAO - PACOTE COM 5 838825",8.3,Av. Gov. Danilode Matos Areosa,,Distrito Industrial ,69075351,Manaus,Amazonas,POLO DE INOVAÇÃO - INOVA - AOS CUIDADOS DE RHANNA (92) 99113-1456,(92) 36146237,95,IFAM 2022-007 - TELLESCOM.EMBRAPII - STIPARE_INOVA (11419-7/11420-0),Ana Carolina Góes Martins,Luiz Henrique Portela de Abreu,Registrado
,Conexão instantânea reta,"10475 KQ2H10-03AS - CONEXAO INSTANTANEA
RETA DE LATAO - PACOTE COM 5 838825",8.3,Av. Gov. Danilode Matos Areosa,,Distrito Industrial ,69075351,Manaus,Amazonas,POLO DE INOVAÇÃO - INOVA - AOS CUIDADOS DE RHANNA (92) 99113-1456,(92) 36146237,95,IFAM 2022-007 - TELLESCOM.EMBRAPII - STIPARE_INOVA (11419-7/11420-0),Ana Carolina Góes Martins,Luiz Henrique Portela de Abreu,Registrado
,Conexão instantânea reta,"10475 KQ2H10-03AS - CONEXAO INSTANTANEA
RETA DE LATAO - PACOTE COM 5 838825",8.3,Av. Gov. Danilode Matos Areosa,,Distrito Industrial ,69075351,Manaus,Amazonas,POLO DE INOVAÇÃO - INOVA - AOS CUIDADOS DE RHANNA (92) 99113-1456,(92) 36146237,95,IFAM 2022-007 - TELLESCOM.EMBRAPII - STIPARE_INOVA (11419-7/11420-0),Ana Carolina Góes Martins,Luiz Henrique Portela de Abreu,Registrado
,Conexão instantânea reta,"21955 KQ2H06-01AS1 - CONEXAO INSTANTANEA
RETA DE LATAO",5.76,Av. Gov. Danilode Matos Areosa,,Distrito Industrial ,69075351,Manaus,Amazonas,POLO DE INOVAÇÃO - INOVA - AOS CUIDADOS DE RHANNA (92) 99113-1456,(92) 36146237,95,IFAM 2022-007 - TELLESCOM.EMBRAPII - STIPARE_INOVA (11419-7/11420-0),Ana Carolina Góes Martins,Luiz Henrique Portela de Abreu,Registrado
,Conexão instantânea reta,"21955 KQ2H06-01AS1 - CONEXAO INSTANTANEA
RETA DE LATAO",5.76,Av. Gov. Danilode Matos Areosa,,Distrito Industrial ,69075351,Manaus,Amazonas,POLO DE INOVAÇÃO - INOVA - AOS CUIDADOS DE RHANNA (92) 99113-1456,(92) 36146237,95,IFAM 2022-007 - TELLESCOM.EMBRAPII - STIPARE_INOVA (11419-7/11420-0),Ana Carolina Góes Martins,Luiz Henrique Portela de Abreu,Registrado
,Conexão instantânea reta,10053 KQ2H08-02AS - CONEXAO INSTANTANEA RETA DE LATAO - PACOTE COM 10 836310,7.71,Av. Gov. Danilode Matos Areosa,,Distrito Industrial ,69075351,Manaus,Amazonas,POLO DE INOVAÇÃO - INOVA - AOS CUIDADOS DE RHANNA (92) 99113-1456,(92) 36146237,95,IFAM 2022-007 - TELLESCOM.EMBRAPII - STIPARE_INOVA (11419-7/11420-0),Ana Carolina Góes Martins,Luiz Henrique Portela de Abreu,Registrado
,Conexão instantânea reta,10053 KQ2H08-02AS - CONEXAO INSTANTANEA RETA DE LATAO - PACOTE COM 10 836310,7.71,Av. Gov. Danilode Matos Areosa,,Distrito Industrial ,69075351,Manaus,Amazonas,POLO DE INOVAÇÃO - INOVA - AOS CUIDADOS DE RHANNA (92) 99113-1456,(92) 36146237,95,IFAM 2022-007 - TELLESCOM.EMBRAPII - STIPARE_INOVA (11419-7/11420-0),Ana Carolina Góes Martins,Luiz Henrique Portela de Abreu,Registrado
,Conexão instantânea reta,10053 KQ2H08-02AS - CONEXAO INSTANTANEA RETA DE LATAO - PACOTE COM 10 836310,7.71,Av. Gov. Danilode Matos Areosa,,Distrito Industrial ,69075351,Manaus,Amazonas,POLO DE INOVAÇÃO - INOVA - AOS CUIDADOS DE RHANNA (92) 99113-1456,(92) 36146237,95,IFAM 2022-007 - TELLESCOM.EMBRAPII - STIPARE_INOVA (11419-7/11420-0),Ana Carolina Góes Martins,Luiz Henrique Portela de Abreu,Registrado
,Conexão instantânea reta,10053 KQ2H08-02AS - CONEXAO INSTANTANEA RETA DE LATAO - PACOTE COM 10 836310,7.71,Av. Gov. Danilode Matos Areosa,,Distrito Industrial ,69075351,Manaus,Amazonas,POLO DE INOVAÇÃO - INOVA - AOS CUIDADOS DE RHANNA (92) 99113-1456,(92) 36146237,95,IFAM 2022-007 - TELLESCOM.EMBRAPII - STIPARE_INOVA (11419-7/11420-0),Ana Carolina Góes Martins,Luiz Henrique Portela de Abreu,Registrado
,Conexão instantânea reta,10053 KQ2H08-02AS - CONEXAO INSTANTANEA RETA DE LATAO - PACOTE COM 10 836310,7.71,Av. Gov. Danilode Matos Areosa,,Distrito Industrial ,69075351,Manaus,Amazonas,POLO DE INOVAÇÃO - INOVA - AOS CUIDADOS DE RHANNA (92) 99113-1456,(92) 36146237,95,IFAM 2022-007 - TELLESCOM.EMBRAPII - STIPARE_INOVA (11419-7/11420-0),Ana Carolina Góes Martins,Luiz Henrique Portela de Abreu,Registrado
,Conexão instantânea reta,10053 KQ2H08-02AS - CONEXAO INSTANTANEA RETA DE LATAO - PACOTE COM 10 836310,7.71,Av. Gov. Danilode Matos Areosa,,Distrito Industrial ,69075351,Manaus,Amazonas,POLO DE INOVAÇÃO - INOVA - AOS CUIDADOS DE RHANNA (92) 99113-1456,(92) 36146237,95,IFAM 2022-007 - TELLESCOM.EMBRAPII - STIPARE_INOVA (11419-7/11420-0),Ana Carolina Góes Martins,Luiz Henrique Portela de Abreu,Registrado
,Conexão instantânea reta,10053 KQ2H08-02AS - CONEXAO INSTANTANEA RETA DE LATAO - PACOTE COM 10 836310,7.71,Av. Gov. Danilode Matos Areosa,,Distrito Industrial ,69075351,Manaus,Amazonas,POLO DE INOVAÇÃO - INOVA - AOS CUIDADOS DE RHANNA (92) 99113-1456,(92) 36146237,95,IFAM 2022-007 - TELLESCOM.EMBRAPII - STIPARE_INOVA (11419-7/11420-0),Ana Carolina Góes Martins,Luiz Henrique Portela de Abreu,Registrado
,Conexão instantânea reta,10053 KQ2H08-02AS - CONEXAO INSTANTANEA RETA DE LATAO - PACOTE COM 10 836310,7.71,Av. Gov. Danilode Matos Areosa,,Distrito Industrial ,69075351,Manaus,Amazonas,POLO DE INOVAÇÃO - INOVA - AOS CUIDADOS DE RHANNA (92) 99113-1456,(92) 36146237,95,IFAM 2022-007 - TELLESCOM.EMBRAPII - STIPARE_INOVA (11419-7/11420-0),Ana Carolina Góes Martins,Luiz Henrique Portela de Abreu,Registrado
,Conexão instantânea reta,10053 KQ2H08-02AS - CONEXAO INSTANTANEA RETA DE LATAO - PACOTE COM 10 836310,7.71,Av. Gov. Danilode Matos Areosa,,Distrito Industrial ,69075351,Manaus,Amazonas,POLO DE INOVAÇÃO - INOVA - AOS CUIDADOS DE RHANNA (92) 99113-1456,(92) 36146237,95,IFAM 2022-007 - TELLESCOM.EMBRAPII - STIPARE_INOVA (11419-7/11420-0),Ana Carolina Góes Martins,Luiz Henrique Portela de Abreu,Registrado
,Conexão instantânea reta,10053 KQ2H08-02AS - CONEXAO INSTANTANEA RETA DE LATAO - PACOTE COM 10 836310,7.71,Av. Gov. Danilode Matos Areosa,,Distrito Industrial ,69075351,Manaus,Amazonas,POLO DE INOVAÇÃO - INOVA - AOS CUIDADOS DE RHANNA (92) 99113-1456,(92) 36146237,95,IFAM 2022-007 - TELLESCOM.EMBRAPII - STIPARE_INOVA (11419-7/11420-0),Ana Carolina Góes Martins,Luiz Henrique Portela de Abreu,Registrado
,Conexão instantânea reta,10053 KQ2H08-02AS - CONEXAO INSTANTANEA RETA DE LATAO - PACOTE COM 10 836310,7.71,Av. Gov. Danilode Matos Areosa,,Distrito Industrial ,69075351,Manaus,Amazonas,POLO DE INOVAÇÃO - INOVA - AOS CUIDADOS DE RHANNA (92) 99113-1456,(92) 36146237,95,IFAM 2022-007 - TELLESCOM.EMBRAPII - STIPARE_INOVA (11419-7/11420-0),Ana Carolina Góes Martins,Luiz Henrique Portela de Abreu,Registrado
,Conexão instantânea reta,10053 KQ2H08-02AS - CONEXAO INSTANTANEA RETA DE LATAO - PACOTE COM 10 836310,7.71,Av. Gov. Danilode Matos Areosa,,Distrito Industrial ,69075351,Manaus,Amazonas,POLO DE INOVAÇÃO - INOVA - AOS CUIDADOS DE RHANNA (92) 99113-1456,(92) 36146237,95,IFAM 2022-007 - TELLESCOM.EMBRAPII - STIPARE_INOVA (11419-7/11420-0),Ana Carolina Góes Martins,Luiz Henrique Portela de Abreu,Registrado
,Conexão instantânea reta,10053 KQ2H08-02AS - CONEXAO INSTANTANEA RETA DE LATAO - PACOTE COM 10 836310,7.71,Av. Gov. Danilode Matos Areosa,,Distrito Industrial ,69075351,Manaus,Amazonas,POLO DE INOVAÇÃO - INOVA - AOS CUIDADOS DE RHANNA (92) 99113-1456,(92) 36146237,95,IFAM 2022-007 - TELLESCOM.EMBRAPII - STIPARE_INOVA (11419-7/11420-0),Ana Carolina Góes Martins,Luiz Henrique Portela de Abreu,Registrado
,Conexão instantânea reta,10053 KQ2H08-02AS - CONEXAO INSTANTANEA RETA DE LATAO - PACOTE COM 10 836310,7.71,Av. Gov. Danilode Matos Areosa,,Distrito Industrial ,69075351,Manaus,Amazonas,POLO DE INOVAÇÃO - INOVA - AOS CUIDADOS DE RHANNA (92) 99113-1456,(92) 36146237,95,IFAM 2022-007 - TELLESCOM.EMBRAPII - STIPARE_INOVA (11419-7/11420-0),Ana Carolina Góes Martins,Luiz Henrique Portela de Abreu,Registrado
,Conexão instantânea reta,10053 KQ2H08-02AS - CONEXAO INSTANTANEA RETA DE LATAO - PACOTE COM 10 836310,7.71,Av. Gov. Danilode Matos Areosa,,Distrito Industrial ,69075351,Manaus,Amazonas,POLO DE INOVAÇÃO - INOVA - AOS CUIDADOS DE RHANNA (92) 99113-1456,(92) 36146237,95,IFAM 2022-007 - TELLESCOM.EMBRAPII - STIPARE_INOVA (11419-7/11420-0),Ana Carolina Góes Martins,Luiz Henrique Portela de Abreu,Registrado
,Conexão instantânea reta,10053 KQ2H08-02AS - CONEXAO INSTANTANEA RETA DE LATAO - PACOTE COM 10 836310,7.71,Av. Gov. Danilode Matos Areosa,,Distrito Industrial ,69075351,Manaus,Amazonas,POLO DE INOVAÇÃO - INOVA - AOS CUIDADOS DE RHANNA (92) 99113-1456,(92) 36146237,95,IFAM 2022-007 - TELLESCOM.EMBRAPII - STIPARE_INOVA (11419-7/11420-0),Ana Carolina Góes Martins,Luiz Henrique Portela de Abreu,Registrado
,Conexão instantânea reta,"22630 KQ2H06-02AS1 - CONEXAO INSTANTANEA
RETA DE LATAO - PACOTE COM 10 1081519",6.8,Av. Gov. Danilode Matos Areosa,,Distrito Industrial ,69075351,Manaus,Amazonas,POLO DE INOVAÇÃO - INOVA - AOS CUIDADOS DE RHANNA (92) 99113-1456,(92) 36146237,95,IFAM 2022-007 - TELLESCOM.EMBRAPII - STIPARE_INOVA (11419-7/11420-0),Ana Carolina Góes Martins,Luiz Henrique Portela de Abreu,Registrado
,Conexão instantânea reta,"22630 KQ2H06-02AS1 - CONEXAO INSTANTANEA
RETA DE LATAO - PACOTE COM 10 1081519",6.8,Av. Gov. Danilode Matos Areosa,,Distrito Industrial ,69075351,Manaus,Amazonas,POLO DE INOVAÇÃO - INOVA - AOS CUIDADOS DE RHANNA (92) 99113-1456,(92) 36146237,95,IFAM 2022-007 - TELLESCOM.EMBRAPII - STIPARE_INOVA (11419-7/11420-0),Ana Carolina Góes Martins,Luiz Henrique Portela de Abreu,Registrado
,Conexão instantânea reta,"22630 KQ2H06-02AS1 - CONEXAO INSTANTANEA
RETA DE LATAO - PACOTE COM 10 1081519",6.8,Av. Gov. Danilode Matos Areosa,,Distrito Industrial ,69075351,Manaus,Amazonas,POLO DE INOVAÇÃO - INOVA - AOS CUIDADOS DE RHANNA (92) 99113-1456,(92) 36146237,95,IFAM 2022-007 - TELLESCOM.EMBRAPII - STIPARE_INOVA (11419-7/11420-0),Ana Carolina Góes Martins,Luiz Henrique Portela de Abreu,Registrado
,Conexão instantânea reta,"22630 KQ2H06-02AS1 - CONEXAO INSTANTANEA
RETA DE LATAO - PACOTE COM 10 1081519",6.8,Av. Gov. Danilode Matos Areosa,,Distrito Industrial ,69075351,Manaus,Amazonas,POLO DE INOVAÇÃO - INOVA - AOS CUIDADOS DE RHANNA (92) 99113-1456,(92) 36146237,95,IFAM 2022-007 - TELLESCOM.EMBRAPII - STIPARE_INOVA (11419-7/11420-0),Ana Carolina Góes Martins,Luiz Henrique Portela de Abreu,Registrado
,Conexão instantânea reta,"22630 KQ2H06-02AS1 - CONEXAO INSTANTANEA
RETA DE LATAO - PACOTE COM 10 1081519",6.8,Av. Gov. Danilode Matos Areosa,,Distrito Industrial ,69075351,Manaus,Amazonas,POLO DE INOVAÇÃO - INOVA - AOS CUIDADOS DE RHANNA (92) 99113-1456,(92) 36146237,95,IFAM 2022-007 - TELLESCOM.EMBRAPII - STIPARE_INOVA (11419-7/11420-0),Ana Carolina Góes Martins,Luiz Henrique Portela de Abreu,Registrado
,Conexão instantânea reta,"22630 KQ2H06-02AS1 - CONEXAO INSTANTANEA
RETA DE LATAO - PACOTE COM 10 1081519",6.8,Av. Gov. Danilode Matos Areosa,,Distrito Industrial ,69075351,Manaus,Amazonas,POLO DE INOVAÇÃO - INOVA - AOS CUIDADOS DE RHANNA (92) 99113-1456,(92) 36146237,95,IFAM 2022-007 - TELLESCOM.EMBRAPII - STIPARE_INOVA (11419-7/11420-0),Ana Carolina Góes Martins,Luiz Henrique Portela de Abreu,Registrado
,Conexão instantânea reta,"22630 KQ2H06-02AS1 - CONEXAO INSTANTANEA
RETA DE LATAO - PACOTE COM 10 1081519",6.8,Av. Gov. Danilode Matos Areosa,,Distrito Industrial ,69075351,Manaus,Amazonas,POLO DE INOVAÇÃO - INOVA - AOS CUIDADOS DE RHANNA (92) 99113-1456,(92) 36146237,95,IFAM 2022-007 - TELLESCOM.EMBRAPII - STIPARE_INOVA (11419-7/11420-0),Ana Carolina Góes Martins,Luiz Henrique Portela de Abreu,Registrado
,Conexão instantânea reta,"22630 KQ2H06-02AS1 - CONEXAO INSTANTANEA
RETA DE LATAO - PACOTE COM 10 1081519",6.8,Av. Gov. Danilode Matos Areosa,,Distrito Industrial ,69075351,Manaus,Amazonas,POLO DE INOVAÇÃO - INOVA - AOS CUIDADOS DE RHANNA (92) 99113-1456,(92) 36146237,95,IFAM 2022-007 - TELLESCOM.EMBRAPII - STIPARE_INOVA (11419-7/11420-0),Ana Carolina Góes Martins,Luiz Henrique Portela de Abreu,Registrado
,Conexão instantânea reta,"22630 KQ2H06-02AS1 - CONEXAO INSTANTANEA
RETA DE LATAO - PACOTE COM 10 1081519",6.8,Av. Gov. Danilode Matos Areosa,,Distrito Industrial ,69075351,Manaus,Amazonas,POLO DE INOVAÇÃO - INOVA - AOS CUIDADOS DE RHANNA (92) 99113-1456,(92) 36146237,95,IFAM 2022-007 - TELLESCOM.EMBRAPII - STIPARE_INOVA (11419-7/11420-0),Ana Carolina Góes Martins,Luiz Henrique Portela de Abreu,Registrado
,Conexão instantânea reta,"22630 KQ2H06-02AS1 - CONEXAO INSTANTANEA
RETA DE LATAO - PACOTE COM 10 1081519",6.8,Av. Gov. Danilode Matos Areosa,,Distrito Industrial ,69075351,Manaus,Amazonas,POLO DE INOVAÇÃO - INOVA - AOS CUIDADOS DE RHANNA (92) 99113-1456,(92) 36146237,95,IFAM 2022-007 - TELLESCOM.EMBRAPII - STIPARE_INOVA (11419-7/11420-0),Ana Carolina Góes Martins,Luiz Henrique Portela de Abreu,Registrado
,Conexão instantânea reta,"22630 KQ2H06-02AS1 - CONEXAO INSTANTANEA
RETA DE LATAO - PACOTE COM 10 1081519",6.8,Av. Gov. Danilode Matos Areosa,,Distrito Industrial ,69075351,Manaus,Amazonas,POLO DE INOVAÇÃO - INOVA - AOS CUIDADOS DE RHANNA (92) 99113-1456,(92) 36146237,95,IFAM 2022-007 - TELLESCOM.EMBRAPII - STIPARE_INOVA (11419-7/11420-0),Ana Carolina Góes Martins,Luiz Henrique Portela de Abreu,Registrado
,Conexão instantânea reta,"22630 KQ2H06-02AS1 - CONEXAO INSTANTANEA
RETA DE LATAO - PACOTE COM 10 1081519",6.8,Av. Gov. Danilode Matos Areosa,,Distrito Industrial ,69075351,Manaus,Amazonas,POLO DE INOVAÇÃO - INOVA - AOS CUIDADOS DE RHANNA (92) 99113-1456,(92) 36146237,95,IFAM 2022-007 - TELLESCOM.EMBRAPII - STIPARE_INOVA (11419-7/11420-0),Ana Carolina Góes Martins,Luiz Henrique Portela de Abreu,Registrado
,Conexão instantânea reta,"22630 KQ2H06-02AS1 - CONEXAO INSTANTANEA
RETA DE LATAO - PACOTE COM 10 1081519",6.8,Av. Gov. Danilode Matos Areosa,,Distrito Industrial ,69075351,Manaus,Amazonas,POLO DE INOVAÇÃO - INOVA - AOS CUIDADOS DE RHANNA (92) 99113-1456,(92) 36146237,95,IFAM 2022-007 - TELLESCOM.EMBRAPII - STIPARE_INOVA (11419-7/11420-0),Ana Carolina Góes Martins,Luiz Henrique Portela de Abreu,Registrado
,Conexão instantânea reta,"22630 KQ2H06-02AS1 - CONEXAO INSTANTANEA
RETA DE LATAO - PACOTE COM 10 1081519",6.8,Av. Gov. Danilode Matos Areosa,,Distrito Industrial ,69075351,Manaus,Amazonas,POLO DE INOVAÇÃO - INOVA - AOS CUIDADOS DE RHANNA (92) 99113-1456,(92) 36146237,95,IFAM 2022-007 - TELLESCOM.EMBRAPII - STIPARE_INOVA (11419-7/11420-0),Ana Carolina Góes Martins,Luiz Henrique Portela de Abreu,Registrado
,Conexão instantânea reta,"22630 KQ2H06-02AS1 - CONEXAO INSTANTANEA
RETA DE LATAO - PACOTE COM 10 1081519",6.8,Av. Gov. Danilode Matos Areosa,,Distrito Industrial ,69075351,Manaus,Amazonas,POLO DE INOVAÇÃO - INOVA - AOS CUIDADOS DE RHANNA (92) 99113-1456,(92) 36146237,95,IFAM 2022-007 - TELLESCOM.EMBRAPII - STIPARE_INOVA (11419-7/11420-0),Ana Carolina Góes Martins,Luiz Henrique Portela de Abreu,Registrado
,Conexão instantânea reta,"22630 KQ2H06-02AS1 - CONEXAO INSTANTANEA
RETA DE LATAO - PACOTE COM 10 1081519",6.8,Av. Gov. Danilode Matos Areosa,,Distrito Industrial ,69075351,Manaus,Amazonas,POLO DE INOVAÇÃO - INOVA - AOS CUIDADOS DE RHANNA (92) 99113-1456,(92) 36146237,95,IFAM 2022-007 - TELLESCOM.EMBRAPII - STIPARE_INOVA (11419-7/11420-0),Ana Carolina Góes Martins,Luiz Henrique Portela de Abreu,Registrado
,Cortina de Segurança,"Cortina de Segurança
(Transmissor e Receptor)
Tam. 14 40mm Res.
Diam: 25mm",11000.0,Av. Gov. Danilo de Matos Areosa,,Distrito Industrial ,69075351,Manaus,Amazonas,,,95,IFAM 2022-007 - TELLESCOM.EMBRAPII - STIPARE_INOVA (11419-7/11420-0),Ana Carolina Góes Martins,Luiz Henrique Portela de Abreu,Registrado
,Monitor Touch Screen,Monitor Touch Screen de 24” COM ENTRADA USB-C,2309.0,Avenida Borba,,Cachoeirinha,69065030,Manaus,Amazonas,,(92) 3346-8303,95,IFAM 2022-007 - TELLESCOM.EMBRAPII - STIPARE_INOVA (11419-7/11420-0),Ana Carolina Góes Martins,Luiz Henrique Portela de Abreu,Registrado
,Monitor Touch Screen,Monitor Touch Screen de 24” COM ENTRADA USB-C,2309.0,Avenida Borba,,Cachoeirinha,69065030,Manaus,Amazonas,,(92) 3346-8303,95,IFAM 2022-007 - TELLESCOM.EMBRAPII - STIPARE_INOVA (11419-7/11420-0),Ana Carolina Góes Martins,Luiz Henrique Portela de Abreu,Registrado
,Monitor Touch Screen,Monitor Touch Screen de 24” COM ENTRADA USB-C,2309.0,Avenida Borba,,Cachoeirinha,69065030,Manaus,Amazonas,,(92) 3346-8303,95,IFAM 2022-007 - TELLESCOM.EMBRAPII - STIPARE_INOVA (11419-7/11420-0),Ana Carolina Góes Martins,Luiz Henrique Portela de Abreu,Registrado
,CÂMERA DE ALTA VELOCIDADE PARA SISTEMA DE VISÃO,"CÂMERA DE ALTA VELOCIDADE PARA SISTEMA DE
VISÃO
Especificações para a câmera CA-200CX
Monocromática de alto desempenho
Colorida de alto desempenho
Tempo de Transferência: 11,7 ms
Pixels válidos: 1.600 x 1.200
Tamanho da Imagen: ½ Polegada ou equivalente
Obturador eletrônico: entre 1/15 e 1/50.000
Temperatura de trabalho: 0 a 40°C",26440.9,Av. Gov. Danilode Matos Areosa,Polo de Inovação / CTHM,Distrito Industrial ,69075351,Manaus,Amazonas,"A/C: Professor Coord. Luiz Henrique
Adm - Elienai",,95,IFAM 2022-007 - TELLESCOM.EMBRAPII - STIPARE_INOVA (11419-7/11420-0),Ana Carolina Góes Martins,Luiz Henrique Portela de Abreu,Registrado
,Lente ,"LENTE ALTA RESOLUÇÃO E BAIXA DISTORÇÃO, 8MM",4580.0,Av. Gov. Danilode Matos Areosa,Polo de Inovação / CTHM,Distrito Industrial ,69075351,Manaus,Amazonas,"A/C: Professor Coord. Luiz Henrique
Adm - Elienai",,95,IFAM 2022-007 - TELLESCOM.EMBRAPII - STIPARE_INOVA (11419-7/11420-0),Ana Carolina Góes Martins,Luiz Henrique Portela de Abreu,Registrado
,Leitor Óptico,"SR-X300W	LEITOR ÓPTICO DE CÓDIGO 1D E 2D COM FOCO AUTOMÁTICO DE ÁREA AMPLA DE 2,3 M PIXEL",32195.12,Avenida Borba,,Cachoeirinha,69065030,Manaus,Amazonas,,,95,IFAM 2022-007 - TELLESCOM.EMBRAPII - STIPARE_INOVA (11419-7/11420-0),Ana Carolina Góes Martins,Luiz Henrique Portela de Abreu,Registrado
,Mini Computador,"Processador
(14 Núcleos, 24MB, 1.60 GHz to 4.60 GHz, 35W)
Sistema operacional
Compatível com
memória 16GB ou superior)

Memória
16 GB DDR5 (2x8GB) 4800MT/s
Armazenamento
SSD de 512GB PCIe NVMe M.2 (Classe 35)
Teclado
Teclado Multimídia com fio KB216 - em Português
Mouse
Mouse Óptico com fio MS116 - Preto
Wireless
Placa de Rede local sem fio (WLAN) Intel AX211 taxa de transferência de até 2400 Mbps, Wi-Fi 6E
(802.11ax) 2x2 + Bluetooth 5.2 com Antena Interna
Portas de vídeo adicionais
Porta HDMI
Economia de Energia
Qualificado
EPEAT
Registro EPEAT 2018 (Ouro)
Chassi
Micro com CPU de 35W
Opções de monitoramento de sistemas
Produto Watchdog Timer
Portas USB
Porta USB 2.0
Porta USB 3.0
Porta USB - c


",5290.0,Avenida Borba,,Cachoeirinha,69065030,Manaus,Amazonas,,,95,IFAM 2022-007 - TELLESCOM.EMBRAPII - STIPARE_INOVA (11419-7/11420-0),Ana Carolina Góes Martins,Luiz Henrique Portela de Abreu,Registrado
,Mini Computador,"Processador
(14 Núcleos, 24MB, 1.60 GHz to 4.60 GHz, 35W)
Sistema operacional
Compatível com
memória 16GB ou superior)

Memória
16 GB DDR5 (2x8GB) 4800MT/s
Armazenamento
SSD de 512GB PCIe NVMe M.2 (Classe 35)
Teclado
Teclado Multimídia com fio KB216 - em Português
Mouse
Mouse Óptico com fio MS116 - Preto
Wireless
Placa de Rede local sem fio (WLAN) Intel AX211 taxa de transferência de até 2400 Mbps, Wi-Fi 6E
(802.11ax) 2x2 + Bluetooth 5.2 com Antena Interna
Portas de vídeo adicionais
Porta HDMI
Economia de Energia
Qualificado
EPEAT
Registro EPEAT 2018 (Ouro)
Chassi
Micro com CPU de 35W
Opções de monitoramento de sistemas
Produto Watchdog Timer
Portas USB
Porta USB 2.0
Porta USB 3.0
Porta USB - c


",5290.0,Avenida Borba,,Cachoeirinha,69065030,Manaus,Amazonas,,,95,IFAM 2022-007 - TELLESCOM.EMBRAPII - STIPARE_INOVA (11419-7/11420-0),Ana Carolina Góes Martins,Luiz Henrique Portela de Abreu,Registrado
,Mini Computador,"Processador
(14 Núcleos, 24MB, 1.60 GHz to 4.60 GHz, 35W)
Sistema operacional
Compatível com
memória 16GB ou superior)

Memória
16 GB DDR5 (2x8GB) 4800MT/s
Armazenamento
SSD de 512GB PCIe NVMe M.2 (Classe 35)
Teclado
Teclado Multimídia com fio KB216 - em Português
Mouse
Mouse Óptico com fio MS116 - Preto
Wireless
Placa de Rede local sem fio (WLAN) Intel AX211 taxa de transferência de até 2400 Mbps, Wi-Fi 6E
(802.11ax) 2x2 + Bluetooth 5.2 com Antena Interna
Portas de vídeo adicionais
Porta HDMI
Economia de Energia
Qualificado
EPEAT
Registro EPEAT 2018 (Ouro)
Chassi
Micro com CPU de 35W
Opções de monitoramento de sistemas
Produto Watchdog Timer
Portas USB
Porta USB 2.0
Porta USB 3.0
Porta USB - c


",5290.0,Avenida Borba,,Cachoeirinha,69065030,Manaus,Amazonas,,,95,IFAM 2022-007 - TELLESCOM.EMBRAPII - STIPARE_INOVA (11419-7/11420-0),Ana Carolina Góes Martins,Luiz Henrique Portela de Abreu,Registrado
,Fonte de alimentação,"FONTE DE ALIMENTAÇÃO
Tipo: Comutação
Estilo: Trilho DIN
Tensão de entrada AC: 85 a 264 V
Número de saídas: 1
Tensão de saída: 24 V
Corrente Máxima de Saída: 10 A
Potência Máxima de Saída: 240 W
Tipo de conector de entrada: Bloco Terminal
de Parafuso
Dimensões: 151 x 60 x 129,7 milímetros
",555.0,Avenida Borba,,Cachoeirinha,69065030,Manaus,Amazonas,,,95,IFAM 2022-007 - TELLESCOM.EMBRAPII - STIPARE_INOVA (11419-7/11420-0),Ana Carolina Góes Martins,Luiz Henrique Portela de Abreu,Registrado
,Fonte de alimentação,"FONTE DE ALIMENTAÇÃO
Tipo: Comutação
Estilo: Trilho DIN
Tensão de entrada AC: 85 a 264 V
Número de saídas: 1
Tensão de saída: 24 V
Corrente Máxima de Saída: 10 A
Potência Máxima de Saída: 240 W
Tipo de conector de entrada: Bloco Terminal
de Parafuso
Dimensões: 151 x 60 x 129,7 milímetros
",555.0,Avenida Borba,,Cachoeirinha,69065030,Manaus,Amazonas,,,95,IFAM 2022-007 - TELLESCOM.EMBRAPII - STIPARE_INOVA (11419-7/11420-0),Ana Carolina Góes Martins,Luiz Henrique Portela de Abreu,Registrado
,Fonte de alimentação,"FONTE DE ALIMENTAÇÃO
Tipo: Comutação
Estilo: Trilho DIN
Tensão de entrada AC: 85 a 264 V
Número de saídas: 1
Tensão de saída: 24 V
Corrente Máxima de Saída: 20 A
Potência Máxima de Saída: 480 W
Tipo de conector de entrada: Bloco Terminal
de Parafuso
Dimensão: 150 x 95 x 129,7 milímetros
",1098.0,Avenida Borba,,Cachoeirinha,69065030,Manaus,Amazonas,,,95,IFAM 2022-007 - TELLESCOM.EMBRAPII - STIPARE_INOVA (11419-7/11420-0),Ana Carolina Góes Martins,Luiz Henrique Portela de Abreu,Registrado
,Switch,"SWITCH 6X10/100BT TP20 GERENCIAVEL
NÚMERO DE PORTAS - 16
TENSÃO DE ENTRADA - 24 - 48 VDC
CORRENTE MÁXIMA - 0,6A",3274.0,Avenida Borba,,Cachoeirinha,69065030,Manaus,Amazonas,,,95,IFAM 2022-007 - TELLESCOM.EMBRAPII - STIPARE_INOVA (11419-7/11420-0),Ana Carolina Góes Martins,Luiz Henrique Portela de Abreu,Registrado
,Switch,"SWITCH 6X10/100BT TP20 GERENCIAVEL
NÚMERO DE PORTAS - 16
TENSÃO DE ENTRADA - 24 - 48 VDC
CORRENTE MÁXIMA - 0,6A",3274.0,Avenida Borba,,Cachoeirinha,69065030,Manaus,Amazonas,,,95,IFAM 2022-007 - TELLESCOM.EMBRAPII - STIPARE_INOVA (11419-7/11420-0),Ana Carolina Góes Martins,Luiz Henrique Portela de Abreu,Registrado
,Lente Autofoco,"Lente autofoco para IS7600
Foco automático para série In-Sight 7000 Gen2
Acessório de módulo de foco automático industrial com lente M12 de 8 mm
Resolução: 800x600 (SVGA)
Velocidade de aquisição: 102 fps
Proteção: classificação IP67 com tampa de lente
Conectores I/O's: 24 VDC, 4 entradas e 4 saídas, RS232
Conector de luz externa
",15790.8,Avenida Borba,,Cachoeirinha,69065030,Manaus,Amazonas,,,95,IFAM 2022-007 - TELLESCOM.EMBRAPII - STIPARE_INOVA (11419-7/11420-0),Ana Carolina Góes Martins,Luiz Henrique Portela de Abreu,Registrado
,Lente ,"Lente C-mount para 7600 4.5 milímetros 1/2” com protetor frontal
Comprimento Focal - 4,5mm
Formato Sensor - 1/2""
F-Stop - F1.2 - F16
FOV ( HxV ) - 56° x 43°
Montagem - C-Mount",8799.6,Avenida Borba,,Cachoeirinha,69065030,Manaus,Amazonas,,,95,IFAM 2022-007 - TELLESCOM.EMBRAPII - STIPARE_INOVA (11419-7/11420-0),Ana Carolina Góes Martins,Luiz Henrique Portela de Abreu,Registrado
,Lente ,"Lente C-mount para 7200 4.5 milímetros 1/2” com protetor
frontal
Comprimento Focal - 4,5mm
Formato Sensor - 1/2""
F-Stop - F1.2 - F16
FOV ( HxV ) - 56° x 43°
Montagem - C-Mount",9136.8,Avenida Borba,,Cachoeirinha,69065030,Manaus,Amazonas,,,95,IFAM 2022-007 - TELLESCOM.EMBRAPII - STIPARE_INOVA (11419-7/11420-0),Ana Carolina Góes Martins,Luiz Henrique Portela de Abreu,Registrado
,Parafusadeira ,"PARAFUSADEIRA/FURADEIRA IMPACTO BATEDOR 18V 2A

",1948.0,Avenida Borba,,Cachoeirinha,69065030,Manaus,Amazonas,,,95,IFAM 2022-007 - TELLESCOM.EMBRAPII - STIPARE_INOVA (11419-7/11420-0),Ana Carolina Góes Martins,Luiz Henrique Portela de Abreu,Registrado
